example_id,random_split,source_name
guatemala-volcano_00000000,val_random,train
guatemala-volcano_00000001,test_random,train
guatemala-volcano_00000002,train_random,train
guatemala-volcano_00000006,train_random,train
guatemala-volcano_00000007,val_random,train
guatemala-volcano_00000008,train_random,train
guatemala-volcano_00000010,test_random,train
guatemala-volcano_00000013,train_random,train
guatemala-volcano_00000015,test_random,train
guatemala-volcano_00000016,train_random,train
guatemala-volcano_00000017,val_random,train
guatemala-volcano_00000018,train_random,train
guatemala-volcano_00000019,test_random,train
guatemala-volcano_00000023,test_random,train
guatemala-volcano_00000024,train_random,train
guatemala-volcano_00000025,train_random,train
guatemala-volcano_00000026,train_random,train
guatemala-volcano_00000027,val_random,train
hurricane-florence_00000000,train_random,train
hurricane-florence_00000001,test_random,train
hurricane-florence_00000002,train_random,train
hurricane-florence_00000003,train_random,train
hurricane-florence_00000008,val_random,train
hurricane-florence_00000012,train_random,train
hurricane-florence_00000015,train_random,train
hurricane-florence_00000016,train_random,train
hurricane-florence_00000018,val_random,train
hurricane-florence_00000020,train_random,train
hurricane-florence_00000022,val_random,train
hurricane-florence_00000023,train_random,train
hurricane-florence_00000024,val_random,train
hurricane-florence_00000026,train_random,train
hurricane-florence_00000027,test_random,train
hurricane-florence_00000028,val_random,train
hurricane-florence_00000030,train_random,train
hurricane-florence_00000031,val_random,train
hurricane-florence_00000032,train_random,train
hurricane-florence_00000036,test_random,train
hurricane-florence_00000037,train_random,train
hurricane-florence_00000042,train_random,train
hurricane-florence_00000043,train_random,train
hurricane-florence_00000044,train_random,train
hurricane-florence_00000045,train_random,train
hurricane-florence_00000048,train_random,train
hurricane-florence_00000049,test_random,train
hurricane-florence_00000051,train_random,train
hurricane-florence_00000053,train_random,train
hurricane-florence_00000054,val_random,train
hurricane-florence_00000055,train_random,train
hurricane-florence_00000057,train_random,train
hurricane-florence_00000058,val_random,train
hurricane-florence_00000059,val_random,train
hurricane-florence_00000060,train_random,train
hurricane-florence_00000061,train_random,train
hurricane-florence_00000062,train_random,train
hurricane-florence_00000063,train_random,train
hurricane-florence_00000064,val_random,train
hurricane-florence_00000065,train_random,train
hurricane-florence_00000066,train_random,train
hurricane-florence_00000067,train_random,train
hurricane-florence_00000069,train_random,train
hurricane-florence_00000070,train_random,train
hurricane-florence_00000072,train_random,train
hurricane-florence_00000073,val_random,train
hurricane-florence_00000075,train_random,train
hurricane-florence_00000078,train_random,train
hurricane-florence_00000079,val_random,train
hurricane-florence_00000080,test_random,train
hurricane-florence_00000083,train_random,train
hurricane-florence_00000084,test_random,train
hurricane-florence_00000085,train_random,train
hurricane-florence_00000086,val_random,train
hurricane-florence_00000088,train_random,train
hurricane-florence_00000091,train_random,train
hurricane-florence_00000093,test_random,train
hurricane-florence_00000094,train_random,train
hurricane-florence_00000096,val_random,train
hurricane-florence_00000099,test_random,train
hurricane-florence_00000100,train_random,train
hurricane-florence_00000101,train_random,train
hurricane-florence_00000102,train_random,train
hurricane-florence_00000103,train_random,train
hurricane-florence_00000104,train_random,train
hurricane-florence_00000106,train_random,train
hurricane-florence_00000110,train_random,train
hurricane-florence_00000111,test_random,train
hurricane-florence_00000114,val_random,train
hurricane-florence_00000115,train_random,train
hurricane-florence_00000118,train_random,train
hurricane-florence_00000120,train_random,train
hurricane-florence_00000122,train_random,train
hurricane-florence_00000123,train_random,train
hurricane-florence_00000126,train_random,train
hurricane-florence_00000132,test_random,train
hurricane-florence_00000136,train_random,train
hurricane-florence_00000138,train_random,train
hurricane-florence_00000139,test_random,train
hurricane-florence_00000140,train_random,train
hurricane-florence_00000142,test_random,train
hurricane-florence_00000144,val_random,train
hurricane-florence_00000146,train_random,train
hurricane-florence_00000147,train_random,train
hurricane-florence_00000148,train_random,train
hurricane-florence_00000149,test_random,train
hurricane-florence_00000151,train_random,train
hurricane-florence_00000153,train_random,train
hurricane-florence_00000156,train_random,train
hurricane-florence_00000158,train_random,train
hurricane-florence_00000159,train_random,train
hurricane-florence_00000163,train_random,train
hurricane-florence_00000164,val_random,train
hurricane-florence_00000165,val_random,train
hurricane-florence_00000166,train_random,train
hurricane-florence_00000168,train_random,train
hurricane-florence_00000174,train_random,train
hurricane-florence_00000178,train_random,train
hurricane-florence_00000180,train_random,train
hurricane-florence_00000181,val_random,train
hurricane-florence_00000183,train_random,train
hurricane-florence_00000185,test_random,train
hurricane-florence_00000188,val_random,train
hurricane-florence_00000189,val_random,train
hurricane-florence_00000190,val_random,train
hurricane-florence_00000191,train_random,train
hurricane-florence_00000192,train_random,train
hurricane-florence_00000193,train_random,train
hurricane-florence_00000194,train_random,train
hurricane-florence_00000195,train_random,train
hurricane-florence_00000199,test_random,train
hurricane-florence_00000203,train_random,train
hurricane-florence_00000210,train_random,train
hurricane-florence_00000212,train_random,train
hurricane-florence_00000216,train_random,train
hurricane-florence_00000217,val_random,train
hurricane-florence_00000218,train_random,train
hurricane-florence_00000219,train_random,train
hurricane-florence_00000221,train_random,train
hurricane-florence_00000222,test_random,train
hurricane-florence_00000224,train_random,train
hurricane-florence_00000226,val_random,train
hurricane-florence_00000229,train_random,train
hurricane-florence_00000231,train_random,train
hurricane-florence_00000232,test_random,train
hurricane-florence_00000233,train_random,train
hurricane-florence_00000237,test_random,train
hurricane-florence_00000242,train_random,train
hurricane-florence_00000244,train_random,train
hurricane-florence_00000245,train_random,train
hurricane-florence_00000247,train_random,train
hurricane-florence_00000251,test_random,train
hurricane-florence_00000252,train_random,train
hurricane-florence_00000255,test_random,train
hurricane-florence_00000256,train_random,train
hurricane-florence_00000259,train_random,train
hurricane-florence_00000260,train_random,train
hurricane-florence_00000263,train_random,train
hurricane-florence_00000264,train_random,train
hurricane-florence_00000266,train_random,train
hurricane-florence_00000269,train_random,train
hurricane-florence_00000272,train_random,train
hurricane-florence_00000273,train_random,train
hurricane-florence_00000274,train_random,train
hurricane-florence_00000275,train_random,train
hurricane-florence_00000277,train_random,train
hurricane-florence_00000278,train_random,train
hurricane-florence_00000279,train_random,train
hurricane-florence_00000282,train_random,train
hurricane-florence_00000284,test_random,train
hurricane-florence_00000285,train_random,train
hurricane-florence_00000289,test_random,train
hurricane-florence_00000290,train_random,train
hurricane-florence_00000293,val_random,train
hurricane-florence_00000296,train_random,train
hurricane-florence_00000297,train_random,train
hurricane-florence_00000298,train_random,train
hurricane-florence_00000300,train_random,train
hurricane-florence_00000302,train_random,train
hurricane-florence_00000303,train_random,train
hurricane-florence_00000304,test_random,train
hurricane-florence_00000306,train_random,train
hurricane-florence_00000308,train_random,train
hurricane-florence_00000309,test_random,train
hurricane-florence_00000310,train_random,train
hurricane-florence_00000312,train_random,train
hurricane-florence_00000313,train_random,train
hurricane-florence_00000314,val_random,train
hurricane-florence_00000315,train_random,train
hurricane-florence_00000316,train_random,train
hurricane-florence_00000319,test_random,train
hurricane-florence_00000320,train_random,train
hurricane-florence_00000324,val_random,train
hurricane-florence_00000325,test_random,train
hurricane-florence_00000328,val_random,train
hurricane-florence_00000329,val_random,train
hurricane-florence_00000330,val_random,train
hurricane-florence_00000331,val_random,train
hurricane-florence_00000332,train_random,train
hurricane-florence_00000333,train_random,train
hurricane-florence_00000334,train_random,train
hurricane-florence_00000335,train_random,train
hurricane-florence_00000336,train_random,train
hurricane-florence_00000337,train_random,train
hurricane-florence_00000338,test_random,train
hurricane-florence_00000340,train_random,train
hurricane-florence_00000341,val_random,train
hurricane-florence_00000344,val_random,train
hurricane-florence_00000345,train_random,train
hurricane-florence_00000346,test_random,train
hurricane-florence_00000347,train_random,train
hurricane-florence_00000349,train_random,train
hurricane-florence_00000350,test_random,train
hurricane-florence_00000353,train_random,train
hurricane-florence_00000355,train_random,train
hurricane-florence_00000356,train_random,train
hurricane-florence_00000357,train_random,train
hurricane-florence_00000359,train_random,train
hurricane-florence_00000360,val_random,train
hurricane-florence_00000361,train_random,train
hurricane-florence_00000362,train_random,train
hurricane-florence_00000365,train_random,train
hurricane-florence_00000366,train_random,train
hurricane-florence_00000368,train_random,train
hurricane-florence_00000369,train_random,train
hurricane-florence_00000370,train_random,train
hurricane-florence_00000371,train_random,train
hurricane-florence_00000372,train_random,train
hurricane-florence_00000374,train_random,train
hurricane-florence_00000376,train_random,train
hurricane-florence_00000379,train_random,train
hurricane-florence_00000380,train_random,train
hurricane-florence_00000381,train_random,train
hurricane-florence_00000382,train_random,train
hurricane-florence_00000387,train_random,train
hurricane-florence_00000388,train_random,train
hurricane-florence_00000389,test_random,train
hurricane-florence_00000390,train_random,train
hurricane-florence_00000392,train_random,train
hurricane-florence_00000393,val_random,train
hurricane-florence_00000394,train_random,train
hurricane-florence_00000395,train_random,train
hurricane-florence_00000397,train_random,train
hurricane-florence_00000398,train_random,train
hurricane-florence_00000399,train_random,train
hurricane-florence_00000401,train_random,train
hurricane-florence_00000403,train_random,train
hurricane-florence_00000404,train_random,train
hurricane-florence_00000405,train_random,train
hurricane-florence_00000406,train_random,train
hurricane-florence_00000407,train_random,train
hurricane-florence_00000408,val_random,train
hurricane-florence_00000409,test_random,train
hurricane-florence_00000410,train_random,train
hurricane-florence_00000411,train_random,train
hurricane-florence_00000414,test_random,train
hurricane-florence_00000416,val_random,train
hurricane-florence_00000418,train_random,train
hurricane-florence_00000419,val_random,train
hurricane-florence_00000420,train_random,train
hurricane-florence_00000423,train_random,train
hurricane-florence_00000424,train_random,train
hurricane-florence_00000425,train_random,train
hurricane-florence_00000426,test_random,train
hurricane-florence_00000427,test_random,train
hurricane-florence_00000428,val_random,train
hurricane-florence_00000431,train_random,train
hurricane-florence_00000433,test_random,train
hurricane-florence_00000435,val_random,train
hurricane-florence_00000436,train_random,train
hurricane-florence_00000437,val_random,train
hurricane-florence_00000438,train_random,train
hurricane-florence_00000441,val_random,train
hurricane-florence_00000442,train_random,train
hurricane-florence_00000443,val_random,train
hurricane-florence_00000444,train_random,train
hurricane-florence_00000445,train_random,train
hurricane-florence_00000446,train_random,train
hurricane-florence_00000449,train_random,train
hurricane-florence_00000450,train_random,train
hurricane-florence_00000451,train_random,train
hurricane-florence_00000452,train_random,train
hurricane-florence_00000453,test_random,train
hurricane-florence_00000454,train_random,train
hurricane-florence_00000455,train_random,train
hurricane-florence_00000457,train_random,train
hurricane-florence_00000459,train_random,train
hurricane-florence_00000460,train_random,train
hurricane-florence_00000461,train_random,train
hurricane-florence_00000462,train_random,train
hurricane-florence_00000464,train_random,train
hurricane-florence_00000467,train_random,train
hurricane-florence_00000469,train_random,train
hurricane-florence_00000470,train_random,train
hurricane-florence_00000472,train_random,train
hurricane-florence_00000473,train_random,train
hurricane-florence_00000474,train_random,train
hurricane-florence_00000475,train_random,train
hurricane-florence_00000476,train_random,train
hurricane-florence_00000477,val_random,train
hurricane-florence_00000478,test_random,train
hurricane-florence_00000481,train_random,train
hurricane-florence_00000482,train_random,train
hurricane-florence_00000484,train_random,train
hurricane-florence_00000485,train_random,train
hurricane-florence_00000486,train_random,train
hurricane-florence_00000490,test_random,train
hurricane-florence_00000492,val_random,train
hurricane-florence_00000493,train_random,train
hurricane-florence_00000494,train_random,train
hurricane-florence_00000496,train_random,train
hurricane-florence_00000497,test_random,train
hurricane-florence_00000498,train_random,train
hurricane-florence_00000500,test_random,train
hurricane-florence_00000501,train_random,train
hurricane-florence_00000503,val_random,train
hurricane-florence_00000504,train_random,train
hurricane-florence_00000506,train_random,train
hurricane-florence_00000508,train_random,train
hurricane-florence_00000510,test_random,train
hurricane-florence_00000512,test_random,train
hurricane-florence_00000513,test_random,train
hurricane-florence_00000514,test_random,train
hurricane-florence_00000515,train_random,train
hurricane-florence_00000516,train_random,train
hurricane-florence_00000517,train_random,train
hurricane-florence_00000522,val_random,train
hurricane-florence_00000523,train_random,train
hurricane-florence_00000526,train_random,train
hurricane-florence_00000527,train_random,train
hurricane-florence_00000529,train_random,train
hurricane-florence_00000531,train_random,train
hurricane-florence_00000533,train_random,train
hurricane-florence_00000536,train_random,train
hurricane-florence_00000537,train_random,train
hurricane-florence_00000538,train_random,train
hurricane-florence_00000540,train_random,train
hurricane-florence_00000542,train_random,train
hurricane-florence_00000545,train_random,train
hurricane-harvey_00000000,train_random,train
hurricane-harvey_00000001,train_random,train
hurricane-harvey_00000002,train_random,train
hurricane-harvey_00000006,train_random,train
hurricane-harvey_00000007,train_random,train
hurricane-harvey_00000008,train_random,train
hurricane-harvey_00000009,train_random,train
hurricane-harvey_00000010,train_random,train
hurricane-harvey_00000012,test_random,train
hurricane-harvey_00000015,train_random,train
hurricane-harvey_00000016,test_random,train
hurricane-harvey_00000017,train_random,train
hurricane-harvey_00000019,test_random,train
hurricane-harvey_00000020,train_random,train
hurricane-harvey_00000022,train_random,train
hurricane-harvey_00000024,train_random,train
hurricane-harvey_00000025,train_random,train
hurricane-harvey_00000026,train_random,train
hurricane-harvey_00000028,train_random,train
hurricane-harvey_00000029,test_random,train
hurricane-harvey_00000030,train_random,train
hurricane-harvey_00000035,val_random,train
hurricane-harvey_00000039,train_random,train
hurricane-harvey_00000040,test_random,train
hurricane-harvey_00000041,train_random,train
hurricane-harvey_00000042,train_random,train
hurricane-harvey_00000043,train_random,train
hurricane-harvey_00000045,train_random,train
hurricane-harvey_00000046,train_random,train
hurricane-harvey_00000047,train_random,train
hurricane-harvey_00000048,train_random,train
hurricane-harvey_00000049,train_random,train
hurricane-harvey_00000051,val_random,train
hurricane-harvey_00000052,train_random,train
hurricane-harvey_00000053,train_random,train
hurricane-harvey_00000054,train_random,train
hurricane-harvey_00000055,train_random,train
hurricane-harvey_00000056,train_random,train
hurricane-harvey_00000057,val_random,train
hurricane-harvey_00000059,train_random,train
hurricane-harvey_00000060,val_random,train
hurricane-harvey_00000061,train_random,train
hurricane-harvey_00000066,val_random,train
hurricane-harvey_00000069,train_random,train
hurricane-harvey_00000070,val_random,train
hurricane-harvey_00000071,train_random,train
hurricane-harvey_00000072,train_random,train
hurricane-harvey_00000073,train_random,train
hurricane-harvey_00000075,train_random,train
hurricane-harvey_00000076,train_random,train
hurricane-harvey_00000077,train_random,train
hurricane-harvey_00000079,train_random,train
hurricane-harvey_00000080,train_random,train
hurricane-harvey_00000081,val_random,train
hurricane-harvey_00000082,train_random,train
hurricane-harvey_00000084,train_random,train
hurricane-harvey_00000085,val_random,train
hurricane-harvey_00000088,train_random,train
hurricane-harvey_00000089,train_random,train
hurricane-harvey_00000090,train_random,train
hurricane-harvey_00000091,train_random,train
hurricane-harvey_00000092,train_random,train
hurricane-harvey_00000094,train_random,train
hurricane-harvey_00000098,train_random,train
hurricane-harvey_00000099,train_random,train
hurricane-harvey_00000100,val_random,train
hurricane-harvey_00000101,train_random,train
hurricane-harvey_00000104,train_random,train
hurricane-harvey_00000107,train_random,train
hurricane-harvey_00000108,train_random,train
hurricane-harvey_00000109,train_random,train
hurricane-harvey_00000111,train_random,train
hurricane-harvey_00000113,train_random,train
hurricane-harvey_00000114,test_random,train
hurricane-harvey_00000115,train_random,train
hurricane-harvey_00000116,test_random,train
hurricane-harvey_00000118,test_random,train
hurricane-harvey_00000119,train_random,train
hurricane-harvey_00000123,train_random,train
hurricane-harvey_00000126,train_random,train
hurricane-harvey_00000128,val_random,train
hurricane-harvey_00000129,train_random,train
hurricane-harvey_00000130,train_random,train
hurricane-harvey_00000132,train_random,train
hurricane-harvey_00000134,val_random,train
hurricane-harvey_00000136,train_random,train
hurricane-harvey_00000137,train_random,train
hurricane-harvey_00000138,val_random,train
hurricane-harvey_00000141,train_random,train
hurricane-harvey_00000142,test_random,train
hurricane-harvey_00000144,train_random,train
hurricane-harvey_00000145,train_random,train
hurricane-harvey_00000146,train_random,train
hurricane-harvey_00000147,val_random,train
hurricane-harvey_00000151,train_random,train
hurricane-harvey_00000152,val_random,train
hurricane-harvey_00000153,train_random,train
hurricane-harvey_00000154,test_random,train
hurricane-harvey_00000156,train_random,train
hurricane-harvey_00000157,train_random,train
hurricane-harvey_00000158,train_random,train
hurricane-harvey_00000159,train_random,train
hurricane-harvey_00000160,train_random,train
hurricane-harvey_00000165,train_random,train
hurricane-harvey_00000167,val_random,train
hurricane-harvey_00000168,train_random,train
hurricane-harvey_00000169,test_random,train
hurricane-harvey_00000170,val_random,train
hurricane-harvey_00000171,train_random,train
hurricane-harvey_00000172,test_random,train
hurricane-harvey_00000174,test_random,train
hurricane-harvey_00000176,train_random,train
hurricane-harvey_00000177,train_random,train
hurricane-harvey_00000178,train_random,train
hurricane-harvey_00000180,val_random,train
hurricane-harvey_00000187,test_random,train
hurricane-harvey_00000189,train_random,train
hurricane-harvey_00000194,train_random,train
hurricane-harvey_00000195,val_random,train
hurricane-harvey_00000196,train_random,train
hurricane-harvey_00000197,val_random,train
hurricane-harvey_00000200,train_random,train
hurricane-harvey_00000203,train_random,train
hurricane-harvey_00000204,train_random,train
hurricane-harvey_00000205,train_random,train
hurricane-harvey_00000206,test_random,train
hurricane-harvey_00000207,val_random,train
hurricane-harvey_00000208,train_random,train
hurricane-harvey_00000210,val_random,train
hurricane-harvey_00000212,train_random,train
hurricane-harvey_00000213,test_random,train
hurricane-harvey_00000214,train_random,train
hurricane-harvey_00000216,train_random,train
hurricane-harvey_00000217,test_random,train
hurricane-harvey_00000218,train_random,train
hurricane-harvey_00000220,test_random,train
hurricane-harvey_00000221,train_random,train
hurricane-harvey_00000222,train_random,train
hurricane-harvey_00000224,val_random,train
hurricane-harvey_00000226,train_random,train
hurricane-harvey_00000228,train_random,train
hurricane-harvey_00000231,test_random,train
hurricane-harvey_00000232,train_random,train
hurricane-harvey_00000233,train_random,train
hurricane-harvey_00000235,train_random,train
hurricane-harvey_00000237,train_random,train
hurricane-harvey_00000238,train_random,train
hurricane-harvey_00000239,train_random,train
hurricane-harvey_00000241,train_random,train
hurricane-harvey_00000242,train_random,train
hurricane-harvey_00000243,test_random,train
hurricane-harvey_00000244,train_random,train
hurricane-harvey_00000245,train_random,train
hurricane-harvey_00000248,train_random,train
hurricane-harvey_00000249,train_random,train
hurricane-harvey_00000251,test_random,train
hurricane-harvey_00000255,train_random,train
hurricane-harvey_00000257,train_random,train
hurricane-harvey_00000258,train_random,train
hurricane-harvey_00000260,train_random,train
hurricane-harvey_00000261,val_random,train
hurricane-harvey_00000262,train_random,train
hurricane-harvey_00000264,train_random,train
hurricane-harvey_00000265,train_random,train
hurricane-harvey_00000266,test_random,train
hurricane-harvey_00000267,train_random,train
hurricane-harvey_00000268,train_random,train
hurricane-harvey_00000269,train_random,train
hurricane-harvey_00000270,train_random,train
hurricane-harvey_00000271,train_random,train
hurricane-harvey_00000272,test_random,train
hurricane-harvey_00000273,train_random,train
hurricane-harvey_00000274,train_random,train
hurricane-harvey_00000275,val_random,train
hurricane-harvey_00000277,train_random,train
hurricane-harvey_00000278,train_random,train
hurricane-harvey_00000280,test_random,train
hurricane-harvey_00000281,val_random,train
hurricane-harvey_00000284,val_random,train
hurricane-harvey_00000285,train_random,train
hurricane-harvey_00000286,train_random,train
hurricane-harvey_00000288,train_random,train
hurricane-harvey_00000289,train_random,train
hurricane-harvey_00000291,train_random,train
hurricane-harvey_00000292,train_random,train
hurricane-harvey_00000299,train_random,train
hurricane-harvey_00000300,test_random,train
hurricane-harvey_00000302,train_random,train
hurricane-harvey_00000307,train_random,train
hurricane-harvey_00000309,train_random,train
hurricane-harvey_00000312,train_random,train
hurricane-harvey_00000313,test_random,train
hurricane-harvey_00000315,train_random,train
hurricane-harvey_00000316,train_random,train
hurricane-harvey_00000317,train_random,train
hurricane-harvey_00000318,train_random,train
hurricane-harvey_00000319,train_random,train
hurricane-harvey_00000320,train_random,train
hurricane-harvey_00000323,test_random,train
hurricane-harvey_00000325,val_random,train
hurricane-harvey_00000327,train_random,train
hurricane-harvey_00000329,train_random,train
hurricane-harvey_00000330,val_random,train
hurricane-harvey_00000332,val_random,train
hurricane-harvey_00000333,train_random,train
hurricane-harvey_00000335,test_random,train
hurricane-harvey_00000336,test_random,train
hurricane-harvey_00000337,train_random,train
hurricane-harvey_00000338,train_random,train
hurricane-harvey_00000344,train_random,train
hurricane-harvey_00000345,train_random,train
hurricane-harvey_00000346,val_random,train
hurricane-harvey_00000347,train_random,train
hurricane-harvey_00000348,test_random,train
hurricane-harvey_00000351,train_random,train
hurricane-harvey_00000354,train_random,train
hurricane-harvey_00000356,train_random,train
hurricane-harvey_00000357,test_random,train
hurricane-harvey_00000358,val_random,train
hurricane-harvey_00000361,train_random,train
hurricane-harvey_00000365,train_random,train
hurricane-harvey_00000366,train_random,train
hurricane-harvey_00000367,val_random,train
hurricane-harvey_00000369,train_random,train
hurricane-harvey_00000373,train_random,train
hurricane-harvey_00000374,train_random,train
hurricane-harvey_00000375,train_random,train
hurricane-harvey_00000379,train_random,train
hurricane-harvey_00000380,train_random,train
hurricane-harvey_00000381,test_random,train
hurricane-harvey_00000382,train_random,train
hurricane-harvey_00000384,train_random,train
hurricane-harvey_00000387,test_random,train
hurricane-harvey_00000388,train_random,train
hurricane-harvey_00000389,val_random,train
hurricane-harvey_00000391,train_random,train
hurricane-harvey_00000392,train_random,train
hurricane-harvey_00000393,train_random,train
hurricane-harvey_00000396,train_random,train
hurricane-harvey_00000397,train_random,train
hurricane-harvey_00000398,test_random,train
hurricane-harvey_00000400,train_random,train
hurricane-harvey_00000402,train_random,train
hurricane-harvey_00000406,train_random,train
hurricane-harvey_00000408,train_random,train
hurricane-harvey_00000410,train_random,train
hurricane-harvey_00000411,val_random,train
hurricane-harvey_00000412,train_random,train
hurricane-harvey_00000413,train_random,train
hurricane-harvey_00000418,train_random,train
hurricane-harvey_00000419,train_random,train
hurricane-harvey_00000422,train_random,train
hurricane-harvey_00000423,val_random,train
hurricane-harvey_00000425,train_random,train
hurricane-harvey_00000426,val_random,train
hurricane-harvey_00000427,val_random,train
hurricane-harvey_00000429,train_random,train
hurricane-harvey_00000430,train_random,train
hurricane-harvey_00000431,train_random,train
hurricane-harvey_00000432,test_random,train
hurricane-harvey_00000433,train_random,train
hurricane-harvey_00000434,val_random,train
hurricane-harvey_00000435,train_random,train
hurricane-harvey_00000436,train_random,train
hurricane-harvey_00000437,train_random,train
hurricane-harvey_00000438,train_random,train
hurricane-harvey_00000439,train_random,train
hurricane-harvey_00000440,train_random,train
hurricane-harvey_00000442,val_random,train
hurricane-harvey_00000443,train_random,train
hurricane-harvey_00000444,train_random,train
hurricane-harvey_00000446,train_random,train
hurricane-harvey_00000448,train_random,train
hurricane-harvey_00000451,val_random,train
hurricane-harvey_00000452,train_random,train
hurricane-harvey_00000454,train_random,train
hurricane-harvey_00000455,train_random,train
hurricane-harvey_00000461,train_random,train
hurricane-harvey_00000462,train_random,train
hurricane-harvey_00000463,train_random,train
hurricane-harvey_00000467,train_random,train
hurricane-harvey_00000469,train_random,train
hurricane-harvey_00000470,test_random,train
hurricane-harvey_00000471,train_random,train
hurricane-harvey_00000472,train_random,train
hurricane-harvey_00000473,train_random,train
hurricane-harvey_00000474,val_random,train
hurricane-harvey_00000477,train_random,train
hurricane-harvey_00000478,train_random,train
hurricane-harvey_00000480,train_random,train
hurricane-harvey_00000481,train_random,train
hurricane-harvey_00000482,test_random,train
hurricane-harvey_00000484,train_random,train
hurricane-harvey_00000486,train_random,train
hurricane-harvey_00000488,test_random,train
hurricane-harvey_00000489,train_random,train
hurricane-harvey_00000491,train_random,train
hurricane-harvey_00000492,train_random,train
hurricane-harvey_00000493,train_random,train
hurricane-harvey_00000494,train_random,train
hurricane-harvey_00000495,test_random,train
hurricane-harvey_00000496,train_random,train
hurricane-harvey_00000499,train_random,train
hurricane-harvey_00000500,train_random,train
hurricane-harvey_00000501,train_random,train
hurricane-harvey_00000502,train_random,train
hurricane-harvey_00000505,test_random,train
hurricane-harvey_00000506,val_random,train
hurricane-harvey_00000507,train_random,train
hurricane-harvey_00000508,train_random,train
hurricane-harvey_00000509,train_random,train
hurricane-harvey_00000511,train_random,train
hurricane-harvey_00000512,train_random,train
hurricane-harvey_00000514,train_random,train
hurricane-harvey_00000515,test_random,train
hurricane-harvey_00000517,train_random,train
hurricane-harvey_00000519,train_random,train
hurricane-harvey_00000520,test_random,train
hurricane-harvey_00000521,test_random,train
hurricane-matthew_00000000,train_random,train
hurricane-matthew_00000001,train_random,train
hurricane-matthew_00000002,train_random,train
hurricane-matthew_00000003,val_random,train
hurricane-matthew_00000004,train_random,train
hurricane-matthew_00000005,train_random,train
hurricane-matthew_00000006,train_random,train
hurricane-matthew_00000007,train_random,train
hurricane-matthew_00000008,train_random,train
hurricane-matthew_00000009,train_random,train
hurricane-matthew_00000013,val_random,train
hurricane-matthew_00000014,train_random,train
hurricane-matthew_00000016,train_random,train
hurricane-matthew_00000017,val_random,train
hurricane-matthew_00000021,val_random,train
hurricane-matthew_00000023,train_random,train
hurricane-matthew_00000030,train_random,train
hurricane-matthew_00000031,train_random,train
hurricane-matthew_00000034,train_random,train
hurricane-matthew_00000035,train_random,train
hurricane-matthew_00000039,train_random,train
hurricane-matthew_00000040,val_random,train
hurricane-matthew_00000041,test_random,train
hurricane-matthew_00000043,train_random,train
hurricane-matthew_00000044,val_random,train
hurricane-matthew_00000045,train_random,train
hurricane-matthew_00000048,train_random,train
hurricane-matthew_00000049,train_random,train
hurricane-matthew_00000050,test_random,train
hurricane-matthew_00000051,train_random,train
hurricane-matthew_00000052,train_random,train
hurricane-matthew_00000053,test_random,train
hurricane-matthew_00000054,train_random,train
hurricane-matthew_00000056,train_random,train
hurricane-matthew_00000060,train_random,train
hurricane-matthew_00000062,train_random,train
hurricane-matthew_00000063,train_random,train
hurricane-matthew_00000064,train_random,train
hurricane-matthew_00000065,train_random,train
hurricane-matthew_00000066,val_random,train
hurricane-matthew_00000067,train_random,train
hurricane-matthew_00000069,train_random,train
hurricane-matthew_00000070,train_random,train
hurricane-matthew_00000071,train_random,train
hurricane-matthew_00000072,train_random,train
hurricane-matthew_00000075,train_random,train
hurricane-matthew_00000077,test_random,train
hurricane-matthew_00000078,train_random,train
hurricane-matthew_00000079,val_random,train
hurricane-matthew_00000080,train_random,train
hurricane-matthew_00000082,train_random,train
hurricane-matthew_00000083,train_random,train
hurricane-matthew_00000084,train_random,train
hurricane-matthew_00000085,train_random,train
hurricane-matthew_00000086,train_random,train
hurricane-matthew_00000089,train_random,train
hurricane-matthew_00000090,train_random,train
hurricane-matthew_00000092,train_random,train
hurricane-matthew_00000093,test_random,train
hurricane-matthew_00000094,train_random,train
hurricane-matthew_00000095,val_random,train
hurricane-matthew_00000097,train_random,train
hurricane-matthew_00000099,train_random,train
hurricane-matthew_00000100,train_random,train
hurricane-matthew_00000102,train_random,train
hurricane-matthew_00000103,test_random,train
hurricane-matthew_00000104,train_random,train
hurricane-matthew_00000110,train_random,train
hurricane-matthew_00000116,train_random,train
hurricane-matthew_00000119,train_random,train
hurricane-matthew_00000120,train_random,train
hurricane-matthew_00000125,train_random,train
hurricane-matthew_00000126,test_random,train
hurricane-matthew_00000128,train_random,train
hurricane-matthew_00000129,train_random,train
hurricane-matthew_00000130,train_random,train
hurricane-matthew_00000132,test_random,train
hurricane-matthew_00000133,train_random,train
hurricane-matthew_00000134,test_random,train
hurricane-matthew_00000136,train_random,train
hurricane-matthew_00000137,train_random,train
hurricane-matthew_00000139,train_random,train
hurricane-matthew_00000140,train_random,train
hurricane-matthew_00000143,test_random,train
hurricane-matthew_00000145,val_random,train
hurricane-matthew_00000149,train_random,train
hurricane-matthew_00000152,val_random,train
hurricane-matthew_00000153,train_random,train
hurricane-matthew_00000154,train_random,train
hurricane-matthew_00000155,test_random,train
hurricane-matthew_00000156,val_random,train
hurricane-matthew_00000158,train_random,train
hurricane-matthew_00000159,val_random,train
hurricane-matthew_00000162,train_random,train
hurricane-matthew_00000164,train_random,train
hurricane-matthew_00000166,val_random,train
hurricane-matthew_00000167,train_random,train
hurricane-matthew_00000168,train_random,train
hurricane-matthew_00000169,train_random,train
hurricane-matthew_00000170,train_random,train
hurricane-matthew_00000171,val_random,train
hurricane-matthew_00000172,test_random,train
hurricane-matthew_00000173,train_random,train
hurricane-matthew_00000174,test_random,train
hurricane-matthew_00000175,train_random,train
hurricane-matthew_00000176,test_random,train
hurricane-matthew_00000178,train_random,train
hurricane-matthew_00000179,val_random,train
hurricane-matthew_00000180,train_random,train
hurricane-matthew_00000181,train_random,train
hurricane-matthew_00000182,train_random,train
hurricane-matthew_00000185,test_random,train
hurricane-matthew_00000186,val_random,train
hurricane-matthew_00000187,train_random,train
hurricane-matthew_00000188,test_random,train
hurricane-matthew_00000190,train_random,train
hurricane-matthew_00000192,val_random,train
hurricane-matthew_00000193,test_random,train
hurricane-matthew_00000195,train_random,train
hurricane-matthew_00000197,train_random,train
hurricane-matthew_00000198,train_random,train
hurricane-matthew_00000200,train_random,train
hurricane-matthew_00000202,train_random,train
hurricane-matthew_00000204,train_random,train
hurricane-matthew_00000205,val_random,train
hurricane-matthew_00000206,train_random,train
hurricane-matthew_00000207,train_random,train
hurricane-matthew_00000208,train_random,train
hurricane-matthew_00000209,train_random,train
hurricane-matthew_00000211,train_random,train
hurricane-matthew_00000212,train_random,train
hurricane-matthew_00000213,test_random,train
hurricane-matthew_00000215,test_random,train
hurricane-matthew_00000219,train_random,train
hurricane-matthew_00000221,val_random,train
hurricane-matthew_00000222,train_random,train
hurricane-matthew_00000223,train_random,train
hurricane-matthew_00000226,train_random,train
hurricane-matthew_00000228,train_random,train
hurricane-matthew_00000231,val_random,train
hurricane-matthew_00000232,train_random,train
hurricane-matthew_00000233,train_random,train
hurricane-matthew_00000234,train_random,train
hurricane-matthew_00000237,train_random,train
hurricane-matthew_00000238,train_random,train
hurricane-matthew_00000239,train_random,train
hurricane-matthew_00000241,test_random,train
hurricane-matthew_00000242,train_random,train
hurricane-matthew_00000243,train_random,train
hurricane-matthew_00000244,val_random,train
hurricane-matthew_00000245,train_random,train
hurricane-matthew_00000248,test_random,train
hurricane-matthew_00000249,train_random,train
hurricane-matthew_00000250,train_random,train
hurricane-matthew_00000251,train_random,train
hurricane-matthew_00000252,train_random,train
hurricane-matthew_00000256,train_random,train
hurricane-matthew_00000259,train_random,train
hurricane-matthew_00000260,train_random,train
hurricane-matthew_00000261,train_random,train
hurricane-matthew_00000263,train_random,train
hurricane-matthew_00000264,train_random,train
hurricane-matthew_00000265,train_random,train
hurricane-matthew_00000268,val_random,train
hurricane-matthew_00000269,train_random,train
hurricane-matthew_00000271,val_random,train
hurricane-matthew_00000275,train_random,train
hurricane-matthew_00000276,train_random,train
hurricane-matthew_00000278,train_random,train
hurricane-matthew_00000279,train_random,train
hurricane-matthew_00000281,train_random,train
hurricane-matthew_00000283,train_random,train
hurricane-matthew_00000284,val_random,train
hurricane-matthew_00000285,train_random,train
hurricane-matthew_00000287,test_random,train
hurricane-matthew_00000289,train_random,train
hurricane-matthew_00000293,train_random,train
hurricane-matthew_00000295,train_random,train
hurricane-matthew_00000296,test_random,train
hurricane-matthew_00000301,train_random,train
hurricane-matthew_00000302,train_random,train
hurricane-matthew_00000303,train_random,train
hurricane-matthew_00000305,train_random,train
hurricane-matthew_00000306,test_random,train
hurricane-matthew_00000307,train_random,train
hurricane-matthew_00000310,test_random,train
hurricane-matthew_00000311,train_random,train
hurricane-matthew_00000312,test_random,train
hurricane-matthew_00000314,train_random,train
hurricane-matthew_00000316,test_random,train
hurricane-matthew_00000319,test_random,train
hurricane-matthew_00000321,val_random,train
hurricane-matthew_00000322,val_random,train
hurricane-matthew_00000328,train_random,train
hurricane-matthew_00000329,train_random,train
hurricane-matthew_00000331,train_random,train
hurricane-matthew_00000332,val_random,train
hurricane-matthew_00000334,train_random,train
hurricane-matthew_00000335,train_random,train
hurricane-matthew_00000336,test_random,train
hurricane-matthew_00000338,train_random,train
hurricane-matthew_00000341,train_random,train
hurricane-matthew_00000343,train_random,train
hurricane-matthew_00000346,train_random,train
hurricane-matthew_00000347,train_random,train
hurricane-matthew_00000350,train_random,train
hurricane-matthew_00000353,train_random,train
hurricane-matthew_00000354,val_random,train
hurricane-matthew_00000355,train_random,train
hurricane-matthew_00000360,test_random,train
hurricane-matthew_00000362,test_random,train
hurricane-matthew_00000363,train_random,train
hurricane-matthew_00000364,val_random,train
hurricane-matthew_00000365,train_random,train
hurricane-matthew_00000366,train_random,train
hurricane-matthew_00000367,train_random,train
hurricane-matthew_00000368,test_random,train
hurricane-matthew_00000369,train_random,train
hurricane-matthew_00000370,train_random,train
hurricane-matthew_00000372,train_random,train
hurricane-matthew_00000373,train_random,train
hurricane-matthew_00000375,train_random,train
hurricane-matthew_00000376,train_random,train
hurricane-matthew_00000379,train_random,train
hurricane-matthew_00000380,train_random,train
hurricane-matthew_00000381,train_random,train
hurricane-matthew_00000384,train_random,train
hurricane-matthew_00000385,train_random,train
hurricane-matthew_00000387,train_random,train
hurricane-matthew_00000388,train_random,train
hurricane-matthew_00000390,train_random,train
hurricane-matthew_00000392,train_random,train
hurricane-matthew_00000393,train_random,train
hurricane-matthew_00000398,train_random,train
hurricane-matthew_00000399,test_random,train
hurricane-matthew_00000400,train_random,train
hurricane-matthew_00000401,train_random,train
hurricane-matthew_00000402,train_random,train
hurricane-michael_00000000,val_random,train
hurricane-michael_00000001,train_random,train
hurricane-michael_00000003,train_random,train
hurricane-michael_00000004,train_random,train
hurricane-michael_00000005,train_random,train
hurricane-michael_00000008,train_random,train
hurricane-michael_00000009,train_random,train
hurricane-michael_00000010,train_random,train
hurricane-michael_00000011,train_random,train
hurricane-michael_00000012,test_random,train
hurricane-michael_00000013,train_random,train
hurricane-michael_00000014,train_random,train
hurricane-michael_00000016,train_random,train
hurricane-michael_00000017,val_random,train
hurricane-michael_00000020,test_random,train
hurricane-michael_00000021,train_random,train
hurricane-michael_00000024,train_random,train
hurricane-michael_00000025,train_random,train
hurricane-michael_00000028,train_random,train
hurricane-michael_00000029,train_random,train
hurricane-michael_00000034,train_random,train
hurricane-michael_00000035,train_random,train
hurricane-michael_00000036,train_random,train
hurricane-michael_00000038,train_random,train
hurricane-michael_00000039,train_random,train
hurricane-michael_00000040,val_random,train
hurricane-michael_00000041,train_random,train
hurricane-michael_00000043,test_random,train
hurricane-michael_00000044,train_random,train
hurricane-michael_00000045,train_random,train
hurricane-michael_00000046,train_random,train
hurricane-michael_00000047,train_random,train
hurricane-michael_00000048,train_random,train
hurricane-michael_00000049,train_random,train
hurricane-michael_00000050,train_random,train
hurricane-michael_00000051,train_random,train
hurricane-michael_00000052,train_random,train
hurricane-michael_00000053,train_random,train
hurricane-michael_00000056,train_random,train
hurricane-michael_00000058,train_random,train
hurricane-michael_00000059,train_random,train
hurricane-michael_00000060,train_random,train
hurricane-michael_00000061,train_random,train
hurricane-michael_00000066,train_random,train
hurricane-michael_00000067,val_random,train
hurricane-michael_00000068,train_random,train
hurricane-michael_00000072,train_random,train
hurricane-michael_00000075,train_random,train
hurricane-michael_00000076,train_random,train
hurricane-michael_00000077,train_random,train
hurricane-michael_00000078,train_random,train
hurricane-michael_00000081,train_random,train
hurricane-michael_00000083,train_random,train
hurricane-michael_00000085,test_random,train
hurricane-michael_00000087,test_random,train
hurricane-michael_00000088,val_random,train
hurricane-michael_00000090,val_random,train
hurricane-michael_00000092,train_random,train
hurricane-michael_00000093,train_random,train
hurricane-michael_00000094,train_random,train
hurricane-michael_00000096,train_random,train
hurricane-michael_00000097,test_random,train
hurricane-michael_00000098,train_random,train
hurricane-michael_00000099,train_random,train
hurricane-michael_00000100,train_random,train
hurricane-michael_00000101,train_random,train
hurricane-michael_00000102,train_random,train
hurricane-michael_00000103,train_random,train
hurricane-michael_00000104,train_random,train
hurricane-michael_00000109,train_random,train
hurricane-michael_00000110,train_random,train
hurricane-michael_00000112,test_random,train
hurricane-michael_00000118,test_random,train
hurricane-michael_00000119,train_random,train
hurricane-michael_00000120,train_random,train
hurricane-michael_00000122,val_random,train
hurricane-michael_00000124,train_random,train
hurricane-michael_00000125,test_random,train
hurricane-michael_00000130,train_random,train
hurricane-michael_00000133,train_random,train
hurricane-michael_00000134,train_random,train
hurricane-michael_00000135,test_random,train
hurricane-michael_00000136,train_random,train
hurricane-michael_00000137,train_random,train
hurricane-michael_00000141,train_random,train
hurricane-michael_00000142,train_random,train
hurricane-michael_00000143,train_random,train
hurricane-michael_00000144,train_random,train
hurricane-michael_00000145,train_random,train
hurricane-michael_00000146,train_random,train
hurricane-michael_00000147,train_random,train
hurricane-michael_00000150,train_random,train
hurricane-michael_00000151,train_random,train
hurricane-michael_00000152,train_random,train
hurricane-michael_00000153,train_random,train
hurricane-michael_00000154,train_random,train
hurricane-michael_00000156,train_random,train
hurricane-michael_00000157,train_random,train
hurricane-michael_00000158,test_random,train
hurricane-michael_00000159,val_random,train
hurricane-michael_00000162,train_random,train
hurricane-michael_00000165,train_random,train
hurricane-michael_00000166,train_random,train
hurricane-michael_00000167,train_random,train
hurricane-michael_00000170,train_random,train
hurricane-michael_00000172,val_random,train
hurricane-michael_00000174,train_random,train
hurricane-michael_00000175,val_random,train
hurricane-michael_00000177,val_random,train
hurricane-michael_00000180,test_random,train
hurricane-michael_00000181,train_random,train
hurricane-michael_00000183,val_random,train
hurricane-michael_00000184,train_random,train
hurricane-michael_00000187,test_random,train
hurricane-michael_00000188,train_random,train
hurricane-michael_00000189,test_random,train
hurricane-michael_00000192,train_random,train
hurricane-michael_00000195,train_random,train
hurricane-michael_00000196,train_random,train
hurricane-michael_00000199,train_random,train
hurricane-michael_00000200,train_random,train
hurricane-michael_00000202,train_random,train
hurricane-michael_00000204,train_random,train
hurricane-michael_00000205,train_random,train
hurricane-michael_00000206,val_random,train
hurricane-michael_00000207,train_random,train
hurricane-michael_00000208,train_random,train
hurricane-michael_00000210,val_random,train
hurricane-michael_00000211,test_random,train
hurricane-michael_00000212,val_random,train
hurricane-michael_00000214,train_random,train
hurricane-michael_00000216,train_random,train
hurricane-michael_00000217,train_random,train
hurricane-michael_00000219,train_random,train
hurricane-michael_00000220,val_random,train
hurricane-michael_00000222,train_random,train
hurricane-michael_00000224,val_random,train
hurricane-michael_00000225,train_random,train
hurricane-michael_00000228,train_random,train
hurricane-michael_00000230,train_random,train
hurricane-michael_00000231,val_random,train
hurricane-michael_00000233,train_random,train
hurricane-michael_00000234,train_random,train
hurricane-michael_00000236,val_random,train
hurricane-michael_00000238,train_random,train
hurricane-michael_00000239,train_random,train
hurricane-michael_00000240,train_random,train
hurricane-michael_00000241,test_random,train
hurricane-michael_00000243,train_random,train
hurricane-michael_00000244,test_random,train
hurricane-michael_00000246,val_random,train
hurricane-michael_00000247,train_random,train
hurricane-michael_00000248,train_random,train
hurricane-michael_00000249,train_random,train
hurricane-michael_00000250,train_random,train
hurricane-michael_00000251,train_random,train
hurricane-michael_00000252,val_random,train
hurricane-michael_00000253,test_random,train
hurricane-michael_00000257,train_random,train
hurricane-michael_00000258,test_random,train
hurricane-michael_00000260,train_random,train
hurricane-michael_00000261,train_random,train
hurricane-michael_00000263,test_random,train
hurricane-michael_00000265,train_random,train
hurricane-michael_00000266,train_random,train
hurricane-michael_00000267,val_random,train
hurricane-michael_00000268,train_random,train
hurricane-michael_00000269,test_random,train
hurricane-michael_00000271,val_random,train
hurricane-michael_00000272,train_random,train
hurricane-michael_00000273,train_random,train
hurricane-michael_00000275,test_random,train
hurricane-michael_00000276,train_random,train
hurricane-michael_00000281,train_random,train
hurricane-michael_00000283,train_random,train
hurricane-michael_00000284,train_random,train
hurricane-michael_00000285,val_random,train
hurricane-michael_00000286,train_random,train
hurricane-michael_00000287,train_random,train
hurricane-michael_00000289,train_random,train
hurricane-michael_00000290,train_random,train
hurricane-michael_00000292,val_random,train
hurricane-michael_00000293,val_random,train
hurricane-michael_00000294,train_random,train
hurricane-michael_00000295,train_random,train
hurricane-michael_00000296,train_random,train
hurricane-michael_00000299,test_random,train
hurricane-michael_00000300,train_random,train
hurricane-michael_00000301,train_random,train
hurricane-michael_00000302,val_random,train
hurricane-michael_00000303,train_random,train
hurricane-michael_00000304,train_random,train
hurricane-michael_00000305,val_random,train
hurricane-michael_00000306,test_random,train
hurricane-michael_00000307,val_random,train
hurricane-michael_00000308,train_random,train
hurricane-michael_00000309,train_random,train
hurricane-michael_00000310,train_random,train
hurricane-michael_00000311,test_random,train
hurricane-michael_00000312,test_random,train
hurricane-michael_00000313,train_random,train
hurricane-michael_00000315,train_random,train
hurricane-michael_00000319,train_random,train
hurricane-michael_00000322,test_random,train
hurricane-michael_00000323,train_random,train
hurricane-michael_00000324,train_random,train
hurricane-michael_00000325,train_random,train
hurricane-michael_00000326,val_random,train
hurricane-michael_00000328,train_random,train
hurricane-michael_00000329,val_random,train
hurricane-michael_00000330,train_random,train
hurricane-michael_00000331,train_random,train
hurricane-michael_00000333,train_random,train
hurricane-michael_00000334,train_random,train
hurricane-michael_00000337,train_random,train
hurricane-michael_00000338,val_random,train
hurricane-michael_00000339,train_random,train
hurricane-michael_00000340,train_random,train
hurricane-michael_00000341,train_random,train
hurricane-michael_00000343,train_random,train
hurricane-michael_00000344,train_random,train
hurricane-michael_00000345,train_random,train
hurricane-michael_00000347,train_random,train
hurricane-michael_00000348,val_random,train
hurricane-michael_00000349,train_random,train
hurricane-michael_00000351,val_random,train
hurricane-michael_00000353,val_random,train
hurricane-michael_00000355,train_random,train
hurricane-michael_00000356,val_random,train
hurricane-michael_00000357,train_random,train
hurricane-michael_00000358,train_random,train
hurricane-michael_00000359,train_random,train
hurricane-michael_00000360,test_random,train
hurricane-michael_00000361,train_random,train
hurricane-michael_00000362,train_random,train
hurricane-michael_00000365,train_random,train
hurricane-michael_00000367,test_random,train
hurricane-michael_00000369,val_random,train
hurricane-michael_00000371,val_random,train
hurricane-michael_00000377,train_random,train
hurricane-michael_00000379,train_random,train
hurricane-michael_00000380,test_random,train
hurricane-michael_00000386,test_random,train
hurricane-michael_00000387,train_random,train
hurricane-michael_00000388,test_random,train
hurricane-michael_00000389,test_random,train
hurricane-michael_00000391,test_random,train
hurricane-michael_00000392,val_random,train
hurricane-michael_00000393,train_random,train
hurricane-michael_00000402,train_random,train
hurricane-michael_00000403,train_random,train
hurricane-michael_00000404,test_random,train
hurricane-michael_00000405,val_random,train
hurricane-michael_00000406,test_random,train
hurricane-michael_00000408,train_random,train
hurricane-michael_00000409,test_random,train
hurricane-michael_00000410,train_random,train
hurricane-michael_00000411,val_random,train
hurricane-michael_00000412,train_random,train
hurricane-michael_00000413,train_random,train
hurricane-michael_00000415,test_random,train
hurricane-michael_00000416,train_random,train
hurricane-michael_00000417,val_random,train
hurricane-michael_00000419,test_random,train
hurricane-michael_00000421,test_random,train
hurricane-michael_00000422,train_random,train
hurricane-michael_00000424,train_random,train
hurricane-michael_00000427,val_random,train
hurricane-michael_00000430,train_random,train
hurricane-michael_00000435,train_random,train
hurricane-michael_00000439,val_random,train
hurricane-michael_00000440,test_random,train
hurricane-michael_00000441,val_random,train
hurricane-michael_00000442,train_random,train
hurricane-michael_00000443,train_random,train
hurricane-michael_00000444,train_random,train
hurricane-michael_00000446,test_random,train
hurricane-michael_00000451,train_random,train
hurricane-michael_00000452,train_random,train
hurricane-michael_00000454,train_random,train
hurricane-michael_00000455,train_random,train
hurricane-michael_00000458,train_random,train
hurricane-michael_00000460,train_random,train
hurricane-michael_00000461,train_random,train
hurricane-michael_00000462,test_random,train
hurricane-michael_00000463,train_random,train
hurricane-michael_00000465,val_random,train
hurricane-michael_00000466,test_random,train
hurricane-michael_00000467,val_random,train
hurricane-michael_00000472,val_random,train
hurricane-michael_00000473,train_random,train
hurricane-michael_00000474,train_random,train
hurricane-michael_00000475,test_random,train
hurricane-michael_00000476,train_random,train
hurricane-michael_00000479,train_random,train
hurricane-michael_00000480,train_random,train
hurricane-michael_00000482,test_random,train
hurricane-michael_00000484,val_random,train
hurricane-michael_00000485,train_random,train
hurricane-michael_00000486,train_random,train
hurricane-michael_00000487,train_random,train
hurricane-michael_00000489,train_random,train
hurricane-michael_00000490,train_random,train
hurricane-michael_00000492,train_random,train
hurricane-michael_00000494,train_random,train
hurricane-michael_00000496,train_random,train
hurricane-michael_00000497,train_random,train
hurricane-michael_00000498,train_random,train
hurricane-michael_00000499,train_random,train
hurricane-michael_00000500,train_random,train
hurricane-michael_00000501,train_random,train
hurricane-michael_00000502,train_random,train
hurricane-michael_00000504,val_random,train
hurricane-michael_00000505,train_random,train
hurricane-michael_00000509,test_random,train
hurricane-michael_00000511,train_random,train
hurricane-michael_00000512,train_random,train
hurricane-michael_00000514,train_random,train
hurricane-michael_00000515,val_random,train
hurricane-michael_00000516,test_random,train
hurricane-michael_00000517,test_random,train
hurricane-michael_00000519,train_random,train
hurricane-michael_00000521,train_random,train
hurricane-michael_00000522,val_random,train
hurricane-michael_00000523,train_random,train
hurricane-michael_00000524,val_random,train
hurricane-michael_00000527,train_random,train
hurricane-michael_00000528,test_random,train
hurricane-michael_00000529,test_random,train
hurricane-michael_00000530,train_random,train
hurricane-michael_00000535,train_random,train
hurricane-michael_00000536,train_random,train
hurricane-michael_00000537,val_random,train
hurricane-michael_00000538,test_random,train
hurricane-michael_00000539,test_random,train
hurricane-michael_00000540,train_random,train
hurricane-michael_00000541,test_random,train
hurricane-michael_00000542,train_random,train
hurricane-michael_00000543,train_random,train
hurricane-michael_00000546,val_random,train
hurricane-michael_00000547,train_random,train
hurricane-michael_00000548,test_random,train
hurricane-michael_00000549,train_random,train
joplin-tornado_00000000,train_random,tier3
joplin-tornado_00000001,val_random,tier3
joplin-tornado_00000002,train_random,tier3
joplin-tornado_00000003,val_random,tier3
joplin-tornado_00000004,train_random,tier3
joplin-tornado_00000005,test_random,tier3
joplin-tornado_00000006,train_random,tier3
joplin-tornado_00000007,test_random,tier3
joplin-tornado_00000008,train_random,tier3
joplin-tornado_00000009,train_random,tier3
joplin-tornado_00000010,train_random,tier3
joplin-tornado_00000011,val_random,tier3
joplin-tornado_00000012,train_random,tier3
joplin-tornado_00000013,val_random,tier3
joplin-tornado_00000014,val_random,tier3
joplin-tornado_00000015,train_random,tier3
joplin-tornado_00000016,train_random,tier3
joplin-tornado_00000017,val_random,tier3
joplin-tornado_00000018,test_random,tier3
joplin-tornado_00000019,train_random,tier3
joplin-tornado_00000020,train_random,tier3
joplin-tornado_00000021,val_random,tier3
joplin-tornado_00000022,test_random,tier3
joplin-tornado_00000023,train_random,tier3
joplin-tornado_00000024,train_random,tier3
joplin-tornado_00000025,test_random,tier3
joplin-tornado_00000026,train_random,tier3
joplin-tornado_00000027,train_random,tier3
joplin-tornado_00000028,train_random,tier3
joplin-tornado_00000029,train_random,tier3
joplin-tornado_00000030,train_random,tier3
joplin-tornado_00000031,train_random,tier3
joplin-tornado_00000032,test_random,tier3
joplin-tornado_00000033,val_random,tier3
joplin-tornado_00000034,train_random,tier3
joplin-tornado_00000035,train_random,tier3
joplin-tornado_00000036,train_random,tier3
joplin-tornado_00000037,train_random,tier3
joplin-tornado_00000038,train_random,tier3
joplin-tornado_00000039,train_random,tier3
joplin-tornado_00000040,train_random,tier3
joplin-tornado_00000041,val_random,tier3
joplin-tornado_00000042,val_random,tier3
joplin-tornado_00000043,val_random,tier3
joplin-tornado_00000044,train_random,tier3
joplin-tornado_00000045,test_random,tier3
joplin-tornado_00000046,val_random,tier3
joplin-tornado_00000047,train_random,tier3
joplin-tornado_00000048,test_random,tier3
joplin-tornado_00000049,train_random,tier3
joplin-tornado_00000050,train_random,tier3
joplin-tornado_00000051,train_random,tier3
joplin-tornado_00000052,train_random,tier3
joplin-tornado_00000053,train_random,tier3
joplin-tornado_00000054,train_random,tier3
joplin-tornado_00000055,train_random,tier3
joplin-tornado_00000056,train_random,tier3
joplin-tornado_00000057,test_random,tier3
joplin-tornado_00000058,val_random,tier3
joplin-tornado_00000059,test_random,tier3
joplin-tornado_00000060,train_random,tier3
joplin-tornado_00000061,train_random,tier3
joplin-tornado_00000062,train_random,tier3
joplin-tornado_00000063,train_random,tier3
joplin-tornado_00000064,train_random,tier3
joplin-tornado_00000065,test_random,tier3
joplin-tornado_00000066,test_random,tier3
joplin-tornado_00000067,train_random,tier3
joplin-tornado_00000068,train_random,tier3
joplin-tornado_00000069,train_random,tier3
joplin-tornado_00000070,train_random,tier3
joplin-tornado_00000071,train_random,tier3
joplin-tornado_00000072,test_random,tier3
joplin-tornado_00000073,train_random,tier3
joplin-tornado_00000074,train_random,tier3
joplin-tornado_00000075,train_random,tier3
joplin-tornado_00000076,train_random,tier3
joplin-tornado_00000077,train_random,tier3
joplin-tornado_00000078,train_random,tier3
joplin-tornado_00000079,train_random,tier3
joplin-tornado_00000080,train_random,tier3
joplin-tornado_00000081,train_random,tier3
joplin-tornado_00000082,test_random,tier3
joplin-tornado_00000083,train_random,tier3
joplin-tornado_00000084,val_random,tier3
joplin-tornado_00000085,train_random,tier3
joplin-tornado_00000086,test_random,tier3
joplin-tornado_00000087,val_random,tier3
joplin-tornado_00000088,train_random,tier3
joplin-tornado_00000089,val_random,tier3
joplin-tornado_00000090,val_random,tier3
joplin-tornado_00000091,val_random,tier3
joplin-tornado_00000092,train_random,tier3
joplin-tornado_00000093,train_random,tier3
joplin-tornado_00000094,val_random,tier3
joplin-tornado_00000095,test_random,tier3
joplin-tornado_00000096,train_random,tier3
joplin-tornado_00000097,train_random,tier3
joplin-tornado_00000098,test_random,tier3
joplin-tornado_00000099,train_random,tier3
joplin-tornado_00000100,train_random,tier3
joplin-tornado_00000101,test_random,tier3
joplin-tornado_00000102,test_random,tier3
joplin-tornado_00000103,train_random,tier3
joplin-tornado_00000104,test_random,tier3
joplin-tornado_00000105,train_random,tier3
joplin-tornado_00000106,train_random,tier3
joplin-tornado_00000107,train_random,tier3
joplin-tornado_00000108,test_random,tier3
joplin-tornado_00000109,train_random,tier3
joplin-tornado_00000110,test_random,tier3
joplin-tornado_00000111,train_random,tier3
joplin-tornado_00000112,train_random,tier3
joplin-tornado_00000113,train_random,tier3
joplin-tornado_00000114,train_random,tier3
joplin-tornado_00000115,test_random,tier3
joplin-tornado_00000116,train_random,tier3
joplin-tornado_00000117,train_random,tier3
joplin-tornado_00000118,train_random,tier3
joplin-tornado_00000119,train_random,tier3
joplin-tornado_00000120,val_random,tier3
joplin-tornado_00000121,val_random,tier3
joplin-tornado_00000122,val_random,tier3
joplin-tornado_00000123,train_random,tier3
joplin-tornado_00000124,train_random,tier3
joplin-tornado_00000125,test_random,tier3
joplin-tornado_00000126,train_random,tier3
joplin-tornado_00000127,train_random,tier3
joplin-tornado_00000128,test_random,tier3
joplin-tornado_00000129,train_random,tier3
joplin-tornado_00000130,val_random,tier3
joplin-tornado_00000131,train_random,tier3
joplin-tornado_00000132,train_random,tier3
joplin-tornado_00000133,train_random,tier3
joplin-tornado_00000134,test_random,tier3
joplin-tornado_00000135,test_random,tier3
joplin-tornado_00000136,val_random,tier3
joplin-tornado_00000137,val_random,tier3
joplin-tornado_00000138,train_random,tier3
joplin-tornado_00000139,val_random,tier3
joplin-tornado_00000140,val_random,tier3
joplin-tornado_00000141,train_random,tier3
joplin-tornado_00000142,test_random,tier3
joplin-tornado_00000143,val_random,tier3
joplin-tornado_00000144,test_random,tier3
joplin-tornado_00000145,val_random,tier3
joplin-tornado_00000146,val_random,tier3
joplin-tornado_00000147,train_random,tier3
joplin-tornado_00000148,train_random,tier3
lower-puna-volcano_00000000,train_random,tier3
lower-puna-volcano_00000001,train_random,tier3
lower-puna-volcano_00000002,train_random,tier3
lower-puna-volcano_00000003,val_random,tier3
lower-puna-volcano_00000004,train_random,tier3
lower-puna-volcano_00000005,train_random,tier3
lower-puna-volcano_00000006,train_random,tier3
lower-puna-volcano_00000007,train_random,tier3
lower-puna-volcano_00000008,test_random,tier3
lower-puna-volcano_00000009,val_random,tier3
lower-puna-volcano_00000010,train_random,tier3
lower-puna-volcano_00000011,train_random,tier3
lower-puna-volcano_00000012,train_random,tier3
lower-puna-volcano_00000013,train_random,tier3
lower-puna-volcano_00000014,test_random,tier3
lower-puna-volcano_00000015,train_random,tier3
lower-puna-volcano_00000016,train_random,tier3
lower-puna-volcano_00000017,train_random,tier3
lower-puna-volcano_00000018,train_random,tier3
lower-puna-volcano_00000019,train_random,tier3
lower-puna-volcano_00000020,train_random,tier3
lower-puna-volcano_00000021,val_random,tier3
lower-puna-volcano_00000022,train_random,tier3
lower-puna-volcano_00000023,test_random,tier3
lower-puna-volcano_00000024,train_random,tier3
lower-puna-volcano_00000025,train_random,tier3
lower-puna-volcano_00000026,val_random,tier3
lower-puna-volcano_00000027,val_random,tier3
lower-puna-volcano_00000028,train_random,tier3
lower-puna-volcano_00000029,train_random,tier3
lower-puna-volcano_00000030,train_random,tier3
lower-puna-volcano_00000031,train_random,tier3
lower-puna-volcano_00000032,train_random,tier3
lower-puna-volcano_00000033,train_random,tier3
lower-puna-volcano_00000034,val_random,tier3
lower-puna-volcano_00000035,train_random,tier3
lower-puna-volcano_00000036,train_random,tier3
lower-puna-volcano_00000037,test_random,tier3
lower-puna-volcano_00000038,test_random,tier3
lower-puna-volcano_00000039,train_random,tier3
lower-puna-volcano_00000040,train_random,tier3
lower-puna-volcano_00000041,val_random,tier3
lower-puna-volcano_00000042,train_random,tier3
lower-puna-volcano_00000043,val_random,tier3
lower-puna-volcano_00000044,train_random,tier3
lower-puna-volcano_00000045,val_random,tier3
lower-puna-volcano_00000046,train_random,tier3
lower-puna-volcano_00000047,train_random,tier3
lower-puna-volcano_00000048,train_random,tier3
lower-puna-volcano_00000049,test_random,tier3
lower-puna-volcano_00000050,train_random,tier3
lower-puna-volcano_00000051,val_random,tier3
lower-puna-volcano_00000052,val_random,tier3
lower-puna-volcano_00000053,train_random,tier3
lower-puna-volcano_00000054,val_random,tier3
lower-puna-volcano_00000055,train_random,tier3
lower-puna-volcano_00000056,train_random,tier3
lower-puna-volcano_00000057,val_random,tier3
lower-puna-volcano_00000058,train_random,tier3
lower-puna-volcano_00000059,train_random,tier3
lower-puna-volcano_00000060,train_random,tier3
lower-puna-volcano_00000061,val_random,tier3
lower-puna-volcano_00000062,train_random,tier3
lower-puna-volcano_00000063,test_random,tier3
lower-puna-volcano_00000064,train_random,tier3
lower-puna-volcano_00000065,test_random,tier3
lower-puna-volcano_00000066,train_random,tier3
lower-puna-volcano_00000067,test_random,tier3
lower-puna-volcano_00000068,val_random,tier3
lower-puna-volcano_00000069,train_random,tier3
lower-puna-volcano_00000070,train_random,tier3
lower-puna-volcano_00000071,train_random,tier3
lower-puna-volcano_00000072,val_random,tier3
lower-puna-volcano_00000073,train_random,tier3
lower-puna-volcano_00000074,train_random,tier3
lower-puna-volcano_00000075,val_random,tier3
lower-puna-volcano_00000076,train_random,tier3
lower-puna-volcano_00000077,train_random,tier3
lower-puna-volcano_00000078,train_random,tier3
lower-puna-volcano_00000079,test_random,tier3
lower-puna-volcano_00000080,train_random,tier3
lower-puna-volcano_00000081,train_random,tier3
lower-puna-volcano_00000082,test_random,tier3
lower-puna-volcano_00000083,train_random,tier3
lower-puna-volcano_00000084,train_random,tier3
lower-puna-volcano_00000085,train_random,tier3
lower-puna-volcano_00000086,train_random,tier3
lower-puna-volcano_00000087,train_random,tier3
lower-puna-volcano_00000088,test_random,tier3
lower-puna-volcano_00000089,train_random,tier3
lower-puna-volcano_00000090,train_random,tier3
lower-puna-volcano_00000091,train_random,tier3
lower-puna-volcano_00000092,val_random,tier3
lower-puna-volcano_00000093,train_random,tier3
lower-puna-volcano_00000094,train_random,tier3
lower-puna-volcano_00000095,train_random,tier3
lower-puna-volcano_00000096,train_random,tier3
lower-puna-volcano_00000097,train_random,tier3
lower-puna-volcano_00000098,train_random,tier3
lower-puna-volcano_00000099,test_random,tier3
lower-puna-volcano_00000100,train_random,tier3
lower-puna-volcano_00000101,train_random,tier3
lower-puna-volcano_00000102,train_random,tier3
lower-puna-volcano_00000103,train_random,tier3
lower-puna-volcano_00000104,train_random,tier3
lower-puna-volcano_00000105,test_random,tier3
lower-puna-volcano_00000106,test_random,tier3
lower-puna-volcano_00000107,train_random,tier3
lower-puna-volcano_00000108,test_random,tier3
lower-puna-volcano_00000109,train_random,tier3
lower-puna-volcano_00000110,test_random,tier3
lower-puna-volcano_00000111,train_random,tier3
lower-puna-volcano_00000112,train_random,tier3
lower-puna-volcano_00000113,train_random,tier3
lower-puna-volcano_00000114,val_random,tier3
lower-puna-volcano_00000115,val_random,tier3
lower-puna-volcano_00000116,val_random,tier3
lower-puna-volcano_00000117,test_random,tier3
lower-puna-volcano_00000118,train_random,tier3
lower-puna-volcano_00000119,test_random,tier3
lower-puna-volcano_00000120,train_random,tier3
lower-puna-volcano_00000121,train_random,tier3
lower-puna-volcano_00000122,train_random,tier3
lower-puna-volcano_00000123,val_random,tier3
lower-puna-volcano_00000124,test_random,tier3
lower-puna-volcano_00000125,train_random,tier3
lower-puna-volcano_00000126,train_random,tier3
lower-puna-volcano_00000127,train_random,tier3
lower-puna-volcano_00000128,train_random,tier3
lower-puna-volcano_00000129,train_random,tier3
lower-puna-volcano_00000130,train_random,tier3
lower-puna-volcano_00000131,train_random,tier3
lower-puna-volcano_00000132,train_random,tier3
lower-puna-volcano_00000133,train_random,tier3
lower-puna-volcano_00000134,train_random,tier3
lower-puna-volcano_00000135,test_random,tier3
lower-puna-volcano_00000136,train_random,tier3
lower-puna-volcano_00000137,train_random,tier3
lower-puna-volcano_00000138,test_random,tier3
lower-puna-volcano_00000139,val_random,tier3
lower-puna-volcano_00000140,val_random,tier3
lower-puna-volcano_00000141,train_random,tier3
lower-puna-volcano_00000142,train_random,tier3
lower-puna-volcano_00000143,train_random,tier3
lower-puna-volcano_00000144,train_random,tier3
lower-puna-volcano_00000145,train_random,tier3
lower-puna-volcano_00000146,train_random,tier3
lower-puna-volcano_00000147,train_random,tier3
lower-puna-volcano_00000148,train_random,tier3
lower-puna-volcano_00000149,train_random,tier3
lower-puna-volcano_00000150,val_random,tier3
lower-puna-volcano_00000151,test_random,tier3
lower-puna-volcano_00000152,train_random,tier3
lower-puna-volcano_00000153,train_random,tier3
lower-puna-volcano_00000154,train_random,tier3
lower-puna-volcano_00000155,val_random,tier3
lower-puna-volcano_00000156,train_random,tier3
lower-puna-volcano_00000157,train_random,tier3
lower-puna-volcano_00000158,val_random,tier3
lower-puna-volcano_00000159,train_random,tier3
lower-puna-volcano_00000160,train_random,tier3
lower-puna-volcano_00000161,train_random,tier3
lower-puna-volcano_00000162,train_random,tier3
lower-puna-volcano_00000163,test_random,tier3
lower-puna-volcano_00000164,train_random,tier3
lower-puna-volcano_00000165,train_random,tier3
lower-puna-volcano_00000166,train_random,tier3
lower-puna-volcano_00000167,test_random,tier3
lower-puna-volcano_00000168,train_random,tier3
lower-puna-volcano_00000169,val_random,tier3
lower-puna-volcano_00000170,test_random,tier3
lower-puna-volcano_00000171,train_random,tier3
lower-puna-volcano_00000172,train_random,tier3
lower-puna-volcano_00000173,train_random,tier3
lower-puna-volcano_00000174,val_random,tier3
lower-puna-volcano_00000175,train_random,tier3
lower-puna-volcano_00000176,test_random,tier3
lower-puna-volcano_00000177,train_random,tier3
lower-puna-volcano_00000178,val_random,tier3
lower-puna-volcano_00000179,test_random,tier3
lower-puna-volcano_00000180,train_random,tier3
lower-puna-volcano_00000181,train_random,tier3
lower-puna-volcano_00000182,train_random,tier3
lower-puna-volcano_00000183,train_random,tier3
lower-puna-volcano_00000184,train_random,tier3
lower-puna-volcano_00000185,train_random,tier3
lower-puna-volcano_00000186,train_random,tier3
lower-puna-volcano_00000187,train_random,tier3
lower-puna-volcano_00000188,test_random,tier3
lower-puna-volcano_00000189,val_random,tier3
lower-puna-volcano_00000190,train_random,tier3
lower-puna-volcano_00000191,train_random,tier3
lower-puna-volcano_00000192,train_random,tier3
lower-puna-volcano_00000193,val_random,tier3
lower-puna-volcano_00000194,train_random,tier3
lower-puna-volcano_00000195,train_random,tier3
lower-puna-volcano_00000196,train_random,tier3
lower-puna-volcano_00000197,train_random,tier3
lower-puna-volcano_00000198,train_random,tier3
lower-puna-volcano_00000199,train_random,tier3
lower-puna-volcano_00000200,test_random,tier3
lower-puna-volcano_00000201,train_random,tier3
lower-puna-volcano_00000202,train_random,tier3
lower-puna-volcano_00000203,train_random,tier3
lower-puna-volcano_00000204,train_random,tier3
lower-puna-volcano_00000205,val_random,tier3
lower-puna-volcano_00000206,val_random,tier3
lower-puna-volcano_00000207,train_random,tier3
lower-puna-volcano_00000208,train_random,tier3
lower-puna-volcano_00000209,val_random,tier3
lower-puna-volcano_00000210,train_random,tier3
lower-puna-volcano_00000211,train_random,tier3
lower-puna-volcano_00000212,train_random,tier3
lower-puna-volcano_00000213,train_random,tier3
lower-puna-volcano_00000214,test_random,tier3
lower-puna-volcano_00000215,val_random,tier3
lower-puna-volcano_00000216,train_random,tier3
lower-puna-volcano_00000217,val_random,tier3
lower-puna-volcano_00000218,train_random,tier3
lower-puna-volcano_00000219,train_random,tier3
lower-puna-volcano_00000220,train_random,tier3
lower-puna-volcano_00000221,val_random,tier3
lower-puna-volcano_00000222,val_random,tier3
lower-puna-volcano_00000223,train_random,tier3
lower-puna-volcano_00000224,train_random,tier3
lower-puna-volcano_00000225,train_random,tier3
lower-puna-volcano_00000226,train_random,tier3
lower-puna-volcano_00000227,train_random,tier3
lower-puna-volcano_00000228,train_random,tier3
lower-puna-volcano_00000229,val_random,tier3
lower-puna-volcano_00000230,train_random,tier3
lower-puna-volcano_00000231,test_random,tier3
lower-puna-volcano_00000232,train_random,tier3
lower-puna-volcano_00000233,val_random,tier3
lower-puna-volcano_00000234,train_random,tier3
lower-puna-volcano_00000235,train_random,tier3
lower-puna-volcano_00000236,train_random,tier3
lower-puna-volcano_00000237,val_random,tier3
lower-puna-volcano_00000238,val_random,tier3
lower-puna-volcano_00000239,val_random,tier3
lower-puna-volcano_00000240,train_random,tier3
lower-puna-volcano_00000241,train_random,tier3
lower-puna-volcano_00000242,val_random,tier3
lower-puna-volcano_00000243,train_random,tier3
lower-puna-volcano_00000244,test_random,tier3
lower-puna-volcano_00000245,train_random,tier3
lower-puna-volcano_00000246,train_random,tier3
lower-puna-volcano_00000247,train_random,tier3
lower-puna-volcano_00000248,train_random,tier3
lower-puna-volcano_00000249,train_random,tier3
lower-puna-volcano_00000250,train_random,tier3
lower-puna-volcano_00000251,test_random,tier3
lower-puna-volcano_00000252,train_random,tier3
lower-puna-volcano_00000253,train_random,tier3
lower-puna-volcano_00000254,test_random,tier3
lower-puna-volcano_00000255,train_random,tier3
lower-puna-volcano_00000256,train_random,tier3
lower-puna-volcano_00000257,train_random,tier3
lower-puna-volcano_00000258,train_random,tier3
lower-puna-volcano_00000259,val_random,tier3
lower-puna-volcano_00000260,test_random,tier3
lower-puna-volcano_00000261,train_random,tier3
lower-puna-volcano_00000262,train_random,tier3
lower-puna-volcano_00000263,train_random,tier3
lower-puna-volcano_00000264,train_random,tier3
lower-puna-volcano_00000265,val_random,tier3
lower-puna-volcano_00000266,train_random,tier3
lower-puna-volcano_00000267,train_random,tier3
lower-puna-volcano_00000268,train_random,tier3
lower-puna-volcano_00000269,test_random,tier3
lower-puna-volcano_00000270,train_random,tier3
lower-puna-volcano_00000271,test_random,tier3
lower-puna-volcano_00000272,val_random,tier3
lower-puna-volcano_00000273,train_random,tier3
lower-puna-volcano_00000274,train_random,tier3
lower-puna-volcano_00000275,test_random,tier3
lower-puna-volcano_00000276,train_random,tier3
lower-puna-volcano_00000277,test_random,tier3
lower-puna-volcano_00000278,test_random,tier3
lower-puna-volcano_00000279,train_random,tier3
lower-puna-volcano_00000280,val_random,tier3
lower-puna-volcano_00000281,train_random,tier3
lower-puna-volcano_00000282,train_random,tier3
lower-puna-volcano_00000283,train_random,tier3
lower-puna-volcano_00000284,val_random,tier3
lower-puna-volcano_00000285,test_random,tier3
lower-puna-volcano_00000286,train_random,tier3
lower-puna-volcano_00000287,train_random,tier3
lower-puna-volcano_00000288,train_random,tier3
lower-puna-volcano_00000289,val_random,tier3
lower-puna-volcano_00000290,test_random,tier3
mexico-earthquake_00000000,train_random,train
mexico-earthquake_00000001,val_random,train
mexico-earthquake_00000002,train_random,train
mexico-earthquake_00000003,train_random,train
mexico-earthquake_00000004,train_random,train
mexico-earthquake_00000007,train_random,train
mexico-earthquake_00000008,train_random,train
mexico-earthquake_00000009,train_random,train
mexico-earthquake_00000011,val_random,train
mexico-earthquake_00000013,train_random,train
mexico-earthquake_00000015,test_random,train
mexico-earthquake_00000017,train_random,train
mexico-earthquake_00000018,val_random,train
mexico-earthquake_00000019,val_random,train
mexico-earthquake_00000020,train_random,train
mexico-earthquake_00000021,train_random,train
mexico-earthquake_00000023,train_random,train
mexico-earthquake_00000024,train_random,train
mexico-earthquake_00000027,val_random,train
mexico-earthquake_00000029,val_random,train
mexico-earthquake_00000030,train_random,train
mexico-earthquake_00000031,train_random,train
mexico-earthquake_00000032,train_random,train
mexico-earthquake_00000033,train_random,train
mexico-earthquake_00000034,train_random,train
mexico-earthquake_00000035,train_random,train
mexico-earthquake_00000037,val_random,train
mexico-earthquake_00000039,val_random,train
mexico-earthquake_00000040,train_random,train
mexico-earthquake_00000041,train_random,train
mexico-earthquake_00000042,train_random,train
mexico-earthquake_00000043,train_random,train
mexico-earthquake_00000044,val_random,train
mexico-earthquake_00000046,train_random,train
mexico-earthquake_00000047,test_random,train
mexico-earthquake_00000048,train_random,train
mexico-earthquake_00000049,test_random,train
mexico-earthquake_00000052,train_random,train
mexico-earthquake_00000053,test_random,train
mexico-earthquake_00000055,train_random,train
mexico-earthquake_00000057,train_random,train
mexico-earthquake_00000059,train_random,train
mexico-earthquake_00000064,train_random,train
mexico-earthquake_00000066,train_random,train
mexico-earthquake_00000067,train_random,train
mexico-earthquake_00000068,train_random,train
mexico-earthquake_00000070,train_random,train
mexico-earthquake_00000072,train_random,train
mexico-earthquake_00000074,train_random,train
mexico-earthquake_00000075,train_random,train
mexico-earthquake_00000078,test_random,train
mexico-earthquake_00000079,train_random,train
mexico-earthquake_00000082,train_random,train
mexico-earthquake_00000083,train_random,train
mexico-earthquake_00000084,train_random,train
mexico-earthquake_00000085,train_random,train
mexico-earthquake_00000086,test_random,train
mexico-earthquake_00000087,train_random,train
mexico-earthquake_00000088,test_random,train
mexico-earthquake_00000089,train_random,train
mexico-earthquake_00000092,val_random,train
mexico-earthquake_00000093,train_random,train
mexico-earthquake_00000096,train_random,train
mexico-earthquake_00000098,test_random,train
mexico-earthquake_00000100,train_random,train
mexico-earthquake_00000101,val_random,train
mexico-earthquake_00000102,train_random,train
mexico-earthquake_00000103,train_random,train
mexico-earthquake_00000104,train_random,train
mexico-earthquake_00000105,train_random,train
mexico-earthquake_00000107,train_random,train
mexico-earthquake_00000108,val_random,train
mexico-earthquake_00000110,test_random,train
mexico-earthquake_00000111,train_random,train
mexico-earthquake_00000112,test_random,train
mexico-earthquake_00000114,test_random,train
mexico-earthquake_00000115,test_random,train
mexico-earthquake_00000118,val_random,train
mexico-earthquake_00000119,train_random,train
mexico-earthquake_00000120,val_random,train
mexico-earthquake_00000122,train_random,train
mexico-earthquake_00000125,test_random,train
mexico-earthquake_00000126,train_random,train
mexico-earthquake_00000127,train_random,train
mexico-earthquake_00000128,test_random,train
mexico-earthquake_00000129,train_random,train
mexico-earthquake_00000132,train_random,train
mexico-earthquake_00000136,train_random,train
mexico-earthquake_00000138,train_random,train
mexico-earthquake_00000140,train_random,train
mexico-earthquake_00000141,train_random,train
mexico-earthquake_00000142,test_random,train
mexico-earthquake_00000143,val_random,train
mexico-earthquake_00000144,train_random,train
mexico-earthquake_00000146,train_random,train
mexico-earthquake_00000148,train_random,train
mexico-earthquake_00000150,train_random,train
mexico-earthquake_00000151,test_random,train
mexico-earthquake_00000152,train_random,train
mexico-earthquake_00000153,val_random,train
mexico-earthquake_00000154,train_random,train
mexico-earthquake_00000155,train_random,train
mexico-earthquake_00000158,test_random,train
mexico-earthquake_00000159,train_random,train
mexico-earthquake_00000160,test_random,train
mexico-earthquake_00000164,train_random,train
mexico-earthquake_00000166,test_random,train
mexico-earthquake_00000168,train_random,train
mexico-earthquake_00000171,val_random,train
mexico-earthquake_00000172,val_random,train
mexico-earthquake_00000173,test_random,train
mexico-earthquake_00000176,train_random,train
mexico-earthquake_00000177,train_random,train
mexico-earthquake_00000179,test_random,train
mexico-earthquake_00000181,test_random,train
mexico-earthquake_00000182,train_random,train
mexico-earthquake_00000184,train_random,train
mexico-earthquake_00000185,train_random,train
mexico-earthquake_00000186,train_random,train
mexico-earthquake_00000191,train_random,train
mexico-earthquake_00000192,train_random,train
midwest-flooding_00000001,train_random,train
midwest-flooding_00000002,train_random,train
midwest-flooding_00000003,train_random,train
midwest-flooding_00000005,train_random,train
midwest-flooding_00000007,train_random,train
midwest-flooding_00000010,train_random,train
midwest-flooding_00000012,train_random,train
midwest-flooding_00000013,train_random,train
midwest-flooding_00000018,val_random,train
midwest-flooding_00000019,train_random,train
midwest-flooding_00000020,train_random,train
midwest-flooding_00000021,val_random,train
midwest-flooding_00000022,val_random,train
midwest-flooding_00000023,train_random,train
midwest-flooding_00000024,test_random,train
midwest-flooding_00000025,test_random,train
midwest-flooding_00000027,train_random,train
midwest-flooding_00000028,test_random,train
midwest-flooding_00000029,train_random,train
midwest-flooding_00000030,train_random,train
midwest-flooding_00000031,train_random,train
midwest-flooding_00000032,val_random,train
midwest-flooding_00000033,train_random,train
midwest-flooding_00000035,train_random,train
midwest-flooding_00000036,train_random,train
midwest-flooding_00000038,train_random,train
midwest-flooding_00000039,val_random,train
midwest-flooding_00000040,train_random,train
midwest-flooding_00000041,test_random,train
midwest-flooding_00000043,train_random,train
midwest-flooding_00000044,train_random,train
midwest-flooding_00000047,train_random,train
midwest-flooding_00000049,train_random,train
midwest-flooding_00000054,test_random,train
midwest-flooding_00000058,train_random,train
midwest-flooding_00000059,train_random,train
midwest-flooding_00000060,test_random,train
midwest-flooding_00000061,train_random,train
midwest-flooding_00000062,train_random,train
midwest-flooding_00000063,train_random,train
midwest-flooding_00000064,val_random,train
midwest-flooding_00000065,train_random,train
midwest-flooding_00000066,train_random,train
midwest-flooding_00000067,test_random,train
midwest-flooding_00000068,train_random,train
midwest-flooding_00000070,val_random,train
midwest-flooding_00000073,val_random,train
midwest-flooding_00000074,test_random,train
midwest-flooding_00000075,train_random,train
midwest-flooding_00000076,train_random,train
midwest-flooding_00000077,train_random,train
midwest-flooding_00000078,test_random,train
midwest-flooding_00000079,train_random,train
midwest-flooding_00000081,test_random,train
midwest-flooding_00000082,train_random,train
midwest-flooding_00000083,train_random,train
midwest-flooding_00000084,train_random,train
midwest-flooding_00000085,test_random,train
midwest-flooding_00000086,val_random,train
midwest-flooding_00000087,train_random,train
midwest-flooding_00000093,val_random,train
midwest-flooding_00000095,val_random,train
midwest-flooding_00000096,val_random,train
midwest-flooding_00000099,train_random,train
midwest-flooding_00000100,train_random,train
midwest-flooding_00000102,train_random,train
midwest-flooding_00000103,train_random,train
midwest-flooding_00000107,test_random,train
midwest-flooding_00000108,test_random,train
midwest-flooding_00000109,train_random,train
midwest-flooding_00000110,val_random,train
midwest-flooding_00000113,train_random,train
midwest-flooding_00000114,val_random,train
midwest-flooding_00000115,train_random,train
midwest-flooding_00000117,test_random,train
midwest-flooding_00000119,train_random,train
midwest-flooding_00000120,train_random,train
midwest-flooding_00000121,train_random,train
midwest-flooding_00000123,train_random,train
midwest-flooding_00000125,val_random,train
midwest-flooding_00000126,train_random,train
midwest-flooding_00000127,train_random,train
midwest-flooding_00000130,train_random,train
midwest-flooding_00000131,train_random,train
midwest-flooding_00000132,test_random,train
midwest-flooding_00000137,train_random,train
midwest-flooding_00000139,train_random,train
midwest-flooding_00000140,val_random,train
midwest-flooding_00000141,test_random,train
midwest-flooding_00000143,train_random,train
midwest-flooding_00000144,train_random,train
midwest-flooding_00000145,train_random,train
midwest-flooding_00000148,train_random,train
midwest-flooding_00000150,train_random,train
midwest-flooding_00000151,train_random,train
midwest-flooding_00000152,test_random,train
midwest-flooding_00000153,val_random,train
midwest-flooding_00000154,train_random,train
midwest-flooding_00000156,test_random,train
midwest-flooding_00000157,train_random,train
midwest-flooding_00000159,val_random,train
midwest-flooding_00000161,train_random,train
midwest-flooding_00000162,val_random,train
midwest-flooding_00000164,train_random,train
midwest-flooding_00000165,train_random,train
midwest-flooding_00000166,train_random,train
midwest-flooding_00000167,test_random,train
midwest-flooding_00000168,train_random,train
midwest-flooding_00000170,train_random,train
midwest-flooding_00000171,train_random,train
midwest-flooding_00000172,val_random,train
midwest-flooding_00000173,train_random,train
midwest-flooding_00000175,train_random,train
midwest-flooding_00000177,test_random,train
midwest-flooding_00000178,train_random,train
midwest-flooding_00000181,train_random,train
midwest-flooding_00000182,train_random,train
midwest-flooding_00000183,train_random,train
midwest-flooding_00000186,test_random,train
midwest-flooding_00000188,train_random,train
midwest-flooding_00000190,train_random,train
midwest-flooding_00000191,train_random,train
midwest-flooding_00000193,train_random,train
midwest-flooding_00000194,train_random,train
midwest-flooding_00000196,train_random,train
midwest-flooding_00000197,train_random,train
midwest-flooding_00000199,train_random,train
midwest-flooding_00000200,train_random,train
midwest-flooding_00000201,train_random,train
midwest-flooding_00000202,train_random,train
midwest-flooding_00000203,train_random,train
midwest-flooding_00000204,train_random,train
midwest-flooding_00000205,train_random,train
midwest-flooding_00000206,train_random,train
midwest-flooding_00000207,val_random,train
midwest-flooding_00000209,train_random,train
midwest-flooding_00000211,train_random,train
midwest-flooding_00000212,test_random,train
midwest-flooding_00000214,train_random,train
midwest-flooding_00000216,train_random,train
midwest-flooding_00000217,train_random,train
midwest-flooding_00000219,train_random,train
midwest-flooding_00000220,train_random,train
midwest-flooding_00000221,train_random,train
midwest-flooding_00000222,train_random,train
midwest-flooding_00000223,train_random,train
midwest-flooding_00000225,val_random,train
midwest-flooding_00000228,train_random,train
midwest-flooding_00000229,train_random,train
midwest-flooding_00000230,train_random,train
midwest-flooding_00000231,train_random,train
midwest-flooding_00000233,test_random,train
midwest-flooding_00000234,test_random,train
midwest-flooding_00000235,val_random,train
midwest-flooding_00000236,val_random,train
midwest-flooding_00000237,train_random,train
midwest-flooding_00000238,val_random,train
midwest-flooding_00000239,train_random,train
midwest-flooding_00000242,train_random,train
midwest-flooding_00000244,train_random,train
midwest-flooding_00000246,test_random,train
midwest-flooding_00000247,train_random,train
midwest-flooding_00000249,test_random,train
midwest-flooding_00000251,train_random,train
midwest-flooding_00000252,train_random,train
midwest-flooding_00000253,train_random,train
midwest-flooding_00000255,train_random,train
midwest-flooding_00000258,train_random,train
midwest-flooding_00000259,train_random,train
midwest-flooding_00000263,train_random,train
midwest-flooding_00000264,train_random,train
midwest-flooding_00000265,train_random,train
midwest-flooding_00000267,train_random,train
midwest-flooding_00000268,train_random,train
midwest-flooding_00000269,train_random,train
midwest-flooding_00000270,train_random,train
midwest-flooding_00000272,test_random,train
midwest-flooding_00000273,train_random,train
midwest-flooding_00000275,train_random,train
midwest-flooding_00000276,train_random,train
midwest-flooding_00000277,train_random,train
midwest-flooding_00000279,test_random,train
midwest-flooding_00000281,train_random,train
midwest-flooding_00000282,train_random,train
midwest-flooding_00000283,train_random,train
midwest-flooding_00000285,val_random,train
midwest-flooding_00000289,test_random,train
midwest-flooding_00000290,train_random,train
midwest-flooding_00000293,train_random,train
midwest-flooding_00000299,train_random,train
midwest-flooding_00000301,test_random,train
midwest-flooding_00000303,train_random,train
midwest-flooding_00000304,test_random,train
midwest-flooding_00000308,train_random,train
midwest-flooding_00000310,val_random,train
midwest-flooding_00000313,train_random,train
midwest-flooding_00000314,train_random,train
midwest-flooding_00000316,train_random,train
midwest-flooding_00000317,train_random,train
midwest-flooding_00000318,test_random,train
midwest-flooding_00000319,train_random,train
midwest-flooding_00000320,test_random,train
midwest-flooding_00000322,train_random,train
midwest-flooding_00000326,train_random,train
midwest-flooding_00000328,train_random,train
midwest-flooding_00000329,val_random,train
midwest-flooding_00000330,train_random,train
midwest-flooding_00000331,test_random,train
midwest-flooding_00000337,train_random,train
midwest-flooding_00000338,train_random,train
midwest-flooding_00000339,train_random,train
midwest-flooding_00000340,test_random,train
midwest-flooding_00000343,train_random,train
midwest-flooding_00000345,test_random,train
midwest-flooding_00000346,test_random,train
midwest-flooding_00000347,train_random,train
midwest-flooding_00000348,train_random,train
midwest-flooding_00000350,train_random,train
midwest-flooding_00000351,test_random,train
midwest-flooding_00000352,val_random,train
midwest-flooding_00000353,train_random,train
midwest-flooding_00000355,train_random,train
midwest-flooding_00000356,val_random,train
midwest-flooding_00000357,train_random,train
midwest-flooding_00000358,train_random,train
midwest-flooding_00000359,train_random,train
midwest-flooding_00000360,train_random,train
midwest-flooding_00000366,test_random,train
midwest-flooding_00000367,train_random,train
midwest-flooding_00000368,train_random,train
midwest-flooding_00000371,train_random,train
midwest-flooding_00000374,train_random,train
midwest-flooding_00000376,test_random,train
midwest-flooding_00000377,val_random,train
midwest-flooding_00000378,train_random,train
midwest-flooding_00000379,val_random,train
midwest-flooding_00000380,val_random,train
midwest-flooding_00000381,train_random,train
midwest-flooding_00000385,train_random,train
midwest-flooding_00000386,test_random,train
midwest-flooding_00000388,train_random,train
midwest-flooding_00000389,test_random,train
midwest-flooding_00000391,train_random,train
midwest-flooding_00000392,train_random,train
midwest-flooding_00000393,train_random,train
midwest-flooding_00000394,test_random,train
midwest-flooding_00000395,test_random,train
midwest-flooding_00000397,train_random,train
midwest-flooding_00000398,test_random,train
midwest-flooding_00000399,val_random,train
midwest-flooding_00000400,train_random,train
midwest-flooding_00000401,test_random,train
midwest-flooding_00000403,train_random,train
midwest-flooding_00000404,train_random,train
midwest-flooding_00000405,train_random,train
midwest-flooding_00000406,test_random,train
midwest-flooding_00000407,train_random,train
midwest-flooding_00000408,train_random,train
midwest-flooding_00000410,train_random,train
midwest-flooding_00000411,train_random,train
midwest-flooding_00000415,train_random,train
midwest-flooding_00000416,train_random,train
midwest-flooding_00000417,train_random,train
midwest-flooding_00000418,train_random,train
midwest-flooding_00000422,train_random,train
midwest-flooding_00000423,train_random,train
midwest-flooding_00000424,test_random,train
midwest-flooding_00000426,train_random,train
midwest-flooding_00000427,train_random,train
midwest-flooding_00000429,train_random,train
midwest-flooding_00000430,val_random,train
midwest-flooding_00000431,train_random,train
midwest-flooding_00000433,train_random,train
midwest-flooding_00000435,train_random,train
midwest-flooding_00000436,train_random,train
midwest-flooding_00000438,val_random,train
midwest-flooding_00000441,train_random,train
midwest-flooding_00000442,train_random,train
midwest-flooding_00000444,train_random,train
moore-tornado_00000000,train_random,tier3
moore-tornado_00000001,test_random,tier3
moore-tornado_00000002,train_random,tier3
moore-tornado_00000003,val_random,tier3
moore-tornado_00000004,val_random,tier3
moore-tornado_00000005,train_random,tier3
moore-tornado_00000006,train_random,tier3
moore-tornado_00000007,train_random,tier3
moore-tornado_00000008,train_random,tier3
moore-tornado_00000009,test_random,tier3
moore-tornado_00000010,train_random,tier3
moore-tornado_00000011,train_random,tier3
moore-tornado_00000012,train_random,tier3
moore-tornado_00000013,test_random,tier3
moore-tornado_00000014,train_random,tier3
moore-tornado_00000015,train_random,tier3
moore-tornado_00000016,train_random,tier3
moore-tornado_00000017,val_random,tier3
moore-tornado_00000018,train_random,tier3
moore-tornado_00000019,test_random,tier3
moore-tornado_00000020,val_random,tier3
moore-tornado_00000021,train_random,tier3
moore-tornado_00000022,train_random,tier3
moore-tornado_00000023,train_random,tier3
moore-tornado_00000024,train_random,tier3
moore-tornado_00000025,train_random,tier3
moore-tornado_00000026,train_random,tier3
moore-tornado_00000027,train_random,tier3
moore-tornado_00000028,train_random,tier3
moore-tornado_00000029,train_random,tier3
moore-tornado_00000030,train_random,tier3
moore-tornado_00000031,val_random,tier3
moore-tornado_00000032,train_random,tier3
moore-tornado_00000033,train_random,tier3
moore-tornado_00000034,train_random,tier3
moore-tornado_00000035,train_random,tier3
moore-tornado_00000036,train_random,tier3
moore-tornado_00000037,train_random,tier3
moore-tornado_00000038,train_random,tier3
moore-tornado_00000039,train_random,tier3
moore-tornado_00000040,val_random,tier3
moore-tornado_00000041,val_random,tier3
moore-tornado_00000042,train_random,tier3
moore-tornado_00000043,train_random,tier3
moore-tornado_00000044,train_random,tier3
moore-tornado_00000045,train_random,tier3
moore-tornado_00000046,train_random,tier3
moore-tornado_00000047,train_random,tier3
moore-tornado_00000048,train_random,tier3
moore-tornado_00000049,test_random,tier3
moore-tornado_00000050,train_random,tier3
moore-tornado_00000051,test_random,tier3
moore-tornado_00000052,test_random,tier3
moore-tornado_00000053,train_random,tier3
moore-tornado_00000054,test_random,tier3
moore-tornado_00000055,train_random,tier3
moore-tornado_00000056,train_random,tier3
moore-tornado_00000057,train_random,tier3
moore-tornado_00000058,train_random,tier3
moore-tornado_00000059,test_random,tier3
moore-tornado_00000060,train_random,tier3
moore-tornado_00000061,train_random,tier3
moore-tornado_00000062,train_random,tier3
moore-tornado_00000063,train_random,tier3
moore-tornado_00000064,train_random,tier3
moore-tornado_00000065,train_random,tier3
moore-tornado_00000066,train_random,tier3
moore-tornado_00000067,val_random,tier3
moore-tornado_00000068,train_random,tier3
moore-tornado_00000069,val_random,tier3
moore-tornado_00000070,train_random,tier3
moore-tornado_00000071,train_random,tier3
moore-tornado_00000072,test_random,tier3
moore-tornado_00000073,train_random,tier3
moore-tornado_00000074,val_random,tier3
moore-tornado_00000075,train_random,tier3
moore-tornado_00000076,train_random,tier3
moore-tornado_00000077,val_random,tier3
moore-tornado_00000078,train_random,tier3
moore-tornado_00000079,train_random,tier3
moore-tornado_00000080,val_random,tier3
moore-tornado_00000081,train_random,tier3
moore-tornado_00000082,train_random,tier3
moore-tornado_00000083,train_random,tier3
moore-tornado_00000084,train_random,tier3
moore-tornado_00000085,train_random,tier3
moore-tornado_00000086,train_random,tier3
moore-tornado_00000087,train_random,tier3
moore-tornado_00000088,train_random,tier3
moore-tornado_00000089,train_random,tier3
moore-tornado_00000090,train_random,tier3
moore-tornado_00000091,train_random,tier3
moore-tornado_00000092,train_random,tier3
moore-tornado_00000093,train_random,tier3
moore-tornado_00000094,test_random,tier3
moore-tornado_00000095,train_random,tier3
moore-tornado_00000096,train_random,tier3
moore-tornado_00000097,test_random,tier3
moore-tornado_00000098,train_random,tier3
moore-tornado_00000099,val_random,tier3
moore-tornado_00000100,val_random,tier3
moore-tornado_00000101,train_random,tier3
moore-tornado_00000102,train_random,tier3
moore-tornado_00000103,train_random,tier3
moore-tornado_00000104,test_random,tier3
moore-tornado_00000105,train_random,tier3
moore-tornado_00000106,train_random,tier3
moore-tornado_00000107,train_random,tier3
moore-tornado_00000108,train_random,tier3
moore-tornado_00000109,test_random,tier3
moore-tornado_00000110,train_random,tier3
moore-tornado_00000111,train_random,tier3
moore-tornado_00000112,train_random,tier3
moore-tornado_00000113,val_random,tier3
moore-tornado_00000114,train_random,tier3
moore-tornado_00000115,train_random,tier3
moore-tornado_00000116,train_random,tier3
moore-tornado_00000117,train_random,tier3
moore-tornado_00000118,train_random,tier3
moore-tornado_00000119,val_random,tier3
moore-tornado_00000120,test_random,tier3
moore-tornado_00000121,val_random,tier3
moore-tornado_00000122,train_random,tier3
moore-tornado_00000123,train_random,tier3
moore-tornado_00000124,train_random,tier3
moore-tornado_00000125,test_random,tier3
moore-tornado_00000126,train_random,tier3
moore-tornado_00000127,train_random,tier3
moore-tornado_00000128,train_random,tier3
moore-tornado_00000129,train_random,tier3
moore-tornado_00000130,train_random,tier3
moore-tornado_00000131,train_random,tier3
moore-tornado_00000132,train_random,tier3
moore-tornado_00000133,train_random,tier3
moore-tornado_00000134,train_random,tier3
moore-tornado_00000135,train_random,tier3
moore-tornado_00000136,train_random,tier3
moore-tornado_00000137,train_random,tier3
moore-tornado_00000138,train_random,tier3
moore-tornado_00000139,train_random,tier3
moore-tornado_00000140,train_random,tier3
moore-tornado_00000141,train_random,tier3
moore-tornado_00000142,train_random,tier3
moore-tornado_00000143,test_random,tier3
moore-tornado_00000144,train_random,tier3
moore-tornado_00000145,train_random,tier3
moore-tornado_00000146,val_random,tier3
moore-tornado_00000147,val_random,tier3
moore-tornado_00000148,train_random,tier3
moore-tornado_00000149,train_random,tier3
moore-tornado_00000150,test_random,tier3
moore-tornado_00000151,val_random,tier3
moore-tornado_00000152,test_random,tier3
moore-tornado_00000153,train_random,tier3
moore-tornado_00000154,train_random,tier3
moore-tornado_00000155,train_random,tier3
moore-tornado_00000156,train_random,tier3
moore-tornado_00000157,train_random,tier3
moore-tornado_00000158,train_random,tier3
moore-tornado_00000159,train_random,tier3
moore-tornado_00000160,test_random,tier3
moore-tornado_00000161,val_random,tier3
moore-tornado_00000162,test_random,tier3
moore-tornado_00000163,train_random,tier3
moore-tornado_00000164,train_random,tier3
moore-tornado_00000165,train_random,tier3
moore-tornado_00000166,test_random,tier3
moore-tornado_00000167,train_random,tier3
moore-tornado_00000168,train_random,tier3
moore-tornado_00000169,train_random,tier3
moore-tornado_00000170,train_random,tier3
moore-tornado_00000171,train_random,tier3
moore-tornado_00000172,test_random,tier3
moore-tornado_00000173,val_random,tier3
moore-tornado_00000174,val_random,tier3
moore-tornado_00000175,train_random,tier3
moore-tornado_00000176,test_random,tier3
moore-tornado_00000177,train_random,tier3
moore-tornado_00000178,train_random,tier3
moore-tornado_00000179,test_random,tier3
moore-tornado_00000180,train_random,tier3
moore-tornado_00000181,train_random,tier3
moore-tornado_00000182,val_random,tier3
moore-tornado_00000183,train_random,tier3
moore-tornado_00000184,test_random,tier3
moore-tornado_00000185,val_random,tier3
moore-tornado_00000186,train_random,tier3
moore-tornado_00000187,val_random,tier3
moore-tornado_00000188,train_random,tier3
moore-tornado_00000189,train_random,tier3
moore-tornado_00000190,train_random,tier3
moore-tornado_00000191,train_random,tier3
moore-tornado_00000192,train_random,tier3
moore-tornado_00000193,test_random,tier3
moore-tornado_00000194,val_random,tier3
moore-tornado_00000195,test_random,tier3
moore-tornado_00000196,train_random,tier3
moore-tornado_00000197,test_random,tier3
moore-tornado_00000198,train_random,tier3
moore-tornado_00000199,train_random,tier3
moore-tornado_00000200,train_random,tier3
moore-tornado_00000201,test_random,tier3
moore-tornado_00000202,train_random,tier3
moore-tornado_00000203,train_random,tier3
moore-tornado_00000204,train_random,tier3
moore-tornado_00000205,train_random,tier3
moore-tornado_00000206,train_random,tier3
moore-tornado_00000207,train_random,tier3
moore-tornado_00000208,test_random,tier3
moore-tornado_00000209,train_random,tier3
moore-tornado_00000210,val_random,tier3
moore-tornado_00000211,test_random,tier3
moore-tornado_00000212,val_random,tier3
moore-tornado_00000213,test_random,tier3
moore-tornado_00000214,train_random,tier3
moore-tornado_00000215,val_random,tier3
moore-tornado_00000216,train_random,tier3
moore-tornado_00000217,train_random,tier3
moore-tornado_00000218,val_random,tier3
moore-tornado_00000219,test_random,tier3
moore-tornado_00000220,train_random,tier3
moore-tornado_00000221,train_random,tier3
moore-tornado_00000222,train_random,tier3
moore-tornado_00000223,val_random,tier3
moore-tornado_00000224,test_random,tier3
moore-tornado_00000225,train_random,tier3
moore-tornado_00000226,train_random,tier3
nepal-flooding_00000000,train_random,tier3
nepal-flooding_00000001,train_random,tier3
nepal-flooding_00000002,train_random,tier3
nepal-flooding_00000003,train_random,tier3
nepal-flooding_00000004,test_random,tier3
nepal-flooding_00000005,train_random,tier3
nepal-flooding_00000006,test_random,tier3
nepal-flooding_00000007,train_random,tier3
nepal-flooding_00000008,train_random,tier3
nepal-flooding_00000009,val_random,tier3
nepal-flooding_00000010,test_random,tier3
nepal-flooding_00000011,val_random,tier3
nepal-flooding_00000012,train_random,tier3
nepal-flooding_00000013,train_random,tier3
nepal-flooding_00000014,train_random,tier3
nepal-flooding_00000015,train_random,tier3
nepal-flooding_00000016,train_random,tier3
nepal-flooding_00000017,test_random,tier3
nepal-flooding_00000018,val_random,tier3
nepal-flooding_00000019,test_random,tier3
nepal-flooding_00000020,train_random,tier3
nepal-flooding_00000021,train_random,tier3
nepal-flooding_00000022,train_random,tier3
nepal-flooding_00000023,train_random,tier3
nepal-flooding_00000024,val_random,tier3
nepal-flooding_00000025,test_random,tier3
nepal-flooding_00000026,train_random,tier3
nepal-flooding_00000027,train_random,tier3
nepal-flooding_00000028,train_random,tier3
nepal-flooding_00000029,train_random,tier3
nepal-flooding_00000030,train_random,tier3
nepal-flooding_00000031,val_random,tier3
nepal-flooding_00000032,test_random,tier3
nepal-flooding_00000033,train_random,tier3
nepal-flooding_00000034,train_random,tier3
nepal-flooding_00000035,train_random,tier3
nepal-flooding_00000036,train_random,tier3
nepal-flooding_00000037,train_random,tier3
nepal-flooding_00000038,train_random,tier3
nepal-flooding_00000039,train_random,tier3
nepal-flooding_00000040,train_random,tier3
nepal-flooding_00000041,train_random,tier3
nepal-flooding_00000042,train_random,tier3
nepal-flooding_00000043,train_random,tier3
nepal-flooding_00000044,train_random,tier3
nepal-flooding_00000045,test_random,tier3
nepal-flooding_00000046,test_random,tier3
nepal-flooding_00000047,train_random,tier3
nepal-flooding_00000048,test_random,tier3
nepal-flooding_00000049,train_random,tier3
nepal-flooding_00000050,train_random,tier3
nepal-flooding_00000051,val_random,tier3
nepal-flooding_00000052,val_random,tier3
nepal-flooding_00000053,test_random,tier3
nepal-flooding_00000054,val_random,tier3
nepal-flooding_00000055,train_random,tier3
nepal-flooding_00000056,train_random,tier3
nepal-flooding_00000057,val_random,tier3
nepal-flooding_00000058,test_random,tier3
nepal-flooding_00000059,val_random,tier3
nepal-flooding_00000060,train_random,tier3
nepal-flooding_00000061,train_random,tier3
nepal-flooding_00000062,train_random,tier3
nepal-flooding_00000063,train_random,tier3
nepal-flooding_00000064,test_random,tier3
nepal-flooding_00000065,train_random,tier3
nepal-flooding_00000066,train_random,tier3
nepal-flooding_00000067,train_random,tier3
nepal-flooding_00000068,train_random,tier3
nepal-flooding_00000069,test_random,tier3
nepal-flooding_00000070,val_random,tier3
nepal-flooding_00000071,train_random,tier3
nepal-flooding_00000072,test_random,tier3
nepal-flooding_00000073,test_random,tier3
nepal-flooding_00000074,test_random,tier3
nepal-flooding_00000075,train_random,tier3
nepal-flooding_00000076,test_random,tier3
nepal-flooding_00000077,test_random,tier3
nepal-flooding_00000078,train_random,tier3
nepal-flooding_00000079,train_random,tier3
nepal-flooding_00000080,train_random,tier3
nepal-flooding_00000081,train_random,tier3
nepal-flooding_00000082,train_random,tier3
nepal-flooding_00000083,train_random,tier3
nepal-flooding_00000084,train_random,tier3
nepal-flooding_00000085,train_random,tier3
nepal-flooding_00000086,val_random,tier3
nepal-flooding_00000087,train_random,tier3
nepal-flooding_00000088,val_random,tier3
nepal-flooding_00000089,train_random,tier3
nepal-flooding_00000090,train_random,tier3
nepal-flooding_00000091,test_random,tier3
nepal-flooding_00000092,train_random,tier3
nepal-flooding_00000093,val_random,tier3
nepal-flooding_00000094,train_random,tier3
nepal-flooding_00000095,train_random,tier3
nepal-flooding_00000096,test_random,tier3
nepal-flooding_00000097,train_random,tier3
nepal-flooding_00000098,test_random,tier3
nepal-flooding_00000099,test_random,tier3
nepal-flooding_00000100,test_random,tier3
nepal-flooding_00000101,train_random,tier3
nepal-flooding_00000102,train_random,tier3
nepal-flooding_00000103,train_random,tier3
nepal-flooding_00000104,train_random,tier3
nepal-flooding_00000105,train_random,tier3
nepal-flooding_00000106,val_random,tier3
nepal-flooding_00000107,train_random,tier3
nepal-flooding_00000108,train_random,tier3
nepal-flooding_00000109,train_random,tier3
nepal-flooding_00000110,train_random,tier3
nepal-flooding_00000111,train_random,tier3
nepal-flooding_00000112,train_random,tier3
nepal-flooding_00000113,train_random,tier3
nepal-flooding_00000114,train_random,tier3
nepal-flooding_00000115,train_random,tier3
nepal-flooding_00000116,val_random,tier3
nepal-flooding_00000117,train_random,tier3
nepal-flooding_00000118,train_random,tier3
nepal-flooding_00000119,train_random,tier3
nepal-flooding_00000120,train_random,tier3
nepal-flooding_00000121,train_random,tier3
nepal-flooding_00000122,train_random,tier3
nepal-flooding_00000123,train_random,tier3
nepal-flooding_00000124,train_random,tier3
nepal-flooding_00000125,train_random,tier3
nepal-flooding_00000126,train_random,tier3
nepal-flooding_00000127,train_random,tier3
nepal-flooding_00000128,train_random,tier3
nepal-flooding_00000129,test_random,tier3
nepal-flooding_00000130,train_random,tier3
nepal-flooding_00000131,train_random,tier3
nepal-flooding_00000132,train_random,tier3
nepal-flooding_00000133,val_random,tier3
nepal-flooding_00000134,train_random,tier3
nepal-flooding_00000135,train_random,tier3
nepal-flooding_00000136,test_random,tier3
nepal-flooding_00000137,train_random,tier3
nepal-flooding_00000138,train_random,tier3
nepal-flooding_00000139,test_random,tier3
nepal-flooding_00000140,val_random,tier3
nepal-flooding_00000141,train_random,tier3
nepal-flooding_00000142,train_random,tier3
nepal-flooding_00000143,val_random,tier3
nepal-flooding_00000144,train_random,tier3
nepal-flooding_00000145,train_random,tier3
nepal-flooding_00000146,val_random,tier3
nepal-flooding_00000147,val_random,tier3
nepal-flooding_00000148,train_random,tier3
nepal-flooding_00000149,train_random,tier3
nepal-flooding_00000150,train_random,tier3
nepal-flooding_00000151,test_random,tier3
nepal-flooding_00000152,test_random,tier3
nepal-flooding_00000153,train_random,tier3
nepal-flooding_00000154,train_random,tier3
nepal-flooding_00000155,train_random,tier3
nepal-flooding_00000156,val_random,tier3
nepal-flooding_00000157,train_random,tier3
nepal-flooding_00000158,train_random,tier3
nepal-flooding_00000159,test_random,tier3
nepal-flooding_00000160,train_random,tier3
nepal-flooding_00000161,train_random,tier3
nepal-flooding_00000162,val_random,tier3
nepal-flooding_00000163,test_random,tier3
nepal-flooding_00000164,test_random,tier3
nepal-flooding_00000165,train_random,tier3
nepal-flooding_00000166,train_random,tier3
nepal-flooding_00000167,train_random,tier3
nepal-flooding_00000168,train_random,tier3
nepal-flooding_00000169,train_random,tier3
nepal-flooding_00000170,train_random,tier3
nepal-flooding_00000171,test_random,tier3
nepal-flooding_00000172,val_random,tier3
nepal-flooding_00000173,test_random,tier3
nepal-flooding_00000174,train_random,tier3
nepal-flooding_00000175,train_random,tier3
nepal-flooding_00000176,train_random,tier3
nepal-flooding_00000177,test_random,tier3
nepal-flooding_00000178,train_random,tier3
nepal-flooding_00000179,train_random,tier3
nepal-flooding_00000180,train_random,tier3
nepal-flooding_00000181,test_random,tier3
nepal-flooding_00000182,test_random,tier3
nepal-flooding_00000183,train_random,tier3
nepal-flooding_00000184,train_random,tier3
nepal-flooding_00000185,train_random,tier3
nepal-flooding_00000186,test_random,tier3
nepal-flooding_00000187,train_random,tier3
nepal-flooding_00000188,test_random,tier3
nepal-flooding_00000189,train_random,tier3
nepal-flooding_00000190,train_random,tier3
nepal-flooding_00000191,train_random,tier3
nepal-flooding_00000192,val_random,tier3
nepal-flooding_00000193,train_random,tier3
nepal-flooding_00000194,test_random,tier3
nepal-flooding_00000195,train_random,tier3
nepal-flooding_00000196,train_random,tier3
nepal-flooding_00000197,train_random,tier3
nepal-flooding_00000198,train_random,tier3
nepal-flooding_00000199,train_random,tier3
nepal-flooding_00000200,test_random,tier3
nepal-flooding_00000201,train_random,tier3
nepal-flooding_00000202,train_random,tier3
nepal-flooding_00000203,train_random,tier3
nepal-flooding_00000204,train_random,tier3
nepal-flooding_00000205,test_random,tier3
nepal-flooding_00000206,train_random,tier3
nepal-flooding_00000207,train_random,tier3
nepal-flooding_00000208,train_random,tier3
nepal-flooding_00000209,train_random,tier3
nepal-flooding_00000210,val_random,tier3
nepal-flooding_00000211,test_random,tier3
nepal-flooding_00000212,test_random,tier3
nepal-flooding_00000213,test_random,tier3
nepal-flooding_00000214,train_random,tier3
nepal-flooding_00000215,train_random,tier3
nepal-flooding_00000216,train_random,tier3
nepal-flooding_00000217,val_random,tier3
nepal-flooding_00000218,train_random,tier3
nepal-flooding_00000219,train_random,tier3
nepal-flooding_00000220,train_random,tier3
nepal-flooding_00000221,train_random,tier3
nepal-flooding_00000222,test_random,tier3
nepal-flooding_00000223,test_random,tier3
nepal-flooding_00000224,train_random,tier3
nepal-flooding_00000225,train_random,tier3
nepal-flooding_00000226,train_random,tier3
nepal-flooding_00000227,train_random,tier3
nepal-flooding_00000228,train_random,tier3
nepal-flooding_00000229,train_random,tier3
nepal-flooding_00000230,train_random,tier3
nepal-flooding_00000231,train_random,tier3
nepal-flooding_00000232,train_random,tier3
nepal-flooding_00000233,test_random,tier3
nepal-flooding_00000234,train_random,tier3
nepal-flooding_00000235,train_random,tier3
nepal-flooding_00000236,train_random,tier3
nepal-flooding_00000237,val_random,tier3
nepal-flooding_00000238,train_random,tier3
nepal-flooding_00000239,val_random,tier3
nepal-flooding_00000240,train_random,tier3
nepal-flooding_00000241,train_random,tier3
nepal-flooding_00000242,train_random,tier3
nepal-flooding_00000243,train_random,tier3
nepal-flooding_00000244,train_random,tier3
nepal-flooding_00000245,train_random,tier3
nepal-flooding_00000246,train_random,tier3
nepal-flooding_00000247,test_random,tier3
nepal-flooding_00000248,test_random,tier3
nepal-flooding_00000249,train_random,tier3
nepal-flooding_00000250,val_random,tier3
nepal-flooding_00000251,val_random,tier3
nepal-flooding_00000252,train_random,tier3
nepal-flooding_00000253,train_random,tier3
nepal-flooding_00000254,train_random,tier3
nepal-flooding_00000255,train_random,tier3
nepal-flooding_00000256,test_random,tier3
nepal-flooding_00000257,train_random,tier3
nepal-flooding_00000258,train_random,tier3
nepal-flooding_00000259,val_random,tier3
nepal-flooding_00000260,train_random,tier3
nepal-flooding_00000261,train_random,tier3
nepal-flooding_00000262,train_random,tier3
nepal-flooding_00000263,train_random,tier3
nepal-flooding_00000264,train_random,tier3
nepal-flooding_00000265,test_random,tier3
nepal-flooding_00000266,train_random,tier3
nepal-flooding_00000267,train_random,tier3
nepal-flooding_00000268,train_random,tier3
nepal-flooding_00000269,train_random,tier3
nepal-flooding_00000270,train_random,tier3
nepal-flooding_00000271,train_random,tier3
nepal-flooding_00000272,train_random,tier3
nepal-flooding_00000273,train_random,tier3
nepal-flooding_00000274,val_random,tier3
nepal-flooding_00000275,train_random,tier3
nepal-flooding_00000276,train_random,tier3
nepal-flooding_00000277,train_random,tier3
nepal-flooding_00000278,train_random,tier3
nepal-flooding_00000279,val_random,tier3
nepal-flooding_00000280,val_random,tier3
nepal-flooding_00000281,train_random,tier3
nepal-flooding_00000282,val_random,tier3
nepal-flooding_00000283,test_random,tier3
nepal-flooding_00000284,train_random,tier3
nepal-flooding_00000285,train_random,tier3
nepal-flooding_00000286,train_random,tier3
nepal-flooding_00000287,val_random,tier3
nepal-flooding_00000288,train_random,tier3
nepal-flooding_00000289,train_random,tier3
nepal-flooding_00000290,train_random,tier3
nepal-flooding_00000291,train_random,tier3
nepal-flooding_00000292,train_random,tier3
nepal-flooding_00000293,val_random,tier3
nepal-flooding_00000294,train_random,tier3
nepal-flooding_00000295,test_random,tier3
nepal-flooding_00000296,val_random,tier3
nepal-flooding_00000297,train_random,tier3
nepal-flooding_00000298,test_random,tier3
nepal-flooding_00000299,train_random,tier3
nepal-flooding_00000300,test_random,tier3
nepal-flooding_00000301,train_random,tier3
nepal-flooding_00000302,train_random,tier3
nepal-flooding_00000303,test_random,tier3
nepal-flooding_00000304,train_random,tier3
nepal-flooding_00000305,train_random,tier3
nepal-flooding_00000306,val_random,tier3
nepal-flooding_00000307,val_random,tier3
nepal-flooding_00000308,train_random,tier3
nepal-flooding_00000309,test_random,tier3
nepal-flooding_00000310,train_random,tier3
nepal-flooding_00000311,train_random,tier3
nepal-flooding_00000312,train_random,tier3
nepal-flooding_00000313,train_random,tier3
nepal-flooding_00000314,train_random,tier3
nepal-flooding_00000315,train_random,tier3
nepal-flooding_00000316,train_random,tier3
nepal-flooding_00000317,train_random,tier3
nepal-flooding_00000318,test_random,tier3
nepal-flooding_00000319,train_random,tier3
nepal-flooding_00000320,train_random,tier3
nepal-flooding_00000321,train_random,tier3
nepal-flooding_00000322,train_random,tier3
nepal-flooding_00000323,train_random,tier3
nepal-flooding_00000324,train_random,tier3
nepal-flooding_00000325,train_random,tier3
nepal-flooding_00000326,train_random,tier3
nepal-flooding_00000327,train_random,tier3
nepal-flooding_00000328,train_random,tier3
nepal-flooding_00000329,test_random,tier3
nepal-flooding_00000330,train_random,tier3
nepal-flooding_00000331,train_random,tier3
nepal-flooding_00000332,test_random,tier3
nepal-flooding_00000333,train_random,tier3
nepal-flooding_00000334,train_random,tier3
nepal-flooding_00000335,train_random,tier3
nepal-flooding_00000336,val_random,tier3
nepal-flooding_00000337,train_random,tier3
nepal-flooding_00000338,train_random,tier3
nepal-flooding_00000339,train_random,tier3
nepal-flooding_00000340,train_random,tier3
nepal-flooding_00000341,train_random,tier3
nepal-flooding_00000342,train_random,tier3
nepal-flooding_00000343,test_random,tier3
nepal-flooding_00000344,train_random,tier3
nepal-flooding_00000345,train_random,tier3
nepal-flooding_00000346,train_random,tier3
nepal-flooding_00000347,train_random,tier3
nepal-flooding_00000348,train_random,tier3
nepal-flooding_00000349,train_random,tier3
nepal-flooding_00000350,train_random,tier3
nepal-flooding_00000351,train_random,tier3
nepal-flooding_00000352,test_random,tier3
nepal-flooding_00000353,train_random,tier3
nepal-flooding_00000354,test_random,tier3
nepal-flooding_00000355,train_random,tier3
nepal-flooding_00000356,train_random,tier3
nepal-flooding_00000357,test_random,tier3
nepal-flooding_00000358,train_random,tier3
nepal-flooding_00000359,train_random,tier3
nepal-flooding_00000360,train_random,tier3
nepal-flooding_00000361,train_random,tier3
nepal-flooding_00000362,train_random,tier3
nepal-flooding_00000363,train_random,tier3
nepal-flooding_00000364,train_random,tier3
nepal-flooding_00000365,train_random,tier3
nepal-flooding_00000366,train_random,tier3
nepal-flooding_00000367,train_random,tier3
nepal-flooding_00000368,train_random,tier3
nepal-flooding_00000369,train_random,tier3
nepal-flooding_00000370,train_random,tier3
nepal-flooding_00000371,train_random,tier3
nepal-flooding_00000372,train_random,tier3
nepal-flooding_00000373,train_random,tier3
nepal-flooding_00000374,val_random,tier3
nepal-flooding_00000375,train_random,tier3
nepal-flooding_00000376,train_random,tier3
nepal-flooding_00000377,test_random,tier3
nepal-flooding_00000378,train_random,tier3
nepal-flooding_00000379,train_random,tier3
nepal-flooding_00000380,test_random,tier3
nepal-flooding_00000381,train_random,tier3
nepal-flooding_00000382,train_random,tier3
nepal-flooding_00000383,train_random,tier3
nepal-flooding_00000384,train_random,tier3
nepal-flooding_00000385,train_random,tier3
nepal-flooding_00000386,train_random,tier3
nepal-flooding_00000387,train_random,tier3
nepal-flooding_00000388,train_random,tier3
nepal-flooding_00000389,train_random,tier3
nepal-flooding_00000390,train_random,tier3
nepal-flooding_00000391,val_random,tier3
nepal-flooding_00000392,train_random,tier3
nepal-flooding_00000393,train_random,tier3
nepal-flooding_00000394,test_random,tier3
nepal-flooding_00000395,test_random,tier3
nepal-flooding_00000396,train_random,tier3
nepal-flooding_00000397,train_random,tier3
nepal-flooding_00000398,train_random,tier3
nepal-flooding_00000399,val_random,tier3
nepal-flooding_00000400,train_random,tier3
nepal-flooding_00000401,train_random,tier3
nepal-flooding_00000402,train_random,tier3
nepal-flooding_00000403,val_random,tier3
nepal-flooding_00000404,val_random,tier3
nepal-flooding_00000405,train_random,tier3
nepal-flooding_00000406,train_random,tier3
nepal-flooding_00000407,train_random,tier3
nepal-flooding_00000408,train_random,tier3
nepal-flooding_00000409,train_random,tier3
nepal-flooding_00000410,val_random,tier3
nepal-flooding_00000411,train_random,tier3
nepal-flooding_00000412,train_random,tier3
nepal-flooding_00000413,train_random,tier3
nepal-flooding_00000414,train_random,tier3
nepal-flooding_00000415,train_random,tier3
nepal-flooding_00000416,train_random,tier3
nepal-flooding_00000417,train_random,tier3
nepal-flooding_00000418,train_random,tier3
nepal-flooding_00000419,train_random,tier3
nepal-flooding_00000420,train_random,tier3
nepal-flooding_00000421,train_random,tier3
nepal-flooding_00000422,test_random,tier3
nepal-flooding_00000423,test_random,tier3
nepal-flooding_00000424,val_random,tier3
nepal-flooding_00000425,train_random,tier3
nepal-flooding_00000426,train_random,tier3
nepal-flooding_00000427,train_random,tier3
nepal-flooding_00000428,val_random,tier3
nepal-flooding_00000429,train_random,tier3
nepal-flooding_00000430,val_random,tier3
nepal-flooding_00000431,train_random,tier3
nepal-flooding_00000432,test_random,tier3
nepal-flooding_00000433,train_random,tier3
nepal-flooding_00000434,train_random,tier3
nepal-flooding_00000435,train_random,tier3
nepal-flooding_00000436,train_random,tier3
nepal-flooding_00000437,train_random,tier3
nepal-flooding_00000438,train_random,tier3
nepal-flooding_00000439,train_random,tier3
nepal-flooding_00000440,val_random,tier3
nepal-flooding_00000441,train_random,tier3
nepal-flooding_00000442,train_random,tier3
nepal-flooding_00000443,test_random,tier3
nepal-flooding_00000444,train_random,tier3
nepal-flooding_00000445,train_random,tier3
nepal-flooding_00000446,test_random,tier3
nepal-flooding_00000447,train_random,tier3
nepal-flooding_00000448,train_random,tier3
nepal-flooding_00000449,train_random,tier3
nepal-flooding_00000450,test_random,tier3
nepal-flooding_00000451,train_random,tier3
nepal-flooding_00000452,train_random,tier3
nepal-flooding_00000453,val_random,tier3
nepal-flooding_00000454,val_random,tier3
nepal-flooding_00000455,train_random,tier3
nepal-flooding_00000456,train_random,tier3
nepal-flooding_00000457,train_random,tier3
nepal-flooding_00000458,test_random,tier3
nepal-flooding_00000459,train_random,tier3
nepal-flooding_00000460,train_random,tier3
nepal-flooding_00000461,train_random,tier3
nepal-flooding_00000462,train_random,tier3
nepal-flooding_00000463,train_random,tier3
nepal-flooding_00000464,train_random,tier3
nepal-flooding_00000465,test_random,tier3
nepal-flooding_00000466,test_random,tier3
nepal-flooding_00000467,test_random,tier3
nepal-flooding_00000468,train_random,tier3
nepal-flooding_00000469,train_random,tier3
nepal-flooding_00000470,train_random,tier3
nepal-flooding_00000471,val_random,tier3
nepal-flooding_00000472,train_random,tier3
nepal-flooding_00000473,train_random,tier3
nepal-flooding_00000474,val_random,tier3
nepal-flooding_00000475,train_random,tier3
nepal-flooding_00000476,test_random,tier3
nepal-flooding_00000477,train_random,tier3
nepal-flooding_00000478,train_random,tier3
nepal-flooding_00000479,val_random,tier3
nepal-flooding_00000480,train_random,tier3
nepal-flooding_00000481,train_random,tier3
nepal-flooding_00000482,train_random,tier3
nepal-flooding_00000483,val_random,tier3
nepal-flooding_00000484,train_random,tier3
nepal-flooding_00000485,train_random,tier3
nepal-flooding_00000486,train_random,tier3
nepal-flooding_00000487,train_random,tier3
nepal-flooding_00000488,train_random,tier3
nepal-flooding_00000489,train_random,tier3
nepal-flooding_00000490,test_random,tier3
nepal-flooding_00000491,train_random,tier3
nepal-flooding_00000492,val_random,tier3
nepal-flooding_00000493,train_random,tier3
nepal-flooding_00000494,train_random,tier3
nepal-flooding_00000495,test_random,tier3
nepal-flooding_00000496,train_random,tier3
nepal-flooding_00000497,train_random,tier3
nepal-flooding_00000498,train_random,tier3
nepal-flooding_00000499,train_random,tier3
nepal-flooding_00000500,test_random,tier3
nepal-flooding_00000501,val_random,tier3
nepal-flooding_00000502,train_random,tier3
nepal-flooding_00000503,train_random,tier3
nepal-flooding_00000504,train_random,tier3
nepal-flooding_00000505,train_random,tier3
nepal-flooding_00000506,train_random,tier3
nepal-flooding_00000507,train_random,tier3
nepal-flooding_00000508,val_random,tier3
nepal-flooding_00000509,test_random,tier3
nepal-flooding_00000510,train_random,tier3
nepal-flooding_00000511,train_random,tier3
nepal-flooding_00000512,train_random,tier3
nepal-flooding_00000513,test_random,tier3
nepal-flooding_00000514,train_random,tier3
nepal-flooding_00000515,test_random,tier3
nepal-flooding_00000516,train_random,tier3
nepal-flooding_00000517,train_random,tier3
nepal-flooding_00000518,val_random,tier3
nepal-flooding_00000519,train_random,tier3
nepal-flooding_00000520,train_random,tier3
nepal-flooding_00000521,test_random,tier3
nepal-flooding_00000522,val_random,tier3
nepal-flooding_00000523,train_random,tier3
nepal-flooding_00000524,train_random,tier3
nepal-flooding_00000525,train_random,tier3
nepal-flooding_00000526,train_random,tier3
nepal-flooding_00000527,test_random,tier3
nepal-flooding_00000528,train_random,tier3
nepal-flooding_00000529,train_random,tier3
nepal-flooding_00000530,train_random,tier3
nepal-flooding_00000531,train_random,tier3
nepal-flooding_00000532,train_random,tier3
nepal-flooding_00000533,train_random,tier3
nepal-flooding_00000534,train_random,tier3
nepal-flooding_00000535,train_random,tier3
nepal-flooding_00000536,train_random,tier3
nepal-flooding_00000537,train_random,tier3
nepal-flooding_00000538,train_random,tier3
nepal-flooding_00000539,train_random,tier3
nepal-flooding_00000540,train_random,tier3
nepal-flooding_00000541,test_random,tier3
nepal-flooding_00000542,val_random,tier3
nepal-flooding_00000543,train_random,tier3
nepal-flooding_00000544,train_random,tier3
nepal-flooding_00000545,train_random,tier3
nepal-flooding_00000546,train_random,tier3
nepal-flooding_00000547,val_random,tier3
nepal-flooding_00000548,train_random,tier3
nepal-flooding_00000549,train_random,tier3
nepal-flooding_00000550,val_random,tier3
nepal-flooding_00000551,train_random,tier3
nepal-flooding_00000552,train_random,tier3
nepal-flooding_00000553,train_random,tier3
nepal-flooding_00000554,train_random,tier3
nepal-flooding_00000555,train_random,tier3
nepal-flooding_00000556,train_random,tier3
nepal-flooding_00000557,train_random,tier3
nepal-flooding_00000558,val_random,tier3
nepal-flooding_00000559,train_random,tier3
nepal-flooding_00000560,test_random,tier3
nepal-flooding_00000561,train_random,tier3
nepal-flooding_00000562,train_random,tier3
nepal-flooding_00000563,train_random,tier3
nepal-flooding_00000564,train_random,tier3
nepal-flooding_00000565,train_random,tier3
nepal-flooding_00000566,train_random,tier3
nepal-flooding_00000567,test_random,tier3
nepal-flooding_00000568,val_random,tier3
nepal-flooding_00000569,train_random,tier3
nepal-flooding_00000570,train_random,tier3
nepal-flooding_00000571,test_random,tier3
nepal-flooding_00000572,train_random,tier3
nepal-flooding_00000573,train_random,tier3
nepal-flooding_00000574,train_random,tier3
nepal-flooding_00000575,val_random,tier3
nepal-flooding_00000576,val_random,tier3
nepal-flooding_00000577,train_random,tier3
nepal-flooding_00000578,train_random,tier3
nepal-flooding_00000579,train_random,tier3
nepal-flooding_00000580,val_random,tier3
nepal-flooding_00000581,train_random,tier3
nepal-flooding_00000582,train_random,tier3
nepal-flooding_00000583,train_random,tier3
nepal-flooding_00000584,train_random,tier3
nepal-flooding_00000585,train_random,tier3
nepal-flooding_00000586,train_random,tier3
nepal-flooding_00000587,train_random,tier3
nepal-flooding_00000588,train_random,tier3
nepal-flooding_00000589,train_random,tier3
nepal-flooding_00000590,train_random,tier3
nepal-flooding_00000591,train_random,tier3
nepal-flooding_00000592,train_random,tier3
nepal-flooding_00000593,val_random,tier3
nepal-flooding_00000594,train_random,tier3
nepal-flooding_00000595,val_random,tier3
nepal-flooding_00000596,train_random,tier3
nepal-flooding_00000597,test_random,tier3
nepal-flooding_00000598,train_random,tier3
nepal-flooding_00000599,train_random,tier3
nepal-flooding_00000600,val_random,tier3
nepal-flooding_00000601,val_random,tier3
nepal-flooding_00000602,train_random,tier3
nepal-flooding_00000603,train_random,tier3
nepal-flooding_00000604,val_random,tier3
nepal-flooding_00000605,train_random,tier3
nepal-flooding_00000606,train_random,tier3
nepal-flooding_00000607,train_random,tier3
nepal-flooding_00000608,train_random,tier3
nepal-flooding_00000609,train_random,tier3
nepal-flooding_00000610,train_random,tier3
nepal-flooding_00000611,test_random,tier3
nepal-flooding_00000612,train_random,tier3
nepal-flooding_00000613,train_random,tier3
nepal-flooding_00000614,train_random,tier3
nepal-flooding_00000615,test_random,tier3
nepal-flooding_00000616,val_random,tier3
nepal-flooding_00000617,train_random,tier3
nepal-flooding_00000618,train_random,tier3
palu-tsunami_00000000,train_random,train
palu-tsunami_00000001,train_random,train
palu-tsunami_00000002,train_random,train
palu-tsunami_00000003,train_random,train
palu-tsunami_00000005,train_random,train
palu-tsunami_00000006,train_random,train
palu-tsunami_00000007,train_random,train
palu-tsunami_00000011,train_random,train
palu-tsunami_00000015,train_random,train
palu-tsunami_00000016,test_random,train
palu-tsunami_00000019,val_random,train
palu-tsunami_00000020,test_random,train
palu-tsunami_00000022,test_random,train
palu-tsunami_00000023,train_random,train
palu-tsunami_00000024,train_random,train
palu-tsunami_00000025,train_random,train
palu-tsunami_00000026,val_random,train
palu-tsunami_00000030,train_random,train
palu-tsunami_00000033,train_random,train
palu-tsunami_00000034,train_random,train
palu-tsunami_00000040,train_random,train
palu-tsunami_00000042,train_random,train
palu-tsunami_00000043,test_random,train
palu-tsunami_00000044,train_random,train
palu-tsunami_00000045,train_random,train
palu-tsunami_00000047,train_random,train
palu-tsunami_00000048,val_random,train
palu-tsunami_00000049,train_random,train
palu-tsunami_00000050,train_random,train
palu-tsunami_00000051,train_random,train
palu-tsunami_00000053,train_random,train
palu-tsunami_00000054,train_random,train
palu-tsunami_00000056,test_random,train
palu-tsunami_00000057,train_random,train
palu-tsunami_00000058,train_random,train
palu-tsunami_00000061,test_random,train
palu-tsunami_00000064,test_random,train
palu-tsunami_00000065,train_random,train
palu-tsunami_00000066,train_random,train
palu-tsunami_00000067,train_random,train
palu-tsunami_00000068,train_random,train
palu-tsunami_00000069,train_random,train
palu-tsunami_00000071,train_random,train
palu-tsunami_00000072,val_random,train
palu-tsunami_00000073,test_random,train
palu-tsunami_00000074,val_random,train
palu-tsunami_00000076,train_random,train
palu-tsunami_00000077,train_random,train
palu-tsunami_00000083,train_random,train
palu-tsunami_00000084,train_random,train
palu-tsunami_00000086,val_random,train
palu-tsunami_00000087,val_random,train
palu-tsunami_00000088,train_random,train
palu-tsunami_00000090,train_random,train
palu-tsunami_00000092,test_random,train
palu-tsunami_00000097,train_random,train
palu-tsunami_00000098,train_random,train
palu-tsunami_00000099,train_random,train
palu-tsunami_00000100,test_random,train
palu-tsunami_00000101,val_random,train
palu-tsunami_00000102,train_random,train
palu-tsunami_00000103,test_random,train
palu-tsunami_00000106,train_random,train
palu-tsunami_00000107,train_random,train
palu-tsunami_00000108,train_random,train
palu-tsunami_00000109,train_random,train
palu-tsunami_00000110,train_random,train
palu-tsunami_00000111,train_random,train
palu-tsunami_00000112,train_random,train
palu-tsunami_00000115,val_random,train
palu-tsunami_00000118,train_random,train
palu-tsunami_00000119,test_random,train
palu-tsunami_00000121,test_random,train
palu-tsunami_00000122,train_random,train
palu-tsunami_00000123,train_random,train
palu-tsunami_00000125,train_random,train
palu-tsunami_00000126,test_random,train
palu-tsunami_00000128,test_random,train
palu-tsunami_00000131,train_random,train
palu-tsunami_00000132,train_random,train
palu-tsunami_00000133,train_random,train
palu-tsunami_00000134,train_random,train
palu-tsunami_00000136,val_random,train
palu-tsunami_00000137,train_random,train
palu-tsunami_00000140,val_random,train
palu-tsunami_00000142,train_random,train
palu-tsunami_00000145,val_random,train
palu-tsunami_00000148,train_random,train
palu-tsunami_00000152,train_random,train
palu-tsunami_00000153,train_random,train
palu-tsunami_00000154,train_random,train
palu-tsunami_00000155,test_random,train
palu-tsunami_00000157,train_random,train
palu-tsunami_00000160,train_random,train
palu-tsunami_00000161,train_random,train
palu-tsunami_00000164,test_random,train
palu-tsunami_00000166,train_random,train
palu-tsunami_00000167,test_random,train
palu-tsunami_00000168,train_random,train
palu-tsunami_00000169,train_random,train
palu-tsunami_00000171,val_random,train
palu-tsunami_00000174,train_random,train
palu-tsunami_00000175,test_random,train
palu-tsunami_00000177,train_random,train
palu-tsunami_00000178,test_random,train
palu-tsunami_00000179,test_random,train
palu-tsunami_00000182,test_random,train
palu-tsunami_00000183,train_random,train
palu-tsunami_00000187,train_random,train
palu-tsunami_00000188,train_random,train
palu-tsunami_00000189,train_random,train
palu-tsunami_00000191,val_random,train
palu-tsunami_00000195,test_random,train
pinery-bushfire_00000000,train_random,tier3
pinery-bushfire_00000001,train_random,tier3
pinery-bushfire_00000002,train_random,tier3
pinery-bushfire_00000003,val_random,tier3
pinery-bushfire_00000004,train_random,tier3
pinery-bushfire_00000005,train_random,tier3
pinery-bushfire_00000006,val_random,tier3
pinery-bushfire_00000007,val_random,tier3
pinery-bushfire_00000008,train_random,tier3
pinery-bushfire_00000009,val_random,tier3
pinery-bushfire_00000010,train_random,tier3
pinery-bushfire_00000011,val_random,tier3
pinery-bushfire_00000012,train_random,tier3
pinery-bushfire_00000013,train_random,tier3
pinery-bushfire_00000014,val_random,tier3
pinery-bushfire_00000015,train_random,tier3
pinery-bushfire_00000016,train_random,tier3
pinery-bushfire_00000017,val_random,tier3
pinery-bushfire_00000018,train_random,tier3
pinery-bushfire_00000019,train_random,tier3
pinery-bushfire_00000020,train_random,tier3
pinery-bushfire_00000021,train_random,tier3
pinery-bushfire_00000022,train_random,tier3
pinery-bushfire_00000023,train_random,tier3
pinery-bushfire_00000024,val_random,tier3
pinery-bushfire_00000025,train_random,tier3
pinery-bushfire_00000026,train_random,tier3
pinery-bushfire_00000027,train_random,tier3
pinery-bushfire_00000028,train_random,tier3
pinery-bushfire_00000029,test_random,tier3
pinery-bushfire_00000030,train_random,tier3
pinery-bushfire_00000031,train_random,tier3
pinery-bushfire_00000032,train_random,tier3
pinery-bushfire_00000033,train_random,tier3
pinery-bushfire_00000034,train_random,tier3
pinery-bushfire_00000035,train_random,tier3
pinery-bushfire_00000036,test_random,tier3
pinery-bushfire_00000037,train_random,tier3
pinery-bushfire_00000038,test_random,tier3
pinery-bushfire_00000039,test_random,tier3
pinery-bushfire_00000040,train_random,tier3
pinery-bushfire_00000041,val_random,tier3
pinery-bushfire_00000042,train_random,tier3
pinery-bushfire_00000043,train_random,tier3
pinery-bushfire_00000044,train_random,tier3
pinery-bushfire_00000045,train_random,tier3
pinery-bushfire_00000046,val_random,tier3
pinery-bushfire_00000047,train_random,tier3
pinery-bushfire_00000048,train_random,tier3
pinery-bushfire_00000049,train_random,tier3
pinery-bushfire_00000050,val_random,tier3
pinery-bushfire_00000051,test_random,tier3
pinery-bushfire_00000052,test_random,tier3
pinery-bushfire_00000053,train_random,tier3
pinery-bushfire_00000054,train_random,tier3
pinery-bushfire_00000055,val_random,tier3
pinery-bushfire_00000056,train_random,tier3
pinery-bushfire_00000057,train_random,tier3
pinery-bushfire_00000058,test_random,tier3
pinery-bushfire_00000059,val_random,tier3
pinery-bushfire_00000060,val_random,tier3
pinery-bushfire_00000061,train_random,tier3
pinery-bushfire_00000062,test_random,tier3
pinery-bushfire_00000063,train_random,tier3
pinery-bushfire_00000064,train_random,tier3
pinery-bushfire_00000065,train_random,tier3
pinery-bushfire_00000066,train_random,tier3
pinery-bushfire_00000067,train_random,tier3
pinery-bushfire_00000068,train_random,tier3
pinery-bushfire_00000069,val_random,tier3
pinery-bushfire_00000070,train_random,tier3
pinery-bushfire_00000071,train_random,tier3
pinery-bushfire_00000072,train_random,tier3
pinery-bushfire_00000073,test_random,tier3
pinery-bushfire_00000074,train_random,tier3
pinery-bushfire_00000075,val_random,tier3
pinery-bushfire_00000076,train_random,tier3
pinery-bushfire_00000077,train_random,tier3
pinery-bushfire_00000078,test_random,tier3
pinery-bushfire_00000079,train_random,tier3
pinery-bushfire_00000080,train_random,tier3
pinery-bushfire_00000081,train_random,tier3
pinery-bushfire_00000082,train_random,tier3
pinery-bushfire_00000083,train_random,tier3
pinery-bushfire_00000084,train_random,tier3
pinery-bushfire_00000085,train_random,tier3
pinery-bushfire_00000086,train_random,tier3
pinery-bushfire_00000087,train_random,tier3
pinery-bushfire_00000088,train_random,tier3
pinery-bushfire_00000089,train_random,tier3
pinery-bushfire_00000090,test_random,tier3
pinery-bushfire_00000091,train_random,tier3
pinery-bushfire_00000092,train_random,tier3
pinery-bushfire_00000093,train_random,tier3
pinery-bushfire_00000094,test_random,tier3
pinery-bushfire_00000095,test_random,tier3
pinery-bushfire_00000096,val_random,tier3
pinery-bushfire_00000097,train_random,tier3
pinery-bushfire_00000098,train_random,tier3
pinery-bushfire_00000099,train_random,tier3
pinery-bushfire_00000100,train_random,tier3
pinery-bushfire_00000101,train_random,tier3
pinery-bushfire_00000102,test_random,tier3
pinery-bushfire_00000103,train_random,tier3
pinery-bushfire_00000104,train_random,tier3
pinery-bushfire_00000105,val_random,tier3
pinery-bushfire_00000106,train_random,tier3
pinery-bushfire_00000107,train_random,tier3
pinery-bushfire_00000108,test_random,tier3
pinery-bushfire_00000109,train_random,tier3
pinery-bushfire_00000110,train_random,tier3
pinery-bushfire_00000111,train_random,tier3
pinery-bushfire_00000112,test_random,tier3
pinery-bushfire_00000113,train_random,tier3
pinery-bushfire_00000114,train_random,tier3
pinery-bushfire_00000115,test_random,tier3
pinery-bushfire_00000116,test_random,tier3
pinery-bushfire_00000117,val_random,tier3
pinery-bushfire_00000118,train_random,tier3
pinery-bushfire_00000119,train_random,tier3
pinery-bushfire_00000120,train_random,tier3
pinery-bushfire_00000121,train_random,tier3
pinery-bushfire_00000122,test_random,tier3
pinery-bushfire_00000123,test_random,tier3
pinery-bushfire_00000124,val_random,tier3
pinery-bushfire_00000125,train_random,tier3
pinery-bushfire_00000126,train_random,tier3
pinery-bushfire_00000127,train_random,tier3
pinery-bushfire_00000128,train_random,tier3
pinery-bushfire_00000129,train_random,tier3
pinery-bushfire_00000130,train_random,tier3
pinery-bushfire_00000131,train_random,tier3
pinery-bushfire_00000132,train_random,tier3
pinery-bushfire_00000133,train_random,tier3
pinery-bushfire_00000134,train_random,tier3
pinery-bushfire_00000135,train_random,tier3
pinery-bushfire_00000136,train_random,tier3
pinery-bushfire_00000137,train_random,tier3
pinery-bushfire_00000138,train_random,tier3
pinery-bushfire_00000139,train_random,tier3
pinery-bushfire_00000140,train_random,tier3
pinery-bushfire_00000141,test_random,tier3
pinery-bushfire_00000142,train_random,tier3
pinery-bushfire_00000143,train_random,tier3
pinery-bushfire_00000144,train_random,tier3
pinery-bushfire_00000145,train_random,tier3
pinery-bushfire_00000146,train_random,tier3
pinery-bushfire_00000147,train_random,tier3
pinery-bushfire_00000148,test_random,tier3
pinery-bushfire_00000149,train_random,tier3
pinery-bushfire_00000150,train_random,tier3
pinery-bushfire_00000151,train_random,tier3
pinery-bushfire_00000152,val_random,tier3
pinery-bushfire_00000153,train_random,tier3
pinery-bushfire_00000154,test_random,tier3
pinery-bushfire_00000155,train_random,tier3
pinery-bushfire_00000156,val_random,tier3
pinery-bushfire_00000157,train_random,tier3
pinery-bushfire_00000158,train_random,tier3
pinery-bushfire_00000159,val_random,tier3
pinery-bushfire_00000160,train_random,tier3
pinery-bushfire_00000161,val_random,tier3
pinery-bushfire_00000162,train_random,tier3
pinery-bushfire_00000163,train_random,tier3
pinery-bushfire_00000164,test_random,tier3
pinery-bushfire_00000165,val_random,tier3
pinery-bushfire_00000166,test_random,tier3
pinery-bushfire_00000167,train_random,tier3
pinery-bushfire_00000168,test_random,tier3
pinery-bushfire_00000169,train_random,tier3
pinery-bushfire_00000170,test_random,tier3
pinery-bushfire_00000171,val_random,tier3
pinery-bushfire_00000172,val_random,tier3
pinery-bushfire_00000173,train_random,tier3
pinery-bushfire_00000174,train_random,tier3
pinery-bushfire_00000175,train_random,tier3
pinery-bushfire_00000176,train_random,tier3
pinery-bushfire_00000177,train_random,tier3
pinery-bushfire_00000178,train_random,tier3
pinery-bushfire_00000179,train_random,tier3
pinery-bushfire_00000180,train_random,tier3
pinery-bushfire_00000181,test_random,tier3
pinery-bushfire_00000182,val_random,tier3
pinery-bushfire_00000183,train_random,tier3
pinery-bushfire_00000184,train_random,tier3
pinery-bushfire_00000185,train_random,tier3
pinery-bushfire_00000186,val_random,tier3
pinery-bushfire_00000187,val_random,tier3
pinery-bushfire_00000188,val_random,tier3
pinery-bushfire_00000189,train_random,tier3
pinery-bushfire_00000190,val_random,tier3
pinery-bushfire_00000191,val_random,tier3
pinery-bushfire_00000192,train_random,tier3
pinery-bushfire_00000193,train_random,tier3
pinery-bushfire_00000194,val_random,tier3
pinery-bushfire_00000195,train_random,tier3
pinery-bushfire_00000196,train_random,tier3
pinery-bushfire_00000197,train_random,tier3
pinery-bushfire_00000198,train_random,tier3
pinery-bushfire_00000199,train_random,tier3
pinery-bushfire_00000200,train_random,tier3
pinery-bushfire_00000201,train_random,tier3
pinery-bushfire_00000202,train_random,tier3
pinery-bushfire_00000203,train_random,tier3
pinery-bushfire_00000204,train_random,tier3
pinery-bushfire_00000205,train_random,tier3
pinery-bushfire_00000206,train_random,tier3
pinery-bushfire_00000207,train_random,tier3
pinery-bushfire_00000208,val_random,tier3
pinery-bushfire_00000209,train_random,tier3
pinery-bushfire_00000210,val_random,tier3
pinery-bushfire_00000211,train_random,tier3
pinery-bushfire_00000212,train_random,tier3
pinery-bushfire_00000213,train_random,tier3
pinery-bushfire_00000214,train_random,tier3
pinery-bushfire_00000215,train_random,tier3
pinery-bushfire_00000216,test_random,tier3
pinery-bushfire_00000217,train_random,tier3
pinery-bushfire_00000218,val_random,tier3
pinery-bushfire_00000219,train_random,tier3
pinery-bushfire_00000220,train_random,tier3
pinery-bushfire_00000221,val_random,tier3
pinery-bushfire_00000222,train_random,tier3
pinery-bushfire_00000223,test_random,tier3
pinery-bushfire_00000224,train_random,tier3
pinery-bushfire_00000225,test_random,tier3
pinery-bushfire_00000226,train_random,tier3
pinery-bushfire_00000227,train_random,tier3
pinery-bushfire_00000228,train_random,tier3
pinery-bushfire_00000229,train_random,tier3
pinery-bushfire_00000230,train_random,tier3
pinery-bushfire_00000231,train_random,tier3
pinery-bushfire_00000232,train_random,tier3
pinery-bushfire_00000233,train_random,tier3
pinery-bushfire_00000234,val_random,tier3
pinery-bushfire_00000235,train_random,tier3
pinery-bushfire_00000236,train_random,tier3
pinery-bushfire_00000237,train_random,tier3
pinery-bushfire_00000238,train_random,tier3
pinery-bushfire_00000239,train_random,tier3
pinery-bushfire_00000240,train_random,tier3
pinery-bushfire_00000241,val_random,tier3
pinery-bushfire_00000242,test_random,tier3
pinery-bushfire_00000243,train_random,tier3
pinery-bushfire_00000244,val_random,tier3
pinery-bushfire_00000245,val_random,tier3
pinery-bushfire_00000246,val_random,tier3
pinery-bushfire_00000247,test_random,tier3
pinery-bushfire_00000248,train_random,tier3
pinery-bushfire_00000249,train_random,tier3
pinery-bushfire_00000250,val_random,tier3
pinery-bushfire_00000251,train_random,tier3
pinery-bushfire_00000252,train_random,tier3
pinery-bushfire_00000253,train_random,tier3
pinery-bushfire_00000254,test_random,tier3
pinery-bushfire_00000255,train_random,tier3
pinery-bushfire_00000256,test_random,tier3
pinery-bushfire_00000257,train_random,tier3
pinery-bushfire_00000258,test_random,tier3
pinery-bushfire_00000259,train_random,tier3
pinery-bushfire_00000260,test_random,tier3
pinery-bushfire_00000261,train_random,tier3
pinery-bushfire_00000262,train_random,tier3
pinery-bushfire_00000263,train_random,tier3
pinery-bushfire_00000264,val_random,tier3
pinery-bushfire_00000265,train_random,tier3
pinery-bushfire_00000266,train_random,tier3
pinery-bushfire_00000267,train_random,tier3
pinery-bushfire_00000268,train_random,tier3
pinery-bushfire_00000269,train_random,tier3
pinery-bushfire_00000270,train_random,tier3
pinery-bushfire_00000271,test_random,tier3
pinery-bushfire_00000272,test_random,tier3
pinery-bushfire_00000273,train_random,tier3
pinery-bushfire_00000274,train_random,tier3
pinery-bushfire_00000275,train_random,tier3
pinery-bushfire_00000276,val_random,tier3
pinery-bushfire_00000277,train_random,tier3
pinery-bushfire_00000278,train_random,tier3
pinery-bushfire_00000279,train_random,tier3
pinery-bushfire_00000280,train_random,tier3
pinery-bushfire_00000281,train_random,tier3
pinery-bushfire_00000282,train_random,tier3
pinery-bushfire_00000283,train_random,tier3
pinery-bushfire_00000284,train_random,tier3
pinery-bushfire_00000285,train_random,tier3
pinery-bushfire_00000286,test_random,tier3
pinery-bushfire_00000287,train_random,tier3
pinery-bushfire_00000288,train_random,tier3
pinery-bushfire_00000289,test_random,tier3
pinery-bushfire_00000290,train_random,tier3
pinery-bushfire_00000291,train_random,tier3
pinery-bushfire_00000292,train_random,tier3
pinery-bushfire_00000293,train_random,tier3
pinery-bushfire_00000294,train_random,tier3
pinery-bushfire_00000295,train_random,tier3
pinery-bushfire_00000296,train_random,tier3
pinery-bushfire_00000297,train_random,tier3
pinery-bushfire_00000298,train_random,tier3
pinery-bushfire_00000299,train_random,tier3
pinery-bushfire_00000300,test_random,tier3
pinery-bushfire_00000301,train_random,tier3
pinery-bushfire_00000302,train_random,tier3
pinery-bushfire_00000303,val_random,tier3
pinery-bushfire_00000304,val_random,tier3
pinery-bushfire_00000305,val_random,tier3
pinery-bushfire_00000306,val_random,tier3
pinery-bushfire_00000307,train_random,tier3
pinery-bushfire_00000308,train_random,tier3
pinery-bushfire_00000309,train_random,tier3
pinery-bushfire_00000310,train_random,tier3
pinery-bushfire_00000311,train_random,tier3
pinery-bushfire_00000312,train_random,tier3
pinery-bushfire_00000313,train_random,tier3
pinery-bushfire_00000314,val_random,tier3
pinery-bushfire_00000315,train_random,tier3
pinery-bushfire_00000316,train_random,tier3
pinery-bushfire_00000317,train_random,tier3
pinery-bushfire_00000318,train_random,tier3
pinery-bushfire_00000319,train_random,tier3
pinery-bushfire_00000320,train_random,tier3
pinery-bushfire_00000321,train_random,tier3
pinery-bushfire_00000322,train_random,tier3
pinery-bushfire_00000323,train_random,tier3
pinery-bushfire_00000324,val_random,tier3
pinery-bushfire_00000325,train_random,tier3
pinery-bushfire_00000326,train_random,tier3
pinery-bushfire_00000327,train_random,tier3
pinery-bushfire_00000328,train_random,tier3
pinery-bushfire_00000329,train_random,tier3
pinery-bushfire_00000330,test_random,tier3
pinery-bushfire_00000331,test_random,tier3
pinery-bushfire_00000332,train_random,tier3
pinery-bushfire_00000333,train_random,tier3
pinery-bushfire_00000334,train_random,tier3
pinery-bushfire_00000335,train_random,tier3
pinery-bushfire_00000336,val_random,tier3
pinery-bushfire_00000337,train_random,tier3
pinery-bushfire_00000338,val_random,tier3
pinery-bushfire_00000339,train_random,tier3
pinery-bushfire_00000340,train_random,tier3
pinery-bushfire_00000341,train_random,tier3
pinery-bushfire_00000342,train_random,tier3
pinery-bushfire_00000343,train_random,tier3
pinery-bushfire_00000344,train_random,tier3
pinery-bushfire_00000345,train_random,tier3
pinery-bushfire_00000346,train_random,tier3
pinery-bushfire_00000347,train_random,tier3
pinery-bushfire_00000348,train_random,tier3
pinery-bushfire_00000349,train_random,tier3
pinery-bushfire_00000350,train_random,tier3
pinery-bushfire_00000351,train_random,tier3
pinery-bushfire_00000352,train_random,tier3
pinery-bushfire_00000353,train_random,tier3
pinery-bushfire_00000354,train_random,tier3
pinery-bushfire_00000355,train_random,tier3
pinery-bushfire_00000356,train_random,tier3
pinery-bushfire_00000357,train_random,tier3
pinery-bushfire_00000358,train_random,tier3
pinery-bushfire_00000359,val_random,tier3
pinery-bushfire_00000360,train_random,tier3
pinery-bushfire_00000361,train_random,tier3
pinery-bushfire_00000362,train_random,tier3
pinery-bushfire_00000363,train_random,tier3
pinery-bushfire_00000364,train_random,tier3
pinery-bushfire_00000365,val_random,tier3
pinery-bushfire_00000366,val_random,tier3
pinery-bushfire_00000367,train_random,tier3
pinery-bushfire_00000368,val_random,tier3
pinery-bushfire_00000369,train_random,tier3
pinery-bushfire_00000370,test_random,tier3
pinery-bushfire_00000371,train_random,tier3
pinery-bushfire_00000372,test_random,tier3
pinery-bushfire_00000373,train_random,tier3
pinery-bushfire_00000374,val_random,tier3
pinery-bushfire_00000375,train_random,tier3
pinery-bushfire_00000376,train_random,tier3
pinery-bushfire_00000377,train_random,tier3
pinery-bushfire_00000378,train_random,tier3
pinery-bushfire_00000379,val_random,tier3
pinery-bushfire_00000380,train_random,tier3
pinery-bushfire_00000381,train_random,tier3
pinery-bushfire_00000382,train_random,tier3
pinery-bushfire_00000383,train_random,tier3
pinery-bushfire_00000384,train_random,tier3
pinery-bushfire_00000385,train_random,tier3
pinery-bushfire_00000386,val_random,tier3
pinery-bushfire_00000387,train_random,tier3
pinery-bushfire_00000388,val_random,tier3
pinery-bushfire_00000389,test_random,tier3
pinery-bushfire_00000390,val_random,tier3
pinery-bushfire_00000391,val_random,tier3
pinery-bushfire_00000392,val_random,tier3
pinery-bushfire_00000393,train_random,tier3
pinery-bushfire_00000394,train_random,tier3
pinery-bushfire_00000395,val_random,tier3
pinery-bushfire_00000396,train_random,tier3
pinery-bushfire_00000397,val_random,tier3
pinery-bushfire_00000398,train_random,tier3
pinery-bushfire_00000399,test_random,tier3
pinery-bushfire_00000400,train_random,tier3
pinery-bushfire_00000401,val_random,tier3
pinery-bushfire_00000402,test_random,tier3
pinery-bushfire_00000403,train_random,tier3
pinery-bushfire_00000404,train_random,tier3
pinery-bushfire_00000405,test_random,tier3
pinery-bushfire_00000406,train_random,tier3
pinery-bushfire_00000407,test_random,tier3
pinery-bushfire_00000408,val_random,tier3
pinery-bushfire_00000409,train_random,tier3
pinery-bushfire_00000410,train_random,tier3
pinery-bushfire_00000411,train_random,tier3
pinery-bushfire_00000412,train_random,tier3
pinery-bushfire_00000413,test_random,tier3
pinery-bushfire_00000414,val_random,tier3
pinery-bushfire_00000415,val_random,tier3
pinery-bushfire_00000416,test_random,tier3
pinery-bushfire_00000417,train_random,tier3
pinery-bushfire_00000418,test_random,tier3
pinery-bushfire_00000419,train_random,tier3
pinery-bushfire_00000420,train_random,tier3
pinery-bushfire_00000421,train_random,tier3
pinery-bushfire_00000422,val_random,tier3
pinery-bushfire_00000423,train_random,tier3
pinery-bushfire_00000424,val_random,tier3
pinery-bushfire_00000425,test_random,tier3
pinery-bushfire_00000426,train_random,tier3
pinery-bushfire_00000427,train_random,tier3
pinery-bushfire_00000428,val_random,tier3
pinery-bushfire_00000429,train_random,tier3
pinery-bushfire_00000430,val_random,tier3
pinery-bushfire_00000431,train_random,tier3
pinery-bushfire_00000432,train_random,tier3
pinery-bushfire_00000433,train_random,tier3
pinery-bushfire_00000434,train_random,tier3
pinery-bushfire_00000435,train_random,tier3
pinery-bushfire_00000436,test_random,tier3
pinery-bushfire_00000437,val_random,tier3
pinery-bushfire_00000438,val_random,tier3
pinery-bushfire_00000439,train_random,tier3
pinery-bushfire_00000440,train_random,tier3
pinery-bushfire_00000441,val_random,tier3
pinery-bushfire_00000442,test_random,tier3
pinery-bushfire_00000443,train_random,tier3
pinery-bushfire_00000444,test_random,tier3
pinery-bushfire_00000445,test_random,tier3
pinery-bushfire_00000446,test_random,tier3
pinery-bushfire_00000447,train_random,tier3
pinery-bushfire_00000448,test_random,tier3
pinery-bushfire_00000449,val_random,tier3
pinery-bushfire_00000450,train_random,tier3
pinery-bushfire_00000451,train_random,tier3
pinery-bushfire_00000452,val_random,tier3
pinery-bushfire_00000453,train_random,tier3
pinery-bushfire_00000454,val_random,tier3
pinery-bushfire_00000455,test_random,tier3
pinery-bushfire_00000456,train_random,tier3
pinery-bushfire_00000457,train_random,tier3
pinery-bushfire_00000458,train_random,tier3
pinery-bushfire_00000459,train_random,tier3
pinery-bushfire_00000460,val_random,tier3
pinery-bushfire_00000461,train_random,tier3
pinery-bushfire_00000462,train_random,tier3
pinery-bushfire_00000463,test_random,tier3
pinery-bushfire_00000464,train_random,tier3
pinery-bushfire_00000465,test_random,tier3
pinery-bushfire_00000466,test_random,tier3
pinery-bushfire_00000467,val_random,tier3
pinery-bushfire_00000468,test_random,tier3
pinery-bushfire_00000469,train_random,tier3
pinery-bushfire_00000470,test_random,tier3
pinery-bushfire_00000471,train_random,tier3
pinery-bushfire_00000472,val_random,tier3
pinery-bushfire_00000473,train_random,tier3
pinery-bushfire_00000474,test_random,tier3
pinery-bushfire_00000475,train_random,tier3
pinery-bushfire_00000476,train_random,tier3
pinery-bushfire_00000477,test_random,tier3
pinery-bushfire_00000478,val_random,tier3
pinery-bushfire_00000479,test_random,tier3
pinery-bushfire_00000480,test_random,tier3
pinery-bushfire_00000481,train_random,tier3
pinery-bushfire_00000482,val_random,tier3
pinery-bushfire_00000483,train_random,tier3
pinery-bushfire_00000484,train_random,tier3
pinery-bushfire_00000485,train_random,tier3
pinery-bushfire_00000486,test_random,tier3
pinery-bushfire_00000487,train_random,tier3
pinery-bushfire_00000488,train_random,tier3
pinery-bushfire_00000489,train_random,tier3
pinery-bushfire_00000490,val_random,tier3
pinery-bushfire_00000491,train_random,tier3
pinery-bushfire_00000492,train_random,tier3
pinery-bushfire_00000493,train_random,tier3
pinery-bushfire_00000494,train_random,tier3
pinery-bushfire_00000495,test_random,tier3
pinery-bushfire_00000496,train_random,tier3
pinery-bushfire_00000497,train_random,tier3
pinery-bushfire_00000498,train_random,tier3
pinery-bushfire_00000499,test_random,tier3
pinery-bushfire_00000500,test_random,tier3
pinery-bushfire_00000501,train_random,tier3
pinery-bushfire_00000502,train_random,tier3
pinery-bushfire_00000503,train_random,tier3
pinery-bushfire_00000504,val_random,tier3
pinery-bushfire_00000505,train_random,tier3
pinery-bushfire_00000506,test_random,tier3
pinery-bushfire_00000507,val_random,tier3
pinery-bushfire_00000508,train_random,tier3
pinery-bushfire_00000509,train_random,tier3
pinery-bushfire_00000510,train_random,tier3
pinery-bushfire_00000511,train_random,tier3
pinery-bushfire_00000512,val_random,tier3
pinery-bushfire_00000513,train_random,tier3
pinery-bushfire_00000514,val_random,tier3
pinery-bushfire_00000515,train_random,tier3
pinery-bushfire_00000516,train_random,tier3
pinery-bushfire_00000517,train_random,tier3
pinery-bushfire_00000518,val_random,tier3
pinery-bushfire_00000519,train_random,tier3
pinery-bushfire_00000520,train_random,tier3
pinery-bushfire_00000521,test_random,tier3
pinery-bushfire_00000522,train_random,tier3
pinery-bushfire_00000523,train_random,tier3
pinery-bushfire_00000524,val_random,tier3
pinery-bushfire_00000525,train_random,tier3
pinery-bushfire_00000526,test_random,tier3
pinery-bushfire_00000527,train_random,tier3
pinery-bushfire_00000528,test_random,tier3
pinery-bushfire_00000529,train_random,tier3
pinery-bushfire_00000530,train_random,tier3
pinery-bushfire_00000531,test_random,tier3
pinery-bushfire_00000532,train_random,tier3
pinery-bushfire_00000533,train_random,tier3
pinery-bushfire_00000534,val_random,tier3
pinery-bushfire_00000535,train_random,tier3
pinery-bushfire_00000536,test_random,tier3
pinery-bushfire_00000537,test_random,tier3
pinery-bushfire_00000538,train_random,tier3
pinery-bushfire_00000539,train_random,tier3
pinery-bushfire_00000540,train_random,tier3
pinery-bushfire_00000541,train_random,tier3
pinery-bushfire_00000542,val_random,tier3
pinery-bushfire_00000543,train_random,tier3
pinery-bushfire_00000544,train_random,tier3
pinery-bushfire_00000545,train_random,tier3
pinery-bushfire_00000546,train_random,tier3
pinery-bushfire_00000547,train_random,tier3
pinery-bushfire_00000548,val_random,tier3
pinery-bushfire_00000549,train_random,tier3
pinery-bushfire_00000550,train_random,tier3
pinery-bushfire_00000551,train_random,tier3
pinery-bushfire_00000552,train_random,tier3
pinery-bushfire_00000553,train_random,tier3
pinery-bushfire_00000554,train_random,tier3
pinery-bushfire_00000555,train_random,tier3
pinery-bushfire_00000556,train_random,tier3
pinery-bushfire_00000557,train_random,tier3
pinery-bushfire_00000558,test_random,tier3
pinery-bushfire_00000559,train_random,tier3
pinery-bushfire_00000560,train_random,tier3
pinery-bushfire_00000561,train_random,tier3
pinery-bushfire_00000562,train_random,tier3
pinery-bushfire_00000563,train_random,tier3
pinery-bushfire_00000564,val_random,tier3
pinery-bushfire_00000565,train_random,tier3
pinery-bushfire_00000566,test_random,tier3
pinery-bushfire_00000567,train_random,tier3
pinery-bushfire_00000568,test_random,tier3
pinery-bushfire_00000569,train_random,tier3
pinery-bushfire_00000570,train_random,tier3
pinery-bushfire_00000571,test_random,tier3
pinery-bushfire_00000572,train_random,tier3
pinery-bushfire_00000573,train_random,tier3
pinery-bushfire_00000574,train_random,tier3
pinery-bushfire_00000575,train_random,tier3
pinery-bushfire_00000576,train_random,tier3
pinery-bushfire_00000577,train_random,tier3
pinery-bushfire_00000578,train_random,tier3
pinery-bushfire_00000579,test_random,tier3
pinery-bushfire_00000580,train_random,tier3
pinery-bushfire_00000581,val_random,tier3
pinery-bushfire_00000582,train_random,tier3
pinery-bushfire_00000583,test_random,tier3
pinery-bushfire_00000584,train_random,tier3
pinery-bushfire_00000585,train_random,tier3
pinery-bushfire_00000586,train_random,tier3
pinery-bushfire_00000587,test_random,tier3
pinery-bushfire_00000588,train_random,tier3
pinery-bushfire_00000589,val_random,tier3
pinery-bushfire_00000590,train_random,tier3
pinery-bushfire_00000591,train_random,tier3
pinery-bushfire_00000592,test_random,tier3
pinery-bushfire_00000593,train_random,tier3
pinery-bushfire_00000594,train_random,tier3
pinery-bushfire_00000595,train_random,tier3
pinery-bushfire_00000596,val_random,tier3
pinery-bushfire_00000597,train_random,tier3
pinery-bushfire_00000598,train_random,tier3
pinery-bushfire_00000599,train_random,tier3
pinery-bushfire_00000600,train_random,tier3
pinery-bushfire_00000601,train_random,tier3
pinery-bushfire_00000602,val_random,tier3
pinery-bushfire_00000603,train_random,tier3
pinery-bushfire_00000604,train_random,tier3
pinery-bushfire_00000605,train_random,tier3
pinery-bushfire_00000606,train_random,tier3
pinery-bushfire_00000607,train_random,tier3
pinery-bushfire_00000608,train_random,tier3
pinery-bushfire_00000609,train_random,tier3
pinery-bushfire_00000610,train_random,tier3
pinery-bushfire_00000611,train_random,tier3
pinery-bushfire_00000612,val_random,tier3
pinery-bushfire_00000613,train_random,tier3
pinery-bushfire_00000614,test_random,tier3
pinery-bushfire_00000615,train_random,tier3
pinery-bushfire_00000616,train_random,tier3
pinery-bushfire_00000617,train_random,tier3
pinery-bushfire_00000618,train_random,tier3
pinery-bushfire_00000619,train_random,tier3
pinery-bushfire_00000620,train_random,tier3
pinery-bushfire_00000621,train_random,tier3
pinery-bushfire_00000622,train_random,tier3
pinery-bushfire_00000623,train_random,tier3
pinery-bushfire_00000624,train_random,tier3
pinery-bushfire_00000625,test_random,tier3
pinery-bushfire_00000626,val_random,tier3
pinery-bushfire_00000627,train_random,tier3
pinery-bushfire_00000628,train_random,tier3
pinery-bushfire_00000629,train_random,tier3
pinery-bushfire_00000630,train_random,tier3
pinery-bushfire_00000631,train_random,tier3
pinery-bushfire_00000632,train_random,tier3
pinery-bushfire_00000633,train_random,tier3
pinery-bushfire_00000634,train_random,tier3
pinery-bushfire_00000635,train_random,tier3
pinery-bushfire_00000636,train_random,tier3
pinery-bushfire_00000637,train_random,tier3
pinery-bushfire_00000638,val_random,tier3
pinery-bushfire_00000639,train_random,tier3
pinery-bushfire_00000640,train_random,tier3
pinery-bushfire_00000641,train_random,tier3
pinery-bushfire_00000642,val_random,tier3
pinery-bushfire_00000643,train_random,tier3
pinery-bushfire_00000644,train_random,tier3
pinery-bushfire_00000645,train_random,tier3
pinery-bushfire_00000646,train_random,tier3
pinery-bushfire_00000647,val_random,tier3
pinery-bushfire_00000648,train_random,tier3
pinery-bushfire_00000649,train_random,tier3
pinery-bushfire_00000650,test_random,tier3
pinery-bushfire_00000651,train_random,tier3
pinery-bushfire_00000652,test_random,tier3
pinery-bushfire_00000653,test_random,tier3
pinery-bushfire_00000654,test_random,tier3
pinery-bushfire_00000655,test_random,tier3
pinery-bushfire_00000656,val_random,tier3
pinery-bushfire_00000657,test_random,tier3
pinery-bushfire_00000658,train_random,tier3
pinery-bushfire_00000659,val_random,tier3
pinery-bushfire_00000660,val_random,tier3
pinery-bushfire_00000661,val_random,tier3
pinery-bushfire_00000662,test_random,tier3
pinery-bushfire_00000663,train_random,tier3
pinery-bushfire_00000664,train_random,tier3
pinery-bushfire_00000665,train_random,tier3
pinery-bushfire_00000666,test_random,tier3
pinery-bushfire_00000667,val_random,tier3
pinery-bushfire_00000668,train_random,tier3
pinery-bushfire_00000669,train_random,tier3
pinery-bushfire_00000670,train_random,tier3
pinery-bushfire_00000671,train_random,tier3
pinery-bushfire_00000672,test_random,tier3
pinery-bushfire_00000673,train_random,tier3
pinery-bushfire_00000674,test_random,tier3
pinery-bushfire_00000675,val_random,tier3
pinery-bushfire_00000676,test_random,tier3
pinery-bushfire_00000677,test_random,tier3
pinery-bushfire_00000678,train_random,tier3
pinery-bushfire_00000679,train_random,tier3
pinery-bushfire_00000680,train_random,tier3
pinery-bushfire_00000681,train_random,tier3
pinery-bushfire_00000682,train_random,tier3
pinery-bushfire_00000683,train_random,tier3
pinery-bushfire_00000684,train_random,tier3
pinery-bushfire_00000685,val_random,tier3
pinery-bushfire_00000686,train_random,tier3
pinery-bushfire_00000687,train_random,tier3
pinery-bushfire_00000688,train_random,tier3
pinery-bushfire_00000689,train_random,tier3
pinery-bushfire_00000690,train_random,tier3
pinery-bushfire_00000691,val_random,tier3
pinery-bushfire_00000692,train_random,tier3
pinery-bushfire_00000693,train_random,tier3
pinery-bushfire_00000694,train_random,tier3
pinery-bushfire_00000695,train_random,tier3
pinery-bushfire_00000696,train_random,tier3
pinery-bushfire_00000697,train_random,tier3
pinery-bushfire_00000698,test_random,tier3
pinery-bushfire_00000699,train_random,tier3
pinery-bushfire_00000700,train_random,tier3
pinery-bushfire_00000701,val_random,tier3
pinery-bushfire_00000702,train_random,tier3
pinery-bushfire_00000703,train_random,tier3
pinery-bushfire_00000704,train_random,tier3
pinery-bushfire_00000705,train_random,tier3
pinery-bushfire_00000706,train_random,tier3
pinery-bushfire_00000707,train_random,tier3
pinery-bushfire_00000708,train_random,tier3
pinery-bushfire_00000709,train_random,tier3
pinery-bushfire_00000710,train_random,tier3
pinery-bushfire_00000711,train_random,tier3
pinery-bushfire_00000712,val_random,tier3
pinery-bushfire_00000713,train_random,tier3
pinery-bushfire_00000714,val_random,tier3
pinery-bushfire_00000715,train_random,tier3
pinery-bushfire_00000716,val_random,tier3
pinery-bushfire_00000717,train_random,tier3
pinery-bushfire_00000718,train_random,tier3
pinery-bushfire_00000719,train_random,tier3
pinery-bushfire_00000720,train_random,tier3
pinery-bushfire_00000721,train_random,tier3
pinery-bushfire_00000722,test_random,tier3
pinery-bushfire_00000723,train_random,tier3
pinery-bushfire_00000724,train_random,tier3
pinery-bushfire_00000725,val_random,tier3
pinery-bushfire_00000726,train_random,tier3
pinery-bushfire_00000727,train_random,tier3
pinery-bushfire_00000728,val_random,tier3
pinery-bushfire_00000729,train_random,tier3
pinery-bushfire_00000730,train_random,tier3
pinery-bushfire_00000731,test_random,tier3
pinery-bushfire_00000732,train_random,tier3
pinery-bushfire_00000733,train_random,tier3
pinery-bushfire_00000734,test_random,tier3
pinery-bushfire_00000735,train_random,tier3
pinery-bushfire_00000736,val_random,tier3
pinery-bushfire_00000737,train_random,tier3
pinery-bushfire_00000738,test_random,tier3
pinery-bushfire_00000739,test_random,tier3
pinery-bushfire_00000740,train_random,tier3
pinery-bushfire_00000741,train_random,tier3
pinery-bushfire_00000742,train_random,tier3
pinery-bushfire_00000743,train_random,tier3
pinery-bushfire_00000744,val_random,tier3
pinery-bushfire_00000745,test_random,tier3
pinery-bushfire_00000746,train_random,tier3
pinery-bushfire_00000747,val_random,tier3
pinery-bushfire_00000748,train_random,tier3
pinery-bushfire_00000749,train_random,tier3
pinery-bushfire_00000750,train_random,tier3
pinery-bushfire_00000751,train_random,tier3
pinery-bushfire_00000752,train_random,tier3
pinery-bushfire_00000753,train_random,tier3
pinery-bushfire_00000754,test_random,tier3
pinery-bushfire_00000755,train_random,tier3
pinery-bushfire_00000756,train_random,tier3
pinery-bushfire_00000757,test_random,tier3
pinery-bushfire_00000758,train_random,tier3
pinery-bushfire_00000759,val_random,tier3
pinery-bushfire_00000760,train_random,tier3
pinery-bushfire_00000761,val_random,tier3
pinery-bushfire_00000762,val_random,tier3
pinery-bushfire_00000763,train_random,tier3
pinery-bushfire_00000764,train_random,tier3
pinery-bushfire_00000765,test_random,tier3
pinery-bushfire_00000766,test_random,tier3
pinery-bushfire_00000767,test_random,tier3
pinery-bushfire_00000768,train_random,tier3
pinery-bushfire_00000769,val_random,tier3
pinery-bushfire_00000770,train_random,tier3
pinery-bushfire_00000771,train_random,tier3
pinery-bushfire_00000772,test_random,tier3
pinery-bushfire_00000773,train_random,tier3
pinery-bushfire_00000774,train_random,tier3
pinery-bushfire_00000775,train_random,tier3
pinery-bushfire_00000776,val_random,tier3
pinery-bushfire_00000777,val_random,tier3
pinery-bushfire_00000778,val_random,tier3
pinery-bushfire_00000779,train_random,tier3
pinery-bushfire_00000780,val_random,tier3
pinery-bushfire_00000781,train_random,tier3
pinery-bushfire_00000782,train_random,tier3
pinery-bushfire_00000783,val_random,tier3
pinery-bushfire_00000784,train_random,tier3
pinery-bushfire_00000785,train_random,tier3
pinery-bushfire_00000786,train_random,tier3
pinery-bushfire_00000787,train_random,tier3
pinery-bushfire_00000788,train_random,tier3
pinery-bushfire_00000789,train_random,tier3
pinery-bushfire_00000790,test_random,tier3
pinery-bushfire_00000791,train_random,tier3
pinery-bushfire_00000792,train_random,tier3
pinery-bushfire_00000793,test_random,tier3
pinery-bushfire_00000794,val_random,tier3
pinery-bushfire_00000795,train_random,tier3
pinery-bushfire_00000796,test_random,tier3
pinery-bushfire_00000797,train_random,tier3
pinery-bushfire_00000798,train_random,tier3
pinery-bushfire_00000799,train_random,tier3
pinery-bushfire_00000800,train_random,tier3
pinery-bushfire_00000801,train_random,tier3
pinery-bushfire_00000802,train_random,tier3
pinery-bushfire_00000803,val_random,tier3
pinery-bushfire_00000804,train_random,tier3
pinery-bushfire_00000805,val_random,tier3
pinery-bushfire_00000806,train_random,tier3
pinery-bushfire_00000807,train_random,tier3
pinery-bushfire_00000808,train_random,tier3
pinery-bushfire_00000809,train_random,tier3
pinery-bushfire_00000810,train_random,tier3
pinery-bushfire_00000811,train_random,tier3
pinery-bushfire_00000812,train_random,tier3
pinery-bushfire_00000813,test_random,tier3
pinery-bushfire_00000814,train_random,tier3
pinery-bushfire_00000815,train_random,tier3
pinery-bushfire_00000816,train_random,tier3
pinery-bushfire_00000817,val_random,tier3
pinery-bushfire_00000818,val_random,tier3
pinery-bushfire_00000819,train_random,tier3
pinery-bushfire_00000820,test_random,tier3
pinery-bushfire_00000821,val_random,tier3
pinery-bushfire_00000822,val_random,tier3
pinery-bushfire_00000823,train_random,tier3
pinery-bushfire_00000824,train_random,tier3
pinery-bushfire_00000825,train_random,tier3
pinery-bushfire_00000826,train_random,tier3
pinery-bushfire_00000827,train_random,tier3
pinery-bushfire_00000828,val_random,tier3
pinery-bushfire_00000829,train_random,tier3
pinery-bushfire_00000830,val_random,tier3
pinery-bushfire_00000831,train_random,tier3
pinery-bushfire_00000832,train_random,tier3
pinery-bushfire_00000833,test_random,tier3
pinery-bushfire_00000834,train_random,tier3
pinery-bushfire_00000835,train_random,tier3
pinery-bushfire_00000836,test_random,tier3
pinery-bushfire_00000837,test_random,tier3
pinery-bushfire_00000838,test_random,tier3
pinery-bushfire_00000839,test_random,tier3
pinery-bushfire_00000840,train_random,tier3
pinery-bushfire_00000841,train_random,tier3
pinery-bushfire_00000842,train_random,tier3
pinery-bushfire_00000843,train_random,tier3
pinery-bushfire_00000844,val_random,tier3
pinery-bushfire_00000845,val_random,tier3
pinery-bushfire_00000846,test_random,tier3
pinery-bushfire_00000847,train_random,tier3
pinery-bushfire_00000848,train_random,tier3
pinery-bushfire_00000849,test_random,tier3
pinery-bushfire_00000850,train_random,tier3
pinery-bushfire_00000851,train_random,tier3
pinery-bushfire_00000852,train_random,tier3
pinery-bushfire_00000853,train_random,tier3
pinery-bushfire_00000854,train_random,tier3
pinery-bushfire_00000855,train_random,tier3
pinery-bushfire_00000856,train_random,tier3
pinery-bushfire_00000857,train_random,tier3
pinery-bushfire_00000858,test_random,tier3
pinery-bushfire_00000859,train_random,tier3
pinery-bushfire_00000860,train_random,tier3
pinery-bushfire_00000861,train_random,tier3
pinery-bushfire_00000862,test_random,tier3
pinery-bushfire_00000863,train_random,tier3
pinery-bushfire_00000864,train_random,tier3
pinery-bushfire_00000865,train_random,tier3
pinery-bushfire_00000866,train_random,tier3
pinery-bushfire_00000867,test_random,tier3
pinery-bushfire_00000868,train_random,tier3
pinery-bushfire_00000869,val_random,tier3
pinery-bushfire_00000870,train_random,tier3
pinery-bushfire_00000871,train_random,tier3
pinery-bushfire_00000872,val_random,tier3
pinery-bushfire_00000873,test_random,tier3
pinery-bushfire_00000874,train_random,tier3
pinery-bushfire_00000875,train_random,tier3
pinery-bushfire_00000876,train_random,tier3
pinery-bushfire_00000877,train_random,tier3
pinery-bushfire_00000878,train_random,tier3
pinery-bushfire_00000879,train_random,tier3
pinery-bushfire_00000880,test_random,tier3
pinery-bushfire_00000881,train_random,tier3
pinery-bushfire_00000882,train_random,tier3
pinery-bushfire_00000883,train_random,tier3
pinery-bushfire_00000884,test_random,tier3
pinery-bushfire_00000885,test_random,tier3
pinery-bushfire_00000886,train_random,tier3
pinery-bushfire_00000887,train_random,tier3
pinery-bushfire_00000888,train_random,tier3
pinery-bushfire_00000889,train_random,tier3
pinery-bushfire_00000890,train_random,tier3
pinery-bushfire_00000891,train_random,tier3
pinery-bushfire_00000892,train_random,tier3
pinery-bushfire_00000893,train_random,tier3
pinery-bushfire_00000894,test_random,tier3
pinery-bushfire_00000895,train_random,tier3
pinery-bushfire_00000896,test_random,tier3
pinery-bushfire_00000897,train_random,tier3
pinery-bushfire_00000898,val_random,tier3
pinery-bushfire_00000899,val_random,tier3
pinery-bushfire_00000900,test_random,tier3
pinery-bushfire_00000901,train_random,tier3
pinery-bushfire_00000902,train_random,tier3
pinery-bushfire_00000903,train_random,tier3
pinery-bushfire_00000904,val_random,tier3
pinery-bushfire_00000905,train_random,tier3
pinery-bushfire_00000906,train_random,tier3
pinery-bushfire_00000907,train_random,tier3
pinery-bushfire_00000908,train_random,tier3
pinery-bushfire_00000909,train_random,tier3
pinery-bushfire_00000910,train_random,tier3
pinery-bushfire_00000911,train_random,tier3
pinery-bushfire_00000912,train_random,tier3
pinery-bushfire_00000913,test_random,tier3
pinery-bushfire_00000914,train_random,tier3
pinery-bushfire_00000915,train_random,tier3
pinery-bushfire_00000916,test_random,tier3
pinery-bushfire_00000917,val_random,tier3
pinery-bushfire_00000918,train_random,tier3
pinery-bushfire_00000919,train_random,tier3
pinery-bushfire_00000920,train_random,tier3
pinery-bushfire_00000921,val_random,tier3
pinery-bushfire_00000922,train_random,tier3
pinery-bushfire_00000923,train_random,tier3
pinery-bushfire_00000924,val_random,tier3
pinery-bushfire_00000925,train_random,tier3
pinery-bushfire_00000926,train_random,tier3
pinery-bushfire_00000927,train_random,tier3
pinery-bushfire_00000928,train_random,tier3
pinery-bushfire_00000929,train_random,tier3
pinery-bushfire_00000930,train_random,tier3
pinery-bushfire_00000931,train_random,tier3
pinery-bushfire_00000932,train_random,tier3
pinery-bushfire_00000933,train_random,tier3
pinery-bushfire_00000934,test_random,tier3
pinery-bushfire_00000935,train_random,tier3
pinery-bushfire_00000936,train_random,tier3
pinery-bushfire_00000937,val_random,tier3
pinery-bushfire_00000938,train_random,tier3
pinery-bushfire_00000939,train_random,tier3
pinery-bushfire_00000940,train_random,tier3
pinery-bushfire_00000941,train_random,tier3
pinery-bushfire_00000942,val_random,tier3
pinery-bushfire_00000943,val_random,tier3
pinery-bushfire_00000944,train_random,tier3
pinery-bushfire_00000945,test_random,tier3
pinery-bushfire_00000946,train_random,tier3
pinery-bushfire_00000947,train_random,tier3
pinery-bushfire_00000948,train_random,tier3
pinery-bushfire_00000949,train_random,tier3
pinery-bushfire_00000950,train_random,tier3
pinery-bushfire_00000951,train_random,tier3
pinery-bushfire_00000952,train_random,tier3
pinery-bushfire_00000953,train_random,tier3
pinery-bushfire_00000954,train_random,tier3
pinery-bushfire_00000955,test_random,tier3
pinery-bushfire_00000956,train_random,tier3
pinery-bushfire_00000957,train_random,tier3
pinery-bushfire_00000958,val_random,tier3
pinery-bushfire_00000959,train_random,tier3
pinery-bushfire_00000960,val_random,tier3
pinery-bushfire_00000961,train_random,tier3
pinery-bushfire_00000962,train_random,tier3
pinery-bushfire_00000963,train_random,tier3
pinery-bushfire_00000964,train_random,tier3
pinery-bushfire_00000965,train_random,tier3
pinery-bushfire_00000966,train_random,tier3
pinery-bushfire_00000967,val_random,tier3
pinery-bushfire_00000968,train_random,tier3
pinery-bushfire_00000969,train_random,tier3
pinery-bushfire_00000970,train_random,tier3
pinery-bushfire_00000971,val_random,tier3
pinery-bushfire_00000972,train_random,tier3
pinery-bushfire_00000973,train_random,tier3
pinery-bushfire_00000974,train_random,tier3
pinery-bushfire_00000975,train_random,tier3
pinery-bushfire_00000976,val_random,tier3
pinery-bushfire_00000977,val_random,tier3
pinery-bushfire_00000978,train_random,tier3
pinery-bushfire_00000979,train_random,tier3
pinery-bushfire_00000980,train_random,tier3
pinery-bushfire_00000981,train_random,tier3
pinery-bushfire_00000982,train_random,tier3
pinery-bushfire_00000983,train_random,tier3
pinery-bushfire_00000984,train_random,tier3
pinery-bushfire_00000985,train_random,tier3
pinery-bushfire_00000986,train_random,tier3
pinery-bushfire_00000987,train_random,tier3
pinery-bushfire_00000988,test_random,tier3
pinery-bushfire_00000989,train_random,tier3
pinery-bushfire_00000990,train_random,tier3
pinery-bushfire_00000991,val_random,tier3
pinery-bushfire_00000992,train_random,tier3
pinery-bushfire_00000993,train_random,tier3
pinery-bushfire_00000994,train_random,tier3
pinery-bushfire_00000995,train_random,tier3
pinery-bushfire_00000996,val_random,tier3
pinery-bushfire_00000997,train_random,tier3
pinery-bushfire_00000998,train_random,tier3
pinery-bushfire_00000999,test_random,tier3
pinery-bushfire_00001000,train_random,tier3
pinery-bushfire_00001001,train_random,tier3
pinery-bushfire_00001002,train_random,tier3
pinery-bushfire_00001003,val_random,tier3
pinery-bushfire_00001004,val_random,tier3
pinery-bushfire_00001005,train_random,tier3
pinery-bushfire_00001006,train_random,tier3
pinery-bushfire_00001007,train_random,tier3
pinery-bushfire_00001008,train_random,tier3
pinery-bushfire_00001009,val_random,tier3
pinery-bushfire_00001010,train_random,tier3
pinery-bushfire_00001011,train_random,tier3
pinery-bushfire_00001012,train_random,tier3
pinery-bushfire_00001013,train_random,tier3
pinery-bushfire_00001014,train_random,tier3
pinery-bushfire_00001015,train_random,tier3
pinery-bushfire_00001016,val_random,tier3
pinery-bushfire_00001017,train_random,tier3
pinery-bushfire_00001018,train_random,tier3
pinery-bushfire_00001019,train_random,tier3
pinery-bushfire_00001020,test_random,tier3
pinery-bushfire_00001021,train_random,tier3
pinery-bushfire_00001022,train_random,tier3
pinery-bushfire_00001023,train_random,tier3
pinery-bushfire_00001024,test_random,tier3
pinery-bushfire_00001025,train_random,tier3
pinery-bushfire_00001026,train_random,tier3
pinery-bushfire_00001027,train_random,tier3
pinery-bushfire_00001028,train_random,tier3
pinery-bushfire_00001029,val_random,tier3
pinery-bushfire_00001030,train_random,tier3
pinery-bushfire_00001031,train_random,tier3
pinery-bushfire_00001032,val_random,tier3
pinery-bushfire_00001033,train_random,tier3
pinery-bushfire_00001034,test_random,tier3
pinery-bushfire_00001035,train_random,tier3
pinery-bushfire_00001036,train_random,tier3
pinery-bushfire_00001037,train_random,tier3
pinery-bushfire_00001038,val_random,tier3
pinery-bushfire_00001039,train_random,tier3
pinery-bushfire_00001040,test_random,tier3
pinery-bushfire_00001041,train_random,tier3
pinery-bushfire_00001042,train_random,tier3
pinery-bushfire_00001043,val_random,tier3
pinery-bushfire_00001044,train_random,tier3
pinery-bushfire_00001045,train_random,tier3
pinery-bushfire_00001046,train_random,tier3
pinery-bushfire_00001047,train_random,tier3
pinery-bushfire_00001048,train_random,tier3
pinery-bushfire_00001049,train_random,tier3
pinery-bushfire_00001050,train_random,tier3
pinery-bushfire_00001051,train_random,tier3
pinery-bushfire_00001052,train_random,tier3
pinery-bushfire_00001053,train_random,tier3
pinery-bushfire_00001054,train_random,tier3
pinery-bushfire_00001055,train_random,tier3
pinery-bushfire_00001056,val_random,tier3
pinery-bushfire_00001057,train_random,tier3
pinery-bushfire_00001058,val_random,tier3
pinery-bushfire_00001059,test_random,tier3
pinery-bushfire_00001060,val_random,tier3
pinery-bushfire_00001061,test_random,tier3
pinery-bushfire_00001062,train_random,tier3
pinery-bushfire_00001063,train_random,tier3
pinery-bushfire_00001064,test_random,tier3
pinery-bushfire_00001065,train_random,tier3
pinery-bushfire_00001066,train_random,tier3
pinery-bushfire_00001067,train_random,tier3
pinery-bushfire_00001068,train_random,tier3
pinery-bushfire_00001069,train_random,tier3
pinery-bushfire_00001070,train_random,tier3
pinery-bushfire_00001071,train_random,tier3
pinery-bushfire_00001072,train_random,tier3
pinery-bushfire_00001073,train_random,tier3
pinery-bushfire_00001074,val_random,tier3
pinery-bushfire_00001075,val_random,tier3
pinery-bushfire_00001076,val_random,tier3
pinery-bushfire_00001077,train_random,tier3
pinery-bushfire_00001078,val_random,tier3
pinery-bushfire_00001079,train_random,tier3
pinery-bushfire_00001080,test_random,tier3
pinery-bushfire_00001081,val_random,tier3
pinery-bushfire_00001082,train_random,tier3
pinery-bushfire_00001083,train_random,tier3
pinery-bushfire_00001084,train_random,tier3
pinery-bushfire_00001085,train_random,tier3
pinery-bushfire_00001086,train_random,tier3
pinery-bushfire_00001087,train_random,tier3
pinery-bushfire_00001088,train_random,tier3
pinery-bushfire_00001089,val_random,tier3
pinery-bushfire_00001090,train_random,tier3
pinery-bushfire_00001091,test_random,tier3
pinery-bushfire_00001092,train_random,tier3
pinery-bushfire_00001093,train_random,tier3
pinery-bushfire_00001094,train_random,tier3
pinery-bushfire_00001095,train_random,tier3
pinery-bushfire_00001096,test_random,tier3
pinery-bushfire_00001097,train_random,tier3
pinery-bushfire_00001098,train_random,tier3
pinery-bushfire_00001099,train_random,tier3
pinery-bushfire_00001100,test_random,tier3
pinery-bushfire_00001101,val_random,tier3
pinery-bushfire_00001102,train_random,tier3
pinery-bushfire_00001103,train_random,tier3
pinery-bushfire_00001104,train_random,tier3
pinery-bushfire_00001105,train_random,tier3
pinery-bushfire_00001106,train_random,tier3
pinery-bushfire_00001107,train_random,tier3
pinery-bushfire_00001108,train_random,tier3
pinery-bushfire_00001109,train_random,tier3
pinery-bushfire_00001110,train_random,tier3
pinery-bushfire_00001111,val_random,tier3
pinery-bushfire_00001112,test_random,tier3
pinery-bushfire_00001113,train_random,tier3
pinery-bushfire_00001114,train_random,tier3
pinery-bushfire_00001115,test_random,tier3
pinery-bushfire_00001116,test_random,tier3
pinery-bushfire_00001117,train_random,tier3
pinery-bushfire_00001118,train_random,tier3
pinery-bushfire_00001119,train_random,tier3
pinery-bushfire_00001120,train_random,tier3
pinery-bushfire_00001121,train_random,tier3
pinery-bushfire_00001122,train_random,tier3
pinery-bushfire_00001123,train_random,tier3
pinery-bushfire_00001124,test_random,tier3
pinery-bushfire_00001125,train_random,tier3
pinery-bushfire_00001126,test_random,tier3
pinery-bushfire_00001127,train_random,tier3
pinery-bushfire_00001128,train_random,tier3
pinery-bushfire_00001129,train_random,tier3
pinery-bushfire_00001130,val_random,tier3
pinery-bushfire_00001131,test_random,tier3
pinery-bushfire_00001132,test_random,tier3
pinery-bushfire_00001133,train_random,tier3
pinery-bushfire_00001134,train_random,tier3
pinery-bushfire_00001135,train_random,tier3
pinery-bushfire_00001136,train_random,tier3
pinery-bushfire_00001137,train_random,tier3
pinery-bushfire_00001138,train_random,tier3
pinery-bushfire_00001139,train_random,tier3
pinery-bushfire_00001140,train_random,tier3
pinery-bushfire_00001141,train_random,tier3
pinery-bushfire_00001142,train_random,tier3
pinery-bushfire_00001143,train_random,tier3
pinery-bushfire_00001144,train_random,tier3
pinery-bushfire_00001145,train_random,tier3
pinery-bushfire_00001146,train_random,tier3
pinery-bushfire_00001147,train_random,tier3
pinery-bushfire_00001148,train_random,tier3
pinery-bushfire_00001149,test_random,tier3
pinery-bushfire_00001150,train_random,tier3
pinery-bushfire_00001151,test_random,tier3
pinery-bushfire_00001152,train_random,tier3
pinery-bushfire_00001153,val_random,tier3
pinery-bushfire_00001154,val_random,tier3
pinery-bushfire_00001155,train_random,tier3
pinery-bushfire_00001156,train_random,tier3
pinery-bushfire_00001157,train_random,tier3
pinery-bushfire_00001158,train_random,tier3
pinery-bushfire_00001159,train_random,tier3
pinery-bushfire_00001160,train_random,tier3
pinery-bushfire_00001161,train_random,tier3
pinery-bushfire_00001162,val_random,tier3
pinery-bushfire_00001163,train_random,tier3
pinery-bushfire_00001164,test_random,tier3
pinery-bushfire_00001165,train_random,tier3
pinery-bushfire_00001166,train_random,tier3
pinery-bushfire_00001167,train_random,tier3
pinery-bushfire_00001168,train_random,tier3
pinery-bushfire_00001169,train_random,tier3
pinery-bushfire_00001170,train_random,tier3
pinery-bushfire_00001171,test_random,tier3
pinery-bushfire_00001172,val_random,tier3
pinery-bushfire_00001173,train_random,tier3
pinery-bushfire_00001174,train_random,tier3
pinery-bushfire_00001175,train_random,tier3
pinery-bushfire_00001176,train_random,tier3
pinery-bushfire_00001177,train_random,tier3
pinery-bushfire_00001178,test_random,tier3
pinery-bushfire_00001179,train_random,tier3
pinery-bushfire_00001180,test_random,tier3
pinery-bushfire_00001181,train_random,tier3
pinery-bushfire_00001182,train_random,tier3
pinery-bushfire_00001183,test_random,tier3
pinery-bushfire_00001184,val_random,tier3
pinery-bushfire_00001185,val_random,tier3
pinery-bushfire_00001186,train_random,tier3
pinery-bushfire_00001187,train_random,tier3
pinery-bushfire_00001188,train_random,tier3
pinery-bushfire_00001189,train_random,tier3
pinery-bushfire_00001190,val_random,tier3
pinery-bushfire_00001191,test_random,tier3
pinery-bushfire_00001192,test_random,tier3
pinery-bushfire_00001193,train_random,tier3
pinery-bushfire_00001194,train_random,tier3
pinery-bushfire_00001195,test_random,tier3
pinery-bushfire_00001196,train_random,tier3
pinery-bushfire_00001197,train_random,tier3
pinery-bushfire_00001198,train_random,tier3
pinery-bushfire_00001199,train_random,tier3
pinery-bushfire_00001200,train_random,tier3
pinery-bushfire_00001201,train_random,tier3
pinery-bushfire_00001202,test_random,tier3
pinery-bushfire_00001203,test_random,tier3
pinery-bushfire_00001204,train_random,tier3
pinery-bushfire_00001205,test_random,tier3
pinery-bushfire_00001206,train_random,tier3
pinery-bushfire_00001207,val_random,tier3
pinery-bushfire_00001208,train_random,tier3
pinery-bushfire_00001209,train_random,tier3
pinery-bushfire_00001210,train_random,tier3
pinery-bushfire_00001211,val_random,tier3
pinery-bushfire_00001212,train_random,tier3
pinery-bushfire_00001213,train_random,tier3
pinery-bushfire_00001214,test_random,tier3
pinery-bushfire_00001215,train_random,tier3
pinery-bushfire_00001216,test_random,tier3
pinery-bushfire_00001217,train_random,tier3
pinery-bushfire_00001218,val_random,tier3
pinery-bushfire_00001219,test_random,tier3
pinery-bushfire_00001220,train_random,tier3
pinery-bushfire_00001221,train_random,tier3
pinery-bushfire_00001222,test_random,tier3
pinery-bushfire_00001223,train_random,tier3
pinery-bushfire_00001224,train_random,tier3
pinery-bushfire_00001225,test_random,tier3
pinery-bushfire_00001226,train_random,tier3
pinery-bushfire_00001227,test_random,tier3
pinery-bushfire_00001228,train_random,tier3
pinery-bushfire_00001229,train_random,tier3
pinery-bushfire_00001230,test_random,tier3
pinery-bushfire_00001231,train_random,tier3
pinery-bushfire_00001232,train_random,tier3
pinery-bushfire_00001233,train_random,tier3
pinery-bushfire_00001234,val_random,tier3
pinery-bushfire_00001235,val_random,tier3
pinery-bushfire_00001236,train_random,tier3
pinery-bushfire_00001237,train_random,tier3
pinery-bushfire_00001238,train_random,tier3
pinery-bushfire_00001239,train_random,tier3
pinery-bushfire_00001240,train_random,tier3
pinery-bushfire_00001241,train_random,tier3
pinery-bushfire_00001242,test_random,tier3
pinery-bushfire_00001243,test_random,tier3
pinery-bushfire_00001244,train_random,tier3
pinery-bushfire_00001245,train_random,tier3
pinery-bushfire_00001246,val_random,tier3
pinery-bushfire_00001247,train_random,tier3
pinery-bushfire_00001248,val_random,tier3
pinery-bushfire_00001249,val_random,tier3
pinery-bushfire_00001250,train_random,tier3
pinery-bushfire_00001251,train_random,tier3
pinery-bushfire_00001252,train_random,tier3
pinery-bushfire_00001253,train_random,tier3
pinery-bushfire_00001254,train_random,tier3
pinery-bushfire_00001255,train_random,tier3
pinery-bushfire_00001256,train_random,tier3
pinery-bushfire_00001257,test_random,tier3
pinery-bushfire_00001258,train_random,tier3
pinery-bushfire_00001259,train_random,tier3
pinery-bushfire_00001260,train_random,tier3
pinery-bushfire_00001261,train_random,tier3
pinery-bushfire_00001262,test_random,tier3
pinery-bushfire_00001263,train_random,tier3
pinery-bushfire_00001264,train_random,tier3
pinery-bushfire_00001265,test_random,tier3
pinery-bushfire_00001266,train_random,tier3
pinery-bushfire_00001267,test_random,tier3
pinery-bushfire_00001268,train_random,tier3
pinery-bushfire_00001269,train_random,tier3
pinery-bushfire_00001270,train_random,tier3
pinery-bushfire_00001271,val_random,tier3
pinery-bushfire_00001272,train_random,tier3
pinery-bushfire_00001273,train_random,tier3
pinery-bushfire_00001274,val_random,tier3
pinery-bushfire_00001275,train_random,tier3
pinery-bushfire_00001276,train_random,tier3
pinery-bushfire_00001277,train_random,tier3
pinery-bushfire_00001278,train_random,tier3
pinery-bushfire_00001279,train_random,tier3
pinery-bushfire_00001280,val_random,tier3
pinery-bushfire_00001281,val_random,tier3
pinery-bushfire_00001282,test_random,tier3
pinery-bushfire_00001283,val_random,tier3
pinery-bushfire_00001284,train_random,tier3
pinery-bushfire_00001285,train_random,tier3
pinery-bushfire_00001286,test_random,tier3
pinery-bushfire_00001287,val_random,tier3
pinery-bushfire_00001288,val_random,tier3
pinery-bushfire_00001289,train_random,tier3
pinery-bushfire_00001290,train_random,tier3
pinery-bushfire_00001291,train_random,tier3
pinery-bushfire_00001292,train_random,tier3
pinery-bushfire_00001293,train_random,tier3
pinery-bushfire_00001294,train_random,tier3
pinery-bushfire_00001295,train_random,tier3
pinery-bushfire_00001296,val_random,tier3
pinery-bushfire_00001297,val_random,tier3
pinery-bushfire_00001298,train_random,tier3
pinery-bushfire_00001299,train_random,tier3
pinery-bushfire_00001300,train_random,tier3
pinery-bushfire_00001301,train_random,tier3
pinery-bushfire_00001302,val_random,tier3
pinery-bushfire_00001303,test_random,tier3
pinery-bushfire_00001304,test_random,tier3
pinery-bushfire_00001305,train_random,tier3
pinery-bushfire_00001306,train_random,tier3
pinery-bushfire_00001307,train_random,tier3
pinery-bushfire_00001308,train_random,tier3
pinery-bushfire_00001309,train_random,tier3
pinery-bushfire_00001310,train_random,tier3
pinery-bushfire_00001311,val_random,tier3
pinery-bushfire_00001312,test_random,tier3
pinery-bushfire_00001313,train_random,tier3
pinery-bushfire_00001314,train_random,tier3
pinery-bushfire_00001315,train_random,tier3
pinery-bushfire_00001316,train_random,tier3
pinery-bushfire_00001317,train_random,tier3
pinery-bushfire_00001318,train_random,tier3
pinery-bushfire_00001319,train_random,tier3
pinery-bushfire_00001320,train_random,tier3
pinery-bushfire_00001321,train_random,tier3
pinery-bushfire_00001322,train_random,tier3
pinery-bushfire_00001323,train_random,tier3
pinery-bushfire_00001324,train_random,tier3
pinery-bushfire_00001325,train_random,tier3
pinery-bushfire_00001326,val_random,tier3
pinery-bushfire_00001327,train_random,tier3
pinery-bushfire_00001328,val_random,tier3
pinery-bushfire_00001329,test_random,tier3
pinery-bushfire_00001330,train_random,tier3
pinery-bushfire_00001331,test_random,tier3
pinery-bushfire_00001332,train_random,tier3
pinery-bushfire_00001333,train_random,tier3
pinery-bushfire_00001334,val_random,tier3
pinery-bushfire_00001335,train_random,tier3
pinery-bushfire_00001336,test_random,tier3
pinery-bushfire_00001337,train_random,tier3
pinery-bushfire_00001338,train_random,tier3
pinery-bushfire_00001339,train_random,tier3
pinery-bushfire_00001340,val_random,tier3
pinery-bushfire_00001341,train_random,tier3
pinery-bushfire_00001342,val_random,tier3
pinery-bushfire_00001343,train_random,tier3
pinery-bushfire_00001344,train_random,tier3
pinery-bushfire_00001345,train_random,tier3
pinery-bushfire_00001346,train_random,tier3
pinery-bushfire_00001347,train_random,tier3
pinery-bushfire_00001348,test_random,tier3
pinery-bushfire_00001349,test_random,tier3
pinery-bushfire_00001350,train_random,tier3
pinery-bushfire_00001351,val_random,tier3
pinery-bushfire_00001352,train_random,tier3
pinery-bushfire_00001353,train_random,tier3
pinery-bushfire_00001354,test_random,tier3
pinery-bushfire_00001355,train_random,tier3
pinery-bushfire_00001356,train_random,tier3
pinery-bushfire_00001357,train_random,tier3
pinery-bushfire_00001358,val_random,tier3
pinery-bushfire_00001359,train_random,tier3
pinery-bushfire_00001360,train_random,tier3
pinery-bushfire_00001361,train_random,tier3
pinery-bushfire_00001362,train_random,tier3
pinery-bushfire_00001363,train_random,tier3
pinery-bushfire_00001364,train_random,tier3
pinery-bushfire_00001365,train_random,tier3
pinery-bushfire_00001366,train_random,tier3
pinery-bushfire_00001367,train_random,tier3
pinery-bushfire_00001368,test_random,tier3
pinery-bushfire_00001369,train_random,tier3
pinery-bushfire_00001370,train_random,tier3
pinery-bushfire_00001371,train_random,tier3
pinery-bushfire_00001372,train_random,tier3
pinery-bushfire_00001373,val_random,tier3
pinery-bushfire_00001374,train_random,tier3
pinery-bushfire_00001375,val_random,tier3
pinery-bushfire_00001376,train_random,tier3
pinery-bushfire_00001377,val_random,tier3
pinery-bushfire_00001378,train_random,tier3
pinery-bushfire_00001379,test_random,tier3
pinery-bushfire_00001380,train_random,tier3
pinery-bushfire_00001381,train_random,tier3
pinery-bushfire_00001382,train_random,tier3
pinery-bushfire_00001383,train_random,tier3
pinery-bushfire_00001384,train_random,tier3
pinery-bushfire_00001385,test_random,tier3
pinery-bushfire_00001386,train_random,tier3
pinery-bushfire_00001387,val_random,tier3
pinery-bushfire_00001388,train_random,tier3
pinery-bushfire_00001389,val_random,tier3
pinery-bushfire_00001390,train_random,tier3
pinery-bushfire_00001391,train_random,tier3
pinery-bushfire_00001392,train_random,tier3
pinery-bushfire_00001393,test_random,tier3
pinery-bushfire_00001394,test_random,tier3
pinery-bushfire_00001395,train_random,tier3
pinery-bushfire_00001396,test_random,tier3
pinery-bushfire_00001397,train_random,tier3
pinery-bushfire_00001398,train_random,tier3
pinery-bushfire_00001399,val_random,tier3
pinery-bushfire_00001400,val_random,tier3
pinery-bushfire_00001401,train_random,tier3
pinery-bushfire_00001402,train_random,tier3
pinery-bushfire_00001403,train_random,tier3
pinery-bushfire_00001404,test_random,tier3
pinery-bushfire_00001405,train_random,tier3
pinery-bushfire_00001406,train_random,tier3
pinery-bushfire_00001407,train_random,tier3
pinery-bushfire_00001408,train_random,tier3
pinery-bushfire_00001409,train_random,tier3
pinery-bushfire_00001410,train_random,tier3
pinery-bushfire_00001411,train_random,tier3
pinery-bushfire_00001412,train_random,tier3
pinery-bushfire_00001413,train_random,tier3
pinery-bushfire_00001414,test_random,tier3
pinery-bushfire_00001415,train_random,tier3
pinery-bushfire_00001416,val_random,tier3
pinery-bushfire_00001417,train_random,tier3
pinery-bushfire_00001418,train_random,tier3
pinery-bushfire_00001419,train_random,tier3
pinery-bushfire_00001420,train_random,tier3
pinery-bushfire_00001421,train_random,tier3
pinery-bushfire_00001422,train_random,tier3
pinery-bushfire_00001423,test_random,tier3
pinery-bushfire_00001424,test_random,tier3
pinery-bushfire_00001425,train_random,tier3
pinery-bushfire_00001426,test_random,tier3
pinery-bushfire_00001427,test_random,tier3
pinery-bushfire_00001428,train_random,tier3
pinery-bushfire_00001429,test_random,tier3
pinery-bushfire_00001430,train_random,tier3
pinery-bushfire_00001431,test_random,tier3
pinery-bushfire_00001432,val_random,tier3
pinery-bushfire_00001433,test_random,tier3
pinery-bushfire_00001434,train_random,tier3
pinery-bushfire_00001435,train_random,tier3
pinery-bushfire_00001436,train_random,tier3
pinery-bushfire_00001437,train_random,tier3
pinery-bushfire_00001438,val_random,tier3
pinery-bushfire_00001439,train_random,tier3
pinery-bushfire_00001440,val_random,tier3
pinery-bushfire_00001441,train_random,tier3
pinery-bushfire_00001442,train_random,tier3
pinery-bushfire_00001443,train_random,tier3
pinery-bushfire_00001444,train_random,tier3
pinery-bushfire_00001445,train_random,tier3
pinery-bushfire_00001446,train_random,tier3
pinery-bushfire_00001447,train_random,tier3
pinery-bushfire_00001448,train_random,tier3
pinery-bushfire_00001449,train_random,tier3
pinery-bushfire_00001450,train_random,tier3
pinery-bushfire_00001451,train_random,tier3
pinery-bushfire_00001452,train_random,tier3
pinery-bushfire_00001453,train_random,tier3
pinery-bushfire_00001454,test_random,tier3
pinery-bushfire_00001455,train_random,tier3
pinery-bushfire_00001456,val_random,tier3
pinery-bushfire_00001457,train_random,tier3
pinery-bushfire_00001458,train_random,tier3
pinery-bushfire_00001459,train_random,tier3
pinery-bushfire_00001460,train_random,tier3
pinery-bushfire_00001461,train_random,tier3
pinery-bushfire_00001462,train_random,tier3
pinery-bushfire_00001463,train_random,tier3
pinery-bushfire_00001464,train_random,tier3
pinery-bushfire_00001465,train_random,tier3
pinery-bushfire_00001466,test_random,tier3
pinery-bushfire_00001467,test_random,tier3
pinery-bushfire_00001468,val_random,tier3
pinery-bushfire_00001469,test_random,tier3
pinery-bushfire_00001470,train_random,tier3
pinery-bushfire_00001471,train_random,tier3
pinery-bushfire_00001472,val_random,tier3
pinery-bushfire_00001473,train_random,tier3
pinery-bushfire_00001474,train_random,tier3
pinery-bushfire_00001475,val_random,tier3
pinery-bushfire_00001476,val_random,tier3
pinery-bushfire_00001477,train_random,tier3
pinery-bushfire_00001478,train_random,tier3
pinery-bushfire_00001479,test_random,tier3
pinery-bushfire_00001480,test_random,tier3
pinery-bushfire_00001481,val_random,tier3
pinery-bushfire_00001482,val_random,tier3
pinery-bushfire_00001483,train_random,tier3
pinery-bushfire_00001484,train_random,tier3
pinery-bushfire_00001485,train_random,tier3
pinery-bushfire_00001486,train_random,tier3
pinery-bushfire_00001487,train_random,tier3
pinery-bushfire_00001488,train_random,tier3
pinery-bushfire_00001489,train_random,tier3
pinery-bushfire_00001490,train_random,tier3
pinery-bushfire_00001491,train_random,tier3
pinery-bushfire_00001492,val_random,tier3
pinery-bushfire_00001493,train_random,tier3
pinery-bushfire_00001494,test_random,tier3
pinery-bushfire_00001495,test_random,tier3
pinery-bushfire_00001496,train_random,tier3
pinery-bushfire_00001497,train_random,tier3
pinery-bushfire_00001498,train_random,tier3
pinery-bushfire_00001499,train_random,tier3
pinery-bushfire_00001500,train_random,tier3
pinery-bushfire_00001501,train_random,tier3
pinery-bushfire_00001502,val_random,tier3
pinery-bushfire_00001503,train_random,tier3
pinery-bushfire_00001504,val_random,tier3
pinery-bushfire_00001505,train_random,tier3
pinery-bushfire_00001506,train_random,tier3
pinery-bushfire_00001507,train_random,tier3
pinery-bushfire_00001508,val_random,tier3
pinery-bushfire_00001509,val_random,tier3
pinery-bushfire_00001510,train_random,tier3
pinery-bushfire_00001511,test_random,tier3
pinery-bushfire_00001512,test_random,tier3
pinery-bushfire_00001513,train_random,tier3
pinery-bushfire_00001514,train_random,tier3
pinery-bushfire_00001515,train_random,tier3
pinery-bushfire_00001516,train_random,tier3
pinery-bushfire_00001517,test_random,tier3
pinery-bushfire_00001518,test_random,tier3
pinery-bushfire_00001519,val_random,tier3
pinery-bushfire_00001520,train_random,tier3
pinery-bushfire_00001521,train_random,tier3
pinery-bushfire_00001522,train_random,tier3
pinery-bushfire_00001523,train_random,tier3
pinery-bushfire_00001524,val_random,tier3
pinery-bushfire_00001525,val_random,tier3
pinery-bushfire_00001526,train_random,tier3
pinery-bushfire_00001527,train_random,tier3
pinery-bushfire_00001528,train_random,tier3
pinery-bushfire_00001529,test_random,tier3
pinery-bushfire_00001530,test_random,tier3
pinery-bushfire_00001531,train_random,tier3
pinery-bushfire_00001532,train_random,tier3
pinery-bushfire_00001533,val_random,tier3
pinery-bushfire_00001534,train_random,tier3
pinery-bushfire_00001535,train_random,tier3
pinery-bushfire_00001536,val_random,tier3
pinery-bushfire_00001537,train_random,tier3
pinery-bushfire_00001538,train_random,tier3
pinery-bushfire_00001539,train_random,tier3
pinery-bushfire_00001540,val_random,tier3
pinery-bushfire_00001541,train_random,tier3
pinery-bushfire_00001542,train_random,tier3
pinery-bushfire_00001543,train_random,tier3
pinery-bushfire_00001544,train_random,tier3
pinery-bushfire_00001545,test_random,tier3
pinery-bushfire_00001546,train_random,tier3
pinery-bushfire_00001547,val_random,tier3
pinery-bushfire_00001548,train_random,tier3
pinery-bushfire_00001549,train_random,tier3
pinery-bushfire_00001550,train_random,tier3
pinery-bushfire_00001551,val_random,tier3
pinery-bushfire_00001552,train_random,tier3
pinery-bushfire_00001553,train_random,tier3
pinery-bushfire_00001554,val_random,tier3
pinery-bushfire_00001555,val_random,tier3
pinery-bushfire_00001556,val_random,tier3
pinery-bushfire_00001557,val_random,tier3
pinery-bushfire_00001558,test_random,tier3
pinery-bushfire_00001559,train_random,tier3
pinery-bushfire_00001560,train_random,tier3
pinery-bushfire_00001561,train_random,tier3
pinery-bushfire_00001562,train_random,tier3
pinery-bushfire_00001563,val_random,tier3
pinery-bushfire_00001564,train_random,tier3
pinery-bushfire_00001565,train_random,tier3
pinery-bushfire_00001566,train_random,tier3
pinery-bushfire_00001567,train_random,tier3
pinery-bushfire_00001568,train_random,tier3
pinery-bushfire_00001569,train_random,tier3
pinery-bushfire_00001570,train_random,tier3
pinery-bushfire_00001571,val_random,tier3
pinery-bushfire_00001572,train_random,tier3
pinery-bushfire_00001573,train_random,tier3
pinery-bushfire_00001574,test_random,tier3
pinery-bushfire_00001575,train_random,tier3
pinery-bushfire_00001576,train_random,tier3
pinery-bushfire_00001577,val_random,tier3
pinery-bushfire_00001578,train_random,tier3
pinery-bushfire_00001579,train_random,tier3
pinery-bushfire_00001580,train_random,tier3
pinery-bushfire_00001581,train_random,tier3
pinery-bushfire_00001582,train_random,tier3
pinery-bushfire_00001583,train_random,tier3
pinery-bushfire_00001584,val_random,tier3
pinery-bushfire_00001585,train_random,tier3
pinery-bushfire_00001586,train_random,tier3
pinery-bushfire_00001587,train_random,tier3
pinery-bushfire_00001588,train_random,tier3
pinery-bushfire_00001589,train_random,tier3
pinery-bushfire_00001590,val_random,tier3
pinery-bushfire_00001591,train_random,tier3
pinery-bushfire_00001592,val_random,tier3
pinery-bushfire_00001593,test_random,tier3
pinery-bushfire_00001594,test_random,tier3
pinery-bushfire_00001595,train_random,tier3
pinery-bushfire_00001596,train_random,tier3
pinery-bushfire_00001597,train_random,tier3
pinery-bushfire_00001598,val_random,tier3
pinery-bushfire_00001599,train_random,tier3
pinery-bushfire_00001600,train_random,tier3
pinery-bushfire_00001601,train_random,tier3
pinery-bushfire_00001602,test_random,tier3
pinery-bushfire_00001603,test_random,tier3
pinery-bushfire_00001604,train_random,tier3
pinery-bushfire_00001605,train_random,tier3
pinery-bushfire_00001606,train_random,tier3
pinery-bushfire_00001607,train_random,tier3
pinery-bushfire_00001608,test_random,tier3
pinery-bushfire_00001609,test_random,tier3
pinery-bushfire_00001610,train_random,tier3
pinery-bushfire_00001611,train_random,tier3
pinery-bushfire_00001612,train_random,tier3
pinery-bushfire_00001613,train_random,tier3
pinery-bushfire_00001614,train_random,tier3
pinery-bushfire_00001615,val_random,tier3
pinery-bushfire_00001616,train_random,tier3
pinery-bushfire_00001617,train_random,tier3
pinery-bushfire_00001618,train_random,tier3
pinery-bushfire_00001619,test_random,tier3
pinery-bushfire_00001620,train_random,tier3
pinery-bushfire_00001621,test_random,tier3
pinery-bushfire_00001622,test_random,tier3
pinery-bushfire_00001623,train_random,tier3
pinery-bushfire_00001624,train_random,tier3
pinery-bushfire_00001625,train_random,tier3
pinery-bushfire_00001626,train_random,tier3
pinery-bushfire_00001627,train_random,tier3
pinery-bushfire_00001628,train_random,tier3
pinery-bushfire_00001629,test_random,tier3
pinery-bushfire_00001630,train_random,tier3
pinery-bushfire_00001631,train_random,tier3
pinery-bushfire_00001632,test_random,tier3
pinery-bushfire_00001633,train_random,tier3
pinery-bushfire_00001634,train_random,tier3
pinery-bushfire_00001635,test_random,tier3
pinery-bushfire_00001636,val_random,tier3
pinery-bushfire_00001637,train_random,tier3
pinery-bushfire_00001638,train_random,tier3
pinery-bushfire_00001639,train_random,tier3
pinery-bushfire_00001640,val_random,tier3
pinery-bushfire_00001641,train_random,tier3
pinery-bushfire_00001642,train_random,tier3
pinery-bushfire_00001643,train_random,tier3
pinery-bushfire_00001644,train_random,tier3
pinery-bushfire_00001645,train_random,tier3
pinery-bushfire_00001646,train_random,tier3
pinery-bushfire_00001647,train_random,tier3
pinery-bushfire_00001648,train_random,tier3
pinery-bushfire_00001649,val_random,tier3
pinery-bushfire_00001650,train_random,tier3
pinery-bushfire_00001651,train_random,tier3
pinery-bushfire_00001652,test_random,tier3
pinery-bushfire_00001653,val_random,tier3
pinery-bushfire_00001654,train_random,tier3
pinery-bushfire_00001655,train_random,tier3
pinery-bushfire_00001656,test_random,tier3
pinery-bushfire_00001657,train_random,tier3
pinery-bushfire_00001658,test_random,tier3
pinery-bushfire_00001659,train_random,tier3
pinery-bushfire_00001660,val_random,tier3
pinery-bushfire_00001661,train_random,tier3
pinery-bushfire_00001662,train_random,tier3
pinery-bushfire_00001663,train_random,tier3
pinery-bushfire_00001664,test_random,tier3
pinery-bushfire_00001665,train_random,tier3
pinery-bushfire_00001666,train_random,tier3
pinery-bushfire_00001667,val_random,tier3
pinery-bushfire_00001668,train_random,tier3
pinery-bushfire_00001669,train_random,tier3
pinery-bushfire_00001670,train_random,tier3
pinery-bushfire_00001671,train_random,tier3
pinery-bushfire_00001672,test_random,tier3
pinery-bushfire_00001673,test_random,tier3
pinery-bushfire_00001674,train_random,tier3
pinery-bushfire_00001675,train_random,tier3
pinery-bushfire_00001676,val_random,tier3
pinery-bushfire_00001677,train_random,tier3
pinery-bushfire_00001678,train_random,tier3
pinery-bushfire_00001679,train_random,tier3
pinery-bushfire_00001680,test_random,tier3
pinery-bushfire_00001681,test_random,tier3
pinery-bushfire_00001682,val_random,tier3
pinery-bushfire_00001683,val_random,tier3
pinery-bushfire_00001684,test_random,tier3
pinery-bushfire_00001685,test_random,tier3
pinery-bushfire_00001686,val_random,tier3
pinery-bushfire_00001687,train_random,tier3
pinery-bushfire_00001688,test_random,tier3
pinery-bushfire_00001689,train_random,tier3
pinery-bushfire_00001690,train_random,tier3
pinery-bushfire_00001691,train_random,tier3
pinery-bushfire_00001692,train_random,tier3
pinery-bushfire_00001693,train_random,tier3
pinery-bushfire_00001694,test_random,tier3
pinery-bushfire_00001695,train_random,tier3
pinery-bushfire_00001696,train_random,tier3
pinery-bushfire_00001697,train_random,tier3
pinery-bushfire_00001698,train_random,tier3
pinery-bushfire_00001699,train_random,tier3
pinery-bushfire_00001700,val_random,tier3
pinery-bushfire_00001701,train_random,tier3
pinery-bushfire_00001702,train_random,tier3
pinery-bushfire_00001703,test_random,tier3
pinery-bushfire_00001704,train_random,tier3
pinery-bushfire_00001705,train_random,tier3
pinery-bushfire_00001706,train_random,tier3
pinery-bushfire_00001707,train_random,tier3
pinery-bushfire_00001708,test_random,tier3
pinery-bushfire_00001709,train_random,tier3
pinery-bushfire_00001710,train_random,tier3
pinery-bushfire_00001711,train_random,tier3
pinery-bushfire_00001712,val_random,tier3
pinery-bushfire_00001713,train_random,tier3
pinery-bushfire_00001714,train_random,tier3
pinery-bushfire_00001715,train_random,tier3
pinery-bushfire_00001716,train_random,tier3
pinery-bushfire_00001717,train_random,tier3
pinery-bushfire_00001718,train_random,tier3
pinery-bushfire_00001719,test_random,tier3
pinery-bushfire_00001720,train_random,tier3
pinery-bushfire_00001721,train_random,tier3
pinery-bushfire_00001722,train_random,tier3
pinery-bushfire_00001723,train_random,tier3
pinery-bushfire_00001724,train_random,tier3
pinery-bushfire_00001725,train_random,tier3
pinery-bushfire_00001726,val_random,tier3
pinery-bushfire_00001727,train_random,tier3
pinery-bushfire_00001728,train_random,tier3
pinery-bushfire_00001729,train_random,tier3
pinery-bushfire_00001730,train_random,tier3
pinery-bushfire_00001731,train_random,tier3
pinery-bushfire_00001732,test_random,tier3
pinery-bushfire_00001733,train_random,tier3
pinery-bushfire_00001734,train_random,tier3
pinery-bushfire_00001735,train_random,tier3
pinery-bushfire_00001736,train_random,tier3
pinery-bushfire_00001737,train_random,tier3
pinery-bushfire_00001738,train_random,tier3
pinery-bushfire_00001739,train_random,tier3
pinery-bushfire_00001740,train_random,tier3
pinery-bushfire_00001741,val_random,tier3
pinery-bushfire_00001742,val_random,tier3
pinery-bushfire_00001743,test_random,tier3
pinery-bushfire_00001744,train_random,tier3
pinery-bushfire_00001745,train_random,tier3
pinery-bushfire_00001746,val_random,tier3
pinery-bushfire_00001747,train_random,tier3
pinery-bushfire_00001748,train_random,tier3
pinery-bushfire_00001749,train_random,tier3
pinery-bushfire_00001750,train_random,tier3
pinery-bushfire_00001751,train_random,tier3
pinery-bushfire_00001752,test_random,tier3
pinery-bushfire_00001753,test_random,tier3
pinery-bushfire_00001754,train_random,tier3
pinery-bushfire_00001755,train_random,tier3
pinery-bushfire_00001756,train_random,tier3
pinery-bushfire_00001757,train_random,tier3
pinery-bushfire_00001758,train_random,tier3
pinery-bushfire_00001759,train_random,tier3
pinery-bushfire_00001760,train_random,tier3
pinery-bushfire_00001761,test_random,tier3
pinery-bushfire_00001762,train_random,tier3
pinery-bushfire_00001763,train_random,tier3
pinery-bushfire_00001764,train_random,tier3
pinery-bushfire_00001765,train_random,tier3
pinery-bushfire_00001766,train_random,tier3
pinery-bushfire_00001767,test_random,tier3
pinery-bushfire_00001768,train_random,tier3
pinery-bushfire_00001769,val_random,tier3
pinery-bushfire_00001770,test_random,tier3
pinery-bushfire_00001771,train_random,tier3
pinery-bushfire_00001772,train_random,tier3
pinery-bushfire_00001773,train_random,tier3
pinery-bushfire_00001774,train_random,tier3
pinery-bushfire_00001775,train_random,tier3
pinery-bushfire_00001776,train_random,tier3
pinery-bushfire_00001777,val_random,tier3
pinery-bushfire_00001778,train_random,tier3
pinery-bushfire_00001779,train_random,tier3
pinery-bushfire_00001780,test_random,tier3
pinery-bushfire_00001781,train_random,tier3
pinery-bushfire_00001782,train_random,tier3
pinery-bushfire_00001783,train_random,tier3
pinery-bushfire_00001784,train_random,tier3
pinery-bushfire_00001785,val_random,tier3
pinery-bushfire_00001786,train_random,tier3
pinery-bushfire_00001787,val_random,tier3
pinery-bushfire_00001788,val_random,tier3
pinery-bushfire_00001789,train_random,tier3
pinery-bushfire_00001790,train_random,tier3
pinery-bushfire_00001791,train_random,tier3
pinery-bushfire_00001792,test_random,tier3
pinery-bushfire_00001793,train_random,tier3
pinery-bushfire_00001794,test_random,tier3
pinery-bushfire_00001795,train_random,tier3
pinery-bushfire_00001796,test_random,tier3
pinery-bushfire_00001797,val_random,tier3
pinery-bushfire_00001798,train_random,tier3
pinery-bushfire_00001799,val_random,tier3
pinery-bushfire_00001800,val_random,tier3
pinery-bushfire_00001801,val_random,tier3
pinery-bushfire_00001802,train_random,tier3
pinery-bushfire_00001803,val_random,tier3
pinery-bushfire_00001804,train_random,tier3
pinery-bushfire_00001805,train_random,tier3
pinery-bushfire_00001806,val_random,tier3
pinery-bushfire_00001807,train_random,tier3
pinery-bushfire_00001808,val_random,tier3
pinery-bushfire_00001809,train_random,tier3
pinery-bushfire_00001810,val_random,tier3
pinery-bushfire_00001811,train_random,tier3
pinery-bushfire_00001812,train_random,tier3
pinery-bushfire_00001813,test_random,tier3
pinery-bushfire_00001814,test_random,tier3
pinery-bushfire_00001815,train_random,tier3
pinery-bushfire_00001816,train_random,tier3
pinery-bushfire_00001817,train_random,tier3
pinery-bushfire_00001818,train_random,tier3
pinery-bushfire_00001819,train_random,tier3
pinery-bushfire_00001820,train_random,tier3
pinery-bushfire_00001821,train_random,tier3
pinery-bushfire_00001822,train_random,tier3
pinery-bushfire_00001823,train_random,tier3
pinery-bushfire_00001824,test_random,tier3
pinery-bushfire_00001825,train_random,tier3
pinery-bushfire_00001826,val_random,tier3
pinery-bushfire_00001827,test_random,tier3
pinery-bushfire_00001828,train_random,tier3
pinery-bushfire_00001829,val_random,tier3
pinery-bushfire_00001830,train_random,tier3
pinery-bushfire_00001831,train_random,tier3
pinery-bushfire_00001832,train_random,tier3
pinery-bushfire_00001833,test_random,tier3
pinery-bushfire_00001834,train_random,tier3
pinery-bushfire_00001835,train_random,tier3
pinery-bushfire_00001836,val_random,tier3
pinery-bushfire_00001837,train_random,tier3
pinery-bushfire_00001838,train_random,tier3
pinery-bushfire_00001839,train_random,tier3
pinery-bushfire_00001840,train_random,tier3
pinery-bushfire_00001841,train_random,tier3
pinery-bushfire_00001842,train_random,tier3
pinery-bushfire_00001843,test_random,tier3
pinery-bushfire_00001844,train_random,tier3
portugal-wildfire_00000000,train_random,tier3
portugal-wildfire_00000001,train_random,tier3
portugal-wildfire_00000002,train_random,tier3
portugal-wildfire_00000003,train_random,tier3
portugal-wildfire_00000004,train_random,tier3
portugal-wildfire_00000005,train_random,tier3
portugal-wildfire_00000006,test_random,tier3
portugal-wildfire_00000007,train_random,tier3
portugal-wildfire_00000008,train_random,tier3
portugal-wildfire_00000009,val_random,tier3
portugal-wildfire_00000010,train_random,tier3
portugal-wildfire_00000011,train_random,tier3
portugal-wildfire_00000012,train_random,tier3
portugal-wildfire_00000013,train_random,tier3
portugal-wildfire_00000014,train_random,tier3
portugal-wildfire_00000015,train_random,tier3
portugal-wildfire_00000016,test_random,tier3
portugal-wildfire_00000017,train_random,tier3
portugal-wildfire_00000018,train_random,tier3
portugal-wildfire_00000019,val_random,tier3
portugal-wildfire_00000020,val_random,tier3
portugal-wildfire_00000021,train_random,tier3
portugal-wildfire_00000022,test_random,tier3
portugal-wildfire_00000023,test_random,tier3
portugal-wildfire_00000024,train_random,tier3
portugal-wildfire_00000025,train_random,tier3
portugal-wildfire_00000026,train_random,tier3
portugal-wildfire_00000027,train_random,tier3
portugal-wildfire_00000028,train_random,tier3
portugal-wildfire_00000029,train_random,tier3
portugal-wildfire_00000030,test_random,tier3
portugal-wildfire_00000031,train_random,tier3
portugal-wildfire_00000032,val_random,tier3
portugal-wildfire_00000033,train_random,tier3
portugal-wildfire_00000034,val_random,tier3
portugal-wildfire_00000035,train_random,tier3
portugal-wildfire_00000036,train_random,tier3
portugal-wildfire_00000037,test_random,tier3
portugal-wildfire_00000038,train_random,tier3
portugal-wildfire_00000039,val_random,tier3
portugal-wildfire_00000040,train_random,tier3
portugal-wildfire_00000041,test_random,tier3
portugal-wildfire_00000042,train_random,tier3
portugal-wildfire_00000043,train_random,tier3
portugal-wildfire_00000044,train_random,tier3
portugal-wildfire_00000045,train_random,tier3
portugal-wildfire_00000046,train_random,tier3
portugal-wildfire_00000047,train_random,tier3
portugal-wildfire_00000048,train_random,tier3
portugal-wildfire_00000049,train_random,tier3
portugal-wildfire_00000050,train_random,tier3
portugal-wildfire_00000051,train_random,tier3
portugal-wildfire_00000052,val_random,tier3
portugal-wildfire_00000053,train_random,tier3
portugal-wildfire_00000054,train_random,tier3
portugal-wildfire_00000055,test_random,tier3
portugal-wildfire_00000056,train_random,tier3
portugal-wildfire_00000057,train_random,tier3
portugal-wildfire_00000058,train_random,tier3
portugal-wildfire_00000059,test_random,tier3
portugal-wildfire_00000060,train_random,tier3
portugal-wildfire_00000061,train_random,tier3
portugal-wildfire_00000062,train_random,tier3
portugal-wildfire_00000063,train_random,tier3
portugal-wildfire_00000064,train_random,tier3
portugal-wildfire_00000065,test_random,tier3
portugal-wildfire_00000066,train_random,tier3
portugal-wildfire_00000067,train_random,tier3
portugal-wildfire_00000068,train_random,tier3
portugal-wildfire_00000069,train_random,tier3
portugal-wildfire_00000070,val_random,tier3
portugal-wildfire_00000071,val_random,tier3
portugal-wildfire_00000072,val_random,tier3
portugal-wildfire_00000073,val_random,tier3
portugal-wildfire_00000074,train_random,tier3
portugal-wildfire_00000075,val_random,tier3
portugal-wildfire_00000076,val_random,tier3
portugal-wildfire_00000077,train_random,tier3
portugal-wildfire_00000078,train_random,tier3
portugal-wildfire_00000079,train_random,tier3
portugal-wildfire_00000080,train_random,tier3
portugal-wildfire_00000081,train_random,tier3
portugal-wildfire_00000082,train_random,tier3
portugal-wildfire_00000083,test_random,tier3
portugal-wildfire_00000084,train_random,tier3
portugal-wildfire_00000085,val_random,tier3
portugal-wildfire_00000086,train_random,tier3
portugal-wildfire_00000087,val_random,tier3
portugal-wildfire_00000088,train_random,tier3
portugal-wildfire_00000089,val_random,tier3
portugal-wildfire_00000090,train_random,tier3
portugal-wildfire_00000091,train_random,tier3
portugal-wildfire_00000092,train_random,tier3
portugal-wildfire_00000093,train_random,tier3
portugal-wildfire_00000094,train_random,tier3
portugal-wildfire_00000095,val_random,tier3
portugal-wildfire_00000096,train_random,tier3
portugal-wildfire_00000097,train_random,tier3
portugal-wildfire_00000098,train_random,tier3
portugal-wildfire_00000099,train_random,tier3
portugal-wildfire_00000100,train_random,tier3
portugal-wildfire_00000101,train_random,tier3
portugal-wildfire_00000102,train_random,tier3
portugal-wildfire_00000103,train_random,tier3
portugal-wildfire_00000104,test_random,tier3
portugal-wildfire_00000105,train_random,tier3
portugal-wildfire_00000106,train_random,tier3
portugal-wildfire_00000107,train_random,tier3
portugal-wildfire_00000108,train_random,tier3
portugal-wildfire_00000109,test_random,tier3
portugal-wildfire_00000110,train_random,tier3
portugal-wildfire_00000111,test_random,tier3
portugal-wildfire_00000112,train_random,tier3
portugal-wildfire_00000113,val_random,tier3
portugal-wildfire_00000114,train_random,tier3
portugal-wildfire_00000115,train_random,tier3
portugal-wildfire_00000116,train_random,tier3
portugal-wildfire_00000117,val_random,tier3
portugal-wildfire_00000118,train_random,tier3
portugal-wildfire_00000119,train_random,tier3
portugal-wildfire_00000120,train_random,tier3
portugal-wildfire_00000121,train_random,tier3
portugal-wildfire_00000122,train_random,tier3
portugal-wildfire_00000123,train_random,tier3
portugal-wildfire_00000124,train_random,tier3
portugal-wildfire_00000125,train_random,tier3
portugal-wildfire_00000126,train_random,tier3
portugal-wildfire_00000127,train_random,tier3
portugal-wildfire_00000128,val_random,tier3
portugal-wildfire_00000129,val_random,tier3
portugal-wildfire_00000130,train_random,tier3
portugal-wildfire_00000131,val_random,tier3
portugal-wildfire_00000132,test_random,tier3
portugal-wildfire_00000133,train_random,tier3
portugal-wildfire_00000134,train_random,tier3
portugal-wildfire_00000135,train_random,tier3
portugal-wildfire_00000136,train_random,tier3
portugal-wildfire_00000137,test_random,tier3
portugal-wildfire_00000138,val_random,tier3
portugal-wildfire_00000139,test_random,tier3
portugal-wildfire_00000140,train_random,tier3
portugal-wildfire_00000141,train_random,tier3
portugal-wildfire_00000142,train_random,tier3
portugal-wildfire_00000143,train_random,tier3
portugal-wildfire_00000144,val_random,tier3
portugal-wildfire_00000145,train_random,tier3
portugal-wildfire_00000146,train_random,tier3
portugal-wildfire_00000147,train_random,tier3
portugal-wildfire_00000148,train_random,tier3
portugal-wildfire_00000149,train_random,tier3
portugal-wildfire_00000150,train_random,tier3
portugal-wildfire_00000151,train_random,tier3
portugal-wildfire_00000152,train_random,tier3
portugal-wildfire_00000153,train_random,tier3
portugal-wildfire_00000154,train_random,tier3
portugal-wildfire_00000155,train_random,tier3
portugal-wildfire_00000156,train_random,tier3
portugal-wildfire_00000157,val_random,tier3
portugal-wildfire_00000158,train_random,tier3
portugal-wildfire_00000159,train_random,tier3
portugal-wildfire_00000160,train_random,tier3
portugal-wildfire_00000161,train_random,tier3
portugal-wildfire_00000162,train_random,tier3
portugal-wildfire_00000163,train_random,tier3
portugal-wildfire_00000164,train_random,tier3
portugal-wildfire_00000165,train_random,tier3
portugal-wildfire_00000166,test_random,tier3
portugal-wildfire_00000167,test_random,tier3
portugal-wildfire_00000168,train_random,tier3
portugal-wildfire_00000169,train_random,tier3
portugal-wildfire_00000170,val_random,tier3
portugal-wildfire_00000171,train_random,tier3
portugal-wildfire_00000172,train_random,tier3
portugal-wildfire_00000173,train_random,tier3
portugal-wildfire_00000174,train_random,tier3
portugal-wildfire_00000175,train_random,tier3
portugal-wildfire_00000176,val_random,tier3
portugal-wildfire_00000177,val_random,tier3
portugal-wildfire_00000178,train_random,tier3
portugal-wildfire_00000179,test_random,tier3
portugal-wildfire_00000180,train_random,tier3
portugal-wildfire_00000181,train_random,tier3
portugal-wildfire_00000182,val_random,tier3
portugal-wildfire_00000183,val_random,tier3
portugal-wildfire_00000184,train_random,tier3
portugal-wildfire_00000185,test_random,tier3
portugal-wildfire_00000186,train_random,tier3
portugal-wildfire_00000187,test_random,tier3
portugal-wildfire_00000188,test_random,tier3
portugal-wildfire_00000189,train_random,tier3
portugal-wildfire_00000190,train_random,tier3
portugal-wildfire_00000191,train_random,tier3
portugal-wildfire_00000192,test_random,tier3
portugal-wildfire_00000193,train_random,tier3
portugal-wildfire_00000194,train_random,tier3
portugal-wildfire_00000195,train_random,tier3
portugal-wildfire_00000196,train_random,tier3
portugal-wildfire_00000197,train_random,tier3
portugal-wildfire_00000198,train_random,tier3
portugal-wildfire_00000199,train_random,tier3
portugal-wildfire_00000200,train_random,tier3
portugal-wildfire_00000201,train_random,tier3
portugal-wildfire_00000202,train_random,tier3
portugal-wildfire_00000203,train_random,tier3
portugal-wildfire_00000204,train_random,tier3
portugal-wildfire_00000205,test_random,tier3
portugal-wildfire_00000206,train_random,tier3
portugal-wildfire_00000207,train_random,tier3
portugal-wildfire_00000208,train_random,tier3
portugal-wildfire_00000209,train_random,tier3
portugal-wildfire_00000210,test_random,tier3
portugal-wildfire_00000211,val_random,tier3
portugal-wildfire_00000212,val_random,tier3
portugal-wildfire_00000213,val_random,tier3
portugal-wildfire_00000214,train_random,tier3
portugal-wildfire_00000215,train_random,tier3
portugal-wildfire_00000216,train_random,tier3
portugal-wildfire_00000217,train_random,tier3
portugal-wildfire_00000218,val_random,tier3
portugal-wildfire_00000219,train_random,tier3
portugal-wildfire_00000220,train_random,tier3
portugal-wildfire_00000221,train_random,tier3
portugal-wildfire_00000222,test_random,tier3
portugal-wildfire_00000223,val_random,tier3
portugal-wildfire_00000224,test_random,tier3
portugal-wildfire_00000225,train_random,tier3
portugal-wildfire_00000226,train_random,tier3
portugal-wildfire_00000227,train_random,tier3
portugal-wildfire_00000228,train_random,tier3
portugal-wildfire_00000229,train_random,tier3
portugal-wildfire_00000230,test_random,tier3
portugal-wildfire_00000231,train_random,tier3
portugal-wildfire_00000232,train_random,tier3
portugal-wildfire_00000233,val_random,tier3
portugal-wildfire_00000234,val_random,tier3
portugal-wildfire_00000235,train_random,tier3
portugal-wildfire_00000236,train_random,tier3
portugal-wildfire_00000237,train_random,tier3
portugal-wildfire_00000238,train_random,tier3
portugal-wildfire_00000239,val_random,tier3
portugal-wildfire_00000240,train_random,tier3
portugal-wildfire_00000241,train_random,tier3
portugal-wildfire_00000242,test_random,tier3
portugal-wildfire_00000243,val_random,tier3
portugal-wildfire_00000244,train_random,tier3
portugal-wildfire_00000245,train_random,tier3
portugal-wildfire_00000246,test_random,tier3
portugal-wildfire_00000247,test_random,tier3
portugal-wildfire_00000248,train_random,tier3
portugal-wildfire_00000249,train_random,tier3
portugal-wildfire_00000250,train_random,tier3
portugal-wildfire_00000251,train_random,tier3
portugal-wildfire_00000252,train_random,tier3
portugal-wildfire_00000253,train_random,tier3
portugal-wildfire_00000254,test_random,tier3
portugal-wildfire_00000255,train_random,tier3
portugal-wildfire_00000256,train_random,tier3
portugal-wildfire_00000257,train_random,tier3
portugal-wildfire_00000258,test_random,tier3
portugal-wildfire_00000259,test_random,tier3
portugal-wildfire_00000260,test_random,tier3
portugal-wildfire_00000261,train_random,tier3
portugal-wildfire_00000262,train_random,tier3
portugal-wildfire_00000263,val_random,tier3
portugal-wildfire_00000264,train_random,tier3
portugal-wildfire_00000265,test_random,tier3
portugal-wildfire_00000266,train_random,tier3
portugal-wildfire_00000267,train_random,tier3
portugal-wildfire_00000268,val_random,tier3
portugal-wildfire_00000269,train_random,tier3
portugal-wildfire_00000270,train_random,tier3
portugal-wildfire_00000271,test_random,tier3
portugal-wildfire_00000272,train_random,tier3
portugal-wildfire_00000273,val_random,tier3
portugal-wildfire_00000274,train_random,tier3
portugal-wildfire_00000275,train_random,tier3
portugal-wildfire_00000276,train_random,tier3
portugal-wildfire_00000277,train_random,tier3
portugal-wildfire_00000278,train_random,tier3
portugal-wildfire_00000279,train_random,tier3
portugal-wildfire_00000280,train_random,tier3
portugal-wildfire_00000281,val_random,tier3
portugal-wildfire_00000282,train_random,tier3
portugal-wildfire_00000283,train_random,tier3
portugal-wildfire_00000284,test_random,tier3
portugal-wildfire_00000285,train_random,tier3
portugal-wildfire_00000286,train_random,tier3
portugal-wildfire_00000287,test_random,tier3
portugal-wildfire_00000288,test_random,tier3
portugal-wildfire_00000289,test_random,tier3
portugal-wildfire_00000290,train_random,tier3
portugal-wildfire_00000291,train_random,tier3
portugal-wildfire_00000292,val_random,tier3
portugal-wildfire_00000293,train_random,tier3
portugal-wildfire_00000294,train_random,tier3
portugal-wildfire_00000295,train_random,tier3
portugal-wildfire_00000296,test_random,tier3
portugal-wildfire_00000297,train_random,tier3
portugal-wildfire_00000298,val_random,tier3
portugal-wildfire_00000299,test_random,tier3
portugal-wildfire_00000300,train_random,tier3
portugal-wildfire_00000301,train_random,tier3
portugal-wildfire_00000302,train_random,tier3
portugal-wildfire_00000303,train_random,tier3
portugal-wildfire_00000304,train_random,tier3
portugal-wildfire_00000305,val_random,tier3
portugal-wildfire_00000306,train_random,tier3
portugal-wildfire_00000307,test_random,tier3
portugal-wildfire_00000308,train_random,tier3
portugal-wildfire_00000309,train_random,tier3
portugal-wildfire_00000310,train_random,tier3
portugal-wildfire_00000311,train_random,tier3
portugal-wildfire_00000312,train_random,tier3
portugal-wildfire_00000313,train_random,tier3
portugal-wildfire_00000314,train_random,tier3
portugal-wildfire_00000315,train_random,tier3
portugal-wildfire_00000316,train_random,tier3
portugal-wildfire_00000317,test_random,tier3
portugal-wildfire_00000318,val_random,tier3
portugal-wildfire_00000319,val_random,tier3
portugal-wildfire_00000320,train_random,tier3
portugal-wildfire_00000321,train_random,tier3
portugal-wildfire_00000322,train_random,tier3
portugal-wildfire_00000323,train_random,tier3
portugal-wildfire_00000324,train_random,tier3
portugal-wildfire_00000325,train_random,tier3
portugal-wildfire_00000326,train_random,tier3
portugal-wildfire_00000327,test_random,tier3
portugal-wildfire_00000328,train_random,tier3
portugal-wildfire_00000329,test_random,tier3
portugal-wildfire_00000330,train_random,tier3
portugal-wildfire_00000331,train_random,tier3
portugal-wildfire_00000332,train_random,tier3
portugal-wildfire_00000333,train_random,tier3
portugal-wildfire_00000334,test_random,tier3
portugal-wildfire_00000335,train_random,tier3
portugal-wildfire_00000336,train_random,tier3
portugal-wildfire_00000337,train_random,tier3
portugal-wildfire_00000338,train_random,tier3
portugal-wildfire_00000339,test_random,tier3
portugal-wildfire_00000340,val_random,tier3
portugal-wildfire_00000341,test_random,tier3
portugal-wildfire_00000342,train_random,tier3
portugal-wildfire_00000343,train_random,tier3
portugal-wildfire_00000344,train_random,tier3
portugal-wildfire_00000345,train_random,tier3
portugal-wildfire_00000346,test_random,tier3
portugal-wildfire_00000347,train_random,tier3
portugal-wildfire_00000348,train_random,tier3
portugal-wildfire_00000349,val_random,tier3
portugal-wildfire_00000350,test_random,tier3
portugal-wildfire_00000351,train_random,tier3
portugal-wildfire_00000352,test_random,tier3
portugal-wildfire_00000353,val_random,tier3
portugal-wildfire_00000354,train_random,tier3
portugal-wildfire_00000355,train_random,tier3
portugal-wildfire_00000356,val_random,tier3
portugal-wildfire_00000357,train_random,tier3
portugal-wildfire_00000358,test_random,tier3
portugal-wildfire_00000359,train_random,tier3
portugal-wildfire_00000360,train_random,tier3
portugal-wildfire_00000361,train_random,tier3
portugal-wildfire_00000362,train_random,tier3
portugal-wildfire_00000363,train_random,tier3
portugal-wildfire_00000364,train_random,tier3
portugal-wildfire_00000365,train_random,tier3
portugal-wildfire_00000366,train_random,tier3
portugal-wildfire_00000367,train_random,tier3
portugal-wildfire_00000368,val_random,tier3
portugal-wildfire_00000369,train_random,tier3
portugal-wildfire_00000370,val_random,tier3
portugal-wildfire_00000371,train_random,tier3
portugal-wildfire_00000372,train_random,tier3
portugal-wildfire_00000373,train_random,tier3
portugal-wildfire_00000374,val_random,tier3
portugal-wildfire_00000375,train_random,tier3
portugal-wildfire_00000376,test_random,tier3
portugal-wildfire_00000377,train_random,tier3
portugal-wildfire_00000378,train_random,tier3
portugal-wildfire_00000379,train_random,tier3
portugal-wildfire_00000380,train_random,tier3
portugal-wildfire_00000381,train_random,tier3
portugal-wildfire_00000382,train_random,tier3
portugal-wildfire_00000383,test_random,tier3
portugal-wildfire_00000384,train_random,tier3
portugal-wildfire_00000385,train_random,tier3
portugal-wildfire_00000386,train_random,tier3
portugal-wildfire_00000387,train_random,tier3
portugal-wildfire_00000388,train_random,tier3
portugal-wildfire_00000389,train_random,tier3
portugal-wildfire_00000390,train_random,tier3
portugal-wildfire_00000391,val_random,tier3
portugal-wildfire_00000392,train_random,tier3
portugal-wildfire_00000393,train_random,tier3
portugal-wildfire_00000394,train_random,tier3
portugal-wildfire_00000395,train_random,tier3
portugal-wildfire_00000396,train_random,tier3
portugal-wildfire_00000397,train_random,tier3
portugal-wildfire_00000398,train_random,tier3
portugal-wildfire_00000399,test_random,tier3
portugal-wildfire_00000400,train_random,tier3
portugal-wildfire_00000401,train_random,tier3
portugal-wildfire_00000402,train_random,tier3
portugal-wildfire_00000403,train_random,tier3
portugal-wildfire_00000404,train_random,tier3
portugal-wildfire_00000405,train_random,tier3
portugal-wildfire_00000406,train_random,tier3
portugal-wildfire_00000407,train_random,tier3
portugal-wildfire_00000408,train_random,tier3
portugal-wildfire_00000409,train_random,tier3
portugal-wildfire_00000410,test_random,tier3
portugal-wildfire_00000411,test_random,tier3
portugal-wildfire_00000412,val_random,tier3
portugal-wildfire_00000413,val_random,tier3
portugal-wildfire_00000414,train_random,tier3
portugal-wildfire_00000415,train_random,tier3
portugal-wildfire_00000416,train_random,tier3
portugal-wildfire_00000417,train_random,tier3
portugal-wildfire_00000418,train_random,tier3
portugal-wildfire_00000419,train_random,tier3
portugal-wildfire_00000420,train_random,tier3
portugal-wildfire_00000421,train_random,tier3
portugal-wildfire_00000422,val_random,tier3
portugal-wildfire_00000423,train_random,tier3
portugal-wildfire_00000424,test_random,tier3
portugal-wildfire_00000425,train_random,tier3
portugal-wildfire_00000426,val_random,tier3
portugal-wildfire_00000427,train_random,tier3
portugal-wildfire_00000428,train_random,tier3
portugal-wildfire_00000429,train_random,tier3
portugal-wildfire_00000430,train_random,tier3
portugal-wildfire_00000431,train_random,tier3
portugal-wildfire_00000432,train_random,tier3
portugal-wildfire_00000433,train_random,tier3
portugal-wildfire_00000434,train_random,tier3
portugal-wildfire_00000435,train_random,tier3
portugal-wildfire_00000436,train_random,tier3
portugal-wildfire_00000437,train_random,tier3
portugal-wildfire_00000438,train_random,tier3
portugal-wildfire_00000439,train_random,tier3
portugal-wildfire_00000440,train_random,tier3
portugal-wildfire_00000441,train_random,tier3
portugal-wildfire_00000442,train_random,tier3
portugal-wildfire_00000443,val_random,tier3
portugal-wildfire_00000444,train_random,tier3
portugal-wildfire_00000445,train_random,tier3
portugal-wildfire_00000446,test_random,tier3
portugal-wildfire_00000447,val_random,tier3
portugal-wildfire_00000448,train_random,tier3
portugal-wildfire_00000449,train_random,tier3
portugal-wildfire_00000450,val_random,tier3
portugal-wildfire_00000451,train_random,tier3
portugal-wildfire_00000452,test_random,tier3
portugal-wildfire_00000453,train_random,tier3
portugal-wildfire_00000454,train_random,tier3
portugal-wildfire_00000455,train_random,tier3
portugal-wildfire_00000456,train_random,tier3
portugal-wildfire_00000457,train_random,tier3
portugal-wildfire_00000458,test_random,tier3
portugal-wildfire_00000459,train_random,tier3
portugal-wildfire_00000460,val_random,tier3
portugal-wildfire_00000461,val_random,tier3
portugal-wildfire_00000462,train_random,tier3
portugal-wildfire_00000463,train_random,tier3
portugal-wildfire_00000464,test_random,tier3
portugal-wildfire_00000465,train_random,tier3
portugal-wildfire_00000466,train_random,tier3
portugal-wildfire_00000467,train_random,tier3
portugal-wildfire_00000468,val_random,tier3
portugal-wildfire_00000469,val_random,tier3
portugal-wildfire_00000470,test_random,tier3
portugal-wildfire_00000471,train_random,tier3
portugal-wildfire_00000472,train_random,tier3
portugal-wildfire_00000473,test_random,tier3
portugal-wildfire_00000474,train_random,tier3
portugal-wildfire_00000475,train_random,tier3
portugal-wildfire_00000476,train_random,tier3
portugal-wildfire_00000477,train_random,tier3
portugal-wildfire_00000478,test_random,tier3
portugal-wildfire_00000479,train_random,tier3
portugal-wildfire_00000480,train_random,tier3
portugal-wildfire_00000481,test_random,tier3
portugal-wildfire_00000482,train_random,tier3
portugal-wildfire_00000483,train_random,tier3
portugal-wildfire_00000484,train_random,tier3
portugal-wildfire_00000485,test_random,tier3
portugal-wildfire_00000486,train_random,tier3
portugal-wildfire_00000487,train_random,tier3
portugal-wildfire_00000488,train_random,tier3
portugal-wildfire_00000489,train_random,tier3
portugal-wildfire_00000490,train_random,tier3
portugal-wildfire_00000491,test_random,tier3
portugal-wildfire_00000492,train_random,tier3
portugal-wildfire_00000493,train_random,tier3
portugal-wildfire_00000494,val_random,tier3
portugal-wildfire_00000495,train_random,tier3
portugal-wildfire_00000496,train_random,tier3
portugal-wildfire_00000497,train_random,tier3
portugal-wildfire_00000498,train_random,tier3
portugal-wildfire_00000499,test_random,tier3
portugal-wildfire_00000500,train_random,tier3
portugal-wildfire_00000501,train_random,tier3
portugal-wildfire_00000502,train_random,tier3
portugal-wildfire_00000503,train_random,tier3
portugal-wildfire_00000504,train_random,tier3
portugal-wildfire_00000505,train_random,tier3
portugal-wildfire_00000506,train_random,tier3
portugal-wildfire_00000507,train_random,tier3
portugal-wildfire_00000508,train_random,tier3
portugal-wildfire_00000509,train_random,tier3
portugal-wildfire_00000510,train_random,tier3
portugal-wildfire_00000511,train_random,tier3
portugal-wildfire_00000512,train_random,tier3
portugal-wildfire_00000513,train_random,tier3
portugal-wildfire_00000514,train_random,tier3
portugal-wildfire_00000515,train_random,tier3
portugal-wildfire_00000516,test_random,tier3
portugal-wildfire_00000517,train_random,tier3
portugal-wildfire_00000518,train_random,tier3
portugal-wildfire_00000519,train_random,tier3
portugal-wildfire_00000520,val_random,tier3
portugal-wildfire_00000521,train_random,tier3
portugal-wildfire_00000522,train_random,tier3
portugal-wildfire_00000523,val_random,tier3
portugal-wildfire_00000524,train_random,tier3
portugal-wildfire_00000525,test_random,tier3
portugal-wildfire_00000526,test_random,tier3
portugal-wildfire_00000527,train_random,tier3
portugal-wildfire_00000528,test_random,tier3
portugal-wildfire_00000529,val_random,tier3
portugal-wildfire_00000530,train_random,tier3
portugal-wildfire_00000531,train_random,tier3
portugal-wildfire_00000532,train_random,tier3
portugal-wildfire_00000533,train_random,tier3
portugal-wildfire_00000534,test_random,tier3
portugal-wildfire_00000535,val_random,tier3
portugal-wildfire_00000536,train_random,tier3
portugal-wildfire_00000537,val_random,tier3
portugal-wildfire_00000538,train_random,tier3
portugal-wildfire_00000539,train_random,tier3
portugal-wildfire_00000540,train_random,tier3
portugal-wildfire_00000541,train_random,tier3
portugal-wildfire_00000542,train_random,tier3
portugal-wildfire_00000543,train_random,tier3
portugal-wildfire_00000544,train_random,tier3
portugal-wildfire_00000545,test_random,tier3
portugal-wildfire_00000546,train_random,tier3
portugal-wildfire_00000547,train_random,tier3
portugal-wildfire_00000548,train_random,tier3
portugal-wildfire_00000549,val_random,tier3
portugal-wildfire_00000550,train_random,tier3
portugal-wildfire_00000551,train_random,tier3
portugal-wildfire_00000552,train_random,tier3
portugal-wildfire_00000553,train_random,tier3
portugal-wildfire_00000554,val_random,tier3
portugal-wildfire_00000555,train_random,tier3
portugal-wildfire_00000556,train_random,tier3
portugal-wildfire_00000557,train_random,tier3
portugal-wildfire_00000558,train_random,tier3
portugal-wildfire_00000559,train_random,tier3
portugal-wildfire_00000560,train_random,tier3
portugal-wildfire_00000561,train_random,tier3
portugal-wildfire_00000562,train_random,tier3
portugal-wildfire_00000563,train_random,tier3
portugal-wildfire_00000564,train_random,tier3
portugal-wildfire_00000565,val_random,tier3
portugal-wildfire_00000566,train_random,tier3
portugal-wildfire_00000567,train_random,tier3
portugal-wildfire_00000568,train_random,tier3
portugal-wildfire_00000569,val_random,tier3
portugal-wildfire_00000570,val_random,tier3
portugal-wildfire_00000571,train_random,tier3
portugal-wildfire_00000572,train_random,tier3
portugal-wildfire_00000573,val_random,tier3
portugal-wildfire_00000574,test_random,tier3
portugal-wildfire_00000575,train_random,tier3
portugal-wildfire_00000576,test_random,tier3
portugal-wildfire_00000577,train_random,tier3
portugal-wildfire_00000578,test_random,tier3
portugal-wildfire_00000579,val_random,tier3
portugal-wildfire_00000580,train_random,tier3
portugal-wildfire_00000581,train_random,tier3
portugal-wildfire_00000582,test_random,tier3
portugal-wildfire_00000583,train_random,tier3
portugal-wildfire_00000584,train_random,tier3
portugal-wildfire_00000585,train_random,tier3
portugal-wildfire_00000586,train_random,tier3
portugal-wildfire_00000587,test_random,tier3
portugal-wildfire_00000588,val_random,tier3
portugal-wildfire_00000589,train_random,tier3
portugal-wildfire_00000590,train_random,tier3
portugal-wildfire_00000591,train_random,tier3
portugal-wildfire_00000592,val_random,tier3
portugal-wildfire_00000593,train_random,tier3
portugal-wildfire_00000594,train_random,tier3
portugal-wildfire_00000595,test_random,tier3
portugal-wildfire_00000596,train_random,tier3
portugal-wildfire_00000597,train_random,tier3
portugal-wildfire_00000598,train_random,tier3
portugal-wildfire_00000599,test_random,tier3
portugal-wildfire_00000600,train_random,tier3
portugal-wildfire_00000601,val_random,tier3
portugal-wildfire_00000602,train_random,tier3
portugal-wildfire_00000603,train_random,tier3
portugal-wildfire_00000604,test_random,tier3
portugal-wildfire_00000605,train_random,tier3
portugal-wildfire_00000606,train_random,tier3
portugal-wildfire_00000607,test_random,tier3
portugal-wildfire_00000608,test_random,tier3
portugal-wildfire_00000609,train_random,tier3
portugal-wildfire_00000610,train_random,tier3
portugal-wildfire_00000611,train_random,tier3
portugal-wildfire_00000612,train_random,tier3
portugal-wildfire_00000613,train_random,tier3
portugal-wildfire_00000614,train_random,tier3
portugal-wildfire_00000615,val_random,tier3
portugal-wildfire_00000616,train_random,tier3
portugal-wildfire_00000617,train_random,tier3
portugal-wildfire_00000618,train_random,tier3
portugal-wildfire_00000619,train_random,tier3
portugal-wildfire_00000620,test_random,tier3
portugal-wildfire_00000621,val_random,tier3
portugal-wildfire_00000622,train_random,tier3
portugal-wildfire_00000623,val_random,tier3
portugal-wildfire_00000624,train_random,tier3
portugal-wildfire_00000625,train_random,tier3
portugal-wildfire_00000626,train_random,tier3
portugal-wildfire_00000627,train_random,tier3
portugal-wildfire_00000628,train_random,tier3
portugal-wildfire_00000629,test_random,tier3
portugal-wildfire_00000630,train_random,tier3
portugal-wildfire_00000631,val_random,tier3
portugal-wildfire_00000632,train_random,tier3
portugal-wildfire_00000633,val_random,tier3
portugal-wildfire_00000634,train_random,tier3
portugal-wildfire_00000635,train_random,tier3
portugal-wildfire_00000636,train_random,tier3
portugal-wildfire_00000637,val_random,tier3
portugal-wildfire_00000638,train_random,tier3
portugal-wildfire_00000639,train_random,tier3
portugal-wildfire_00000640,test_random,tier3
portugal-wildfire_00000641,train_random,tier3
portugal-wildfire_00000642,train_random,tier3
portugal-wildfire_00000643,train_random,tier3
portugal-wildfire_00000644,train_random,tier3
portugal-wildfire_00000645,train_random,tier3
portugal-wildfire_00000646,test_random,tier3
portugal-wildfire_00000647,train_random,tier3
portugal-wildfire_00000648,val_random,tier3
portugal-wildfire_00000649,train_random,tier3
portugal-wildfire_00000650,train_random,tier3
portugal-wildfire_00000651,train_random,tier3
portugal-wildfire_00000652,train_random,tier3
portugal-wildfire_00000653,train_random,tier3
portugal-wildfire_00000654,train_random,tier3
portugal-wildfire_00000655,val_random,tier3
portugal-wildfire_00000656,val_random,tier3
portugal-wildfire_00000657,train_random,tier3
portugal-wildfire_00000658,train_random,tier3
portugal-wildfire_00000659,train_random,tier3
portugal-wildfire_00000660,val_random,tier3
portugal-wildfire_00000661,train_random,tier3
portugal-wildfire_00000662,train_random,tier3
portugal-wildfire_00000663,test_random,tier3
portugal-wildfire_00000664,val_random,tier3
portugal-wildfire_00000665,train_random,tier3
portugal-wildfire_00000666,train_random,tier3
portugal-wildfire_00000667,train_random,tier3
portugal-wildfire_00000668,test_random,tier3
portugal-wildfire_00000669,train_random,tier3
portugal-wildfire_00000670,train_random,tier3
portugal-wildfire_00000671,train_random,tier3
portugal-wildfire_00000672,train_random,tier3
portugal-wildfire_00000673,train_random,tier3
portugal-wildfire_00000674,train_random,tier3
portugal-wildfire_00000675,train_random,tier3
portugal-wildfire_00000676,train_random,tier3
portugal-wildfire_00000677,train_random,tier3
portugal-wildfire_00000678,test_random,tier3
portugal-wildfire_00000679,train_random,tier3
portugal-wildfire_00000680,train_random,tier3
portugal-wildfire_00000681,train_random,tier3
portugal-wildfire_00000682,train_random,tier3
portugal-wildfire_00000683,train_random,tier3
portugal-wildfire_00000684,val_random,tier3
portugal-wildfire_00000685,train_random,tier3
portugal-wildfire_00000686,train_random,tier3
portugal-wildfire_00000687,val_random,tier3
portugal-wildfire_00000688,train_random,tier3
portugal-wildfire_00000689,test_random,tier3
portugal-wildfire_00000690,train_random,tier3
portugal-wildfire_00000691,val_random,tier3
portugal-wildfire_00000692,train_random,tier3
portugal-wildfire_00000693,train_random,tier3
portugal-wildfire_00000694,train_random,tier3
portugal-wildfire_00000695,train_random,tier3
portugal-wildfire_00000696,test_random,tier3
portugal-wildfire_00000697,val_random,tier3
portugal-wildfire_00000698,val_random,tier3
portugal-wildfire_00000699,train_random,tier3
portugal-wildfire_00000700,train_random,tier3
portugal-wildfire_00000701,train_random,tier3
portugal-wildfire_00000702,train_random,tier3
portugal-wildfire_00000703,train_random,tier3
portugal-wildfire_00000704,test_random,tier3
portugal-wildfire_00000705,train_random,tier3
portugal-wildfire_00000706,train_random,tier3
portugal-wildfire_00000707,test_random,tier3
portugal-wildfire_00000708,train_random,tier3
portugal-wildfire_00000709,train_random,tier3
portugal-wildfire_00000710,val_random,tier3
portugal-wildfire_00000711,train_random,tier3
portugal-wildfire_00000712,train_random,tier3
portugal-wildfire_00000713,train_random,tier3
portugal-wildfire_00000714,val_random,tier3
portugal-wildfire_00000715,train_random,tier3
portugal-wildfire_00000716,val_random,tier3
portugal-wildfire_00000717,train_random,tier3
portugal-wildfire_00000718,val_random,tier3
portugal-wildfire_00000719,train_random,tier3
portugal-wildfire_00000720,train_random,tier3
portugal-wildfire_00000721,train_random,tier3
portugal-wildfire_00000722,test_random,tier3
portugal-wildfire_00000723,train_random,tier3
portugal-wildfire_00000724,train_random,tier3
portugal-wildfire_00000725,train_random,tier3
portugal-wildfire_00000726,train_random,tier3
portugal-wildfire_00000727,train_random,tier3
portugal-wildfire_00000728,train_random,tier3
portugal-wildfire_00000729,train_random,tier3
portugal-wildfire_00000730,test_random,tier3
portugal-wildfire_00000731,train_random,tier3
portugal-wildfire_00000732,train_random,tier3
portugal-wildfire_00000733,val_random,tier3
portugal-wildfire_00000734,train_random,tier3
portugal-wildfire_00000735,train_random,tier3
portugal-wildfire_00000736,train_random,tier3
portugal-wildfire_00000737,train_random,tier3
portugal-wildfire_00000738,train_random,tier3
portugal-wildfire_00000739,train_random,tier3
portugal-wildfire_00000740,train_random,tier3
portugal-wildfire_00000741,train_random,tier3
portugal-wildfire_00000742,train_random,tier3
portugal-wildfire_00000743,train_random,tier3
portugal-wildfire_00000744,train_random,tier3
portugal-wildfire_00000745,test_random,tier3
portugal-wildfire_00000746,train_random,tier3
portugal-wildfire_00000747,train_random,tier3
portugal-wildfire_00000748,train_random,tier3
portugal-wildfire_00000749,train_random,tier3
portugal-wildfire_00000750,train_random,tier3
portugal-wildfire_00000751,train_random,tier3
portugal-wildfire_00000752,train_random,tier3
portugal-wildfire_00000753,test_random,tier3
portugal-wildfire_00000754,train_random,tier3
portugal-wildfire_00000755,train_random,tier3
portugal-wildfire_00000756,test_random,tier3
portugal-wildfire_00000757,train_random,tier3
portugal-wildfire_00000758,test_random,tier3
portugal-wildfire_00000759,val_random,tier3
portugal-wildfire_00000760,train_random,tier3
portugal-wildfire_00000761,train_random,tier3
portugal-wildfire_00000762,train_random,tier3
portugal-wildfire_00000763,val_random,tier3
portugal-wildfire_00000764,train_random,tier3
portugal-wildfire_00000765,test_random,tier3
portugal-wildfire_00000766,train_random,tier3
portugal-wildfire_00000767,train_random,tier3
portugal-wildfire_00000768,val_random,tier3
portugal-wildfire_00000769,train_random,tier3
portugal-wildfire_00000770,test_random,tier3
portugal-wildfire_00000771,train_random,tier3
portugal-wildfire_00000772,train_random,tier3
portugal-wildfire_00000773,train_random,tier3
portugal-wildfire_00000774,train_random,tier3
portugal-wildfire_00000775,train_random,tier3
portugal-wildfire_00000776,train_random,tier3
portugal-wildfire_00000777,train_random,tier3
portugal-wildfire_00000778,test_random,tier3
portugal-wildfire_00000779,train_random,tier3
portugal-wildfire_00000780,train_random,tier3
portugal-wildfire_00000781,val_random,tier3
portugal-wildfire_00000782,val_random,tier3
portugal-wildfire_00000783,test_random,tier3
portugal-wildfire_00000784,train_random,tier3
portugal-wildfire_00000785,train_random,tier3
portugal-wildfire_00000786,test_random,tier3
portugal-wildfire_00000787,train_random,tier3
portugal-wildfire_00000788,train_random,tier3
portugal-wildfire_00000789,train_random,tier3
portugal-wildfire_00000790,train_random,tier3
portugal-wildfire_00000791,test_random,tier3
portugal-wildfire_00000792,train_random,tier3
portugal-wildfire_00000793,test_random,tier3
portugal-wildfire_00000794,train_random,tier3
portugal-wildfire_00000795,train_random,tier3
portugal-wildfire_00000796,test_random,tier3
portugal-wildfire_00000797,test_random,tier3
portugal-wildfire_00000798,train_random,tier3
portugal-wildfire_00000799,train_random,tier3
portugal-wildfire_00000800,val_random,tier3
portugal-wildfire_00000801,train_random,tier3
portugal-wildfire_00000802,train_random,tier3
portugal-wildfire_00000803,train_random,tier3
portugal-wildfire_00000804,train_random,tier3
portugal-wildfire_00000805,val_random,tier3
portugal-wildfire_00000806,val_random,tier3
portugal-wildfire_00000807,train_random,tier3
portugal-wildfire_00000808,train_random,tier3
portugal-wildfire_00000809,train_random,tier3
portugal-wildfire_00000810,train_random,tier3
portugal-wildfire_00000811,val_random,tier3
portugal-wildfire_00000812,train_random,tier3
portugal-wildfire_00000813,train_random,tier3
portugal-wildfire_00000814,train_random,tier3
portugal-wildfire_00000815,train_random,tier3
portugal-wildfire_00000816,train_random,tier3
portugal-wildfire_00000817,val_random,tier3
portugal-wildfire_00000818,train_random,tier3
portugal-wildfire_00000819,val_random,tier3
portugal-wildfire_00000820,test_random,tier3
portugal-wildfire_00000821,train_random,tier3
portugal-wildfire_00000822,test_random,tier3
portugal-wildfire_00000823,train_random,tier3
portugal-wildfire_00000824,test_random,tier3
portugal-wildfire_00000825,val_random,tier3
portugal-wildfire_00000826,train_random,tier3
portugal-wildfire_00000827,train_random,tier3
portugal-wildfire_00000828,train_random,tier3
portugal-wildfire_00000829,train_random,tier3
portugal-wildfire_00000830,val_random,tier3
portugal-wildfire_00000831,train_random,tier3
portugal-wildfire_00000832,train_random,tier3
portugal-wildfire_00000833,train_random,tier3
portugal-wildfire_00000834,test_random,tier3
portugal-wildfire_00000835,val_random,tier3
portugal-wildfire_00000836,train_random,tier3
portugal-wildfire_00000837,train_random,tier3
portugal-wildfire_00000838,train_random,tier3
portugal-wildfire_00000839,train_random,tier3
portugal-wildfire_00000840,train_random,tier3
portugal-wildfire_00000841,train_random,tier3
portugal-wildfire_00000842,test_random,tier3
portugal-wildfire_00000843,train_random,tier3
portugal-wildfire_00000844,train_random,tier3
portugal-wildfire_00000845,train_random,tier3
portugal-wildfire_00000846,train_random,tier3
portugal-wildfire_00000847,val_random,tier3
portugal-wildfire_00000848,train_random,tier3
portugal-wildfire_00000849,val_random,tier3
portugal-wildfire_00000850,train_random,tier3
portugal-wildfire_00000851,train_random,tier3
portugal-wildfire_00000852,train_random,tier3
portugal-wildfire_00000853,train_random,tier3
portugal-wildfire_00000854,train_random,tier3
portugal-wildfire_00000855,train_random,tier3
portugal-wildfire_00000856,test_random,tier3
portugal-wildfire_00000857,test_random,tier3
portugal-wildfire_00000858,train_random,tier3
portugal-wildfire_00000859,train_random,tier3
portugal-wildfire_00000860,train_random,tier3
portugal-wildfire_00000861,val_random,tier3
portugal-wildfire_00000862,train_random,tier3
portugal-wildfire_00000863,train_random,tier3
portugal-wildfire_00000864,train_random,tier3
portugal-wildfire_00000865,val_random,tier3
portugal-wildfire_00000866,val_random,tier3
portugal-wildfire_00000867,train_random,tier3
portugal-wildfire_00000868,train_random,tier3
portugal-wildfire_00000869,val_random,tier3
portugal-wildfire_00000870,train_random,tier3
portugal-wildfire_00000871,train_random,tier3
portugal-wildfire_00000872,train_random,tier3
portugal-wildfire_00000873,val_random,tier3
portugal-wildfire_00000874,test_random,tier3
portugal-wildfire_00000875,val_random,tier3
portugal-wildfire_00000876,test_random,tier3
portugal-wildfire_00000877,test_random,tier3
portugal-wildfire_00000878,train_random,tier3
portugal-wildfire_00000879,train_random,tier3
portugal-wildfire_00000880,test_random,tier3
portugal-wildfire_00000881,train_random,tier3
portugal-wildfire_00000882,train_random,tier3
portugal-wildfire_00000883,train_random,tier3
portugal-wildfire_00000884,test_random,tier3
portugal-wildfire_00000885,train_random,tier3
portugal-wildfire_00000886,train_random,tier3
portugal-wildfire_00000887,train_random,tier3
portugal-wildfire_00000888,val_random,tier3
portugal-wildfire_00000889,val_random,tier3
portugal-wildfire_00000890,val_random,tier3
portugal-wildfire_00000891,test_random,tier3
portugal-wildfire_00000892,test_random,tier3
portugal-wildfire_00000893,train_random,tier3
portugal-wildfire_00000894,train_random,tier3
portugal-wildfire_00000895,val_random,tier3
portugal-wildfire_00000896,train_random,tier3
portugal-wildfire_00000897,test_random,tier3
portugal-wildfire_00000898,test_random,tier3
portugal-wildfire_00000899,train_random,tier3
portugal-wildfire_00000900,train_random,tier3
portugal-wildfire_00000901,train_random,tier3
portugal-wildfire_00000902,val_random,tier3
portugal-wildfire_00000903,train_random,tier3
portugal-wildfire_00000904,test_random,tier3
portugal-wildfire_00000905,train_random,tier3
portugal-wildfire_00000906,test_random,tier3
portugal-wildfire_00000907,train_random,tier3
portugal-wildfire_00000908,train_random,tier3
portugal-wildfire_00000909,test_random,tier3
portugal-wildfire_00000910,train_random,tier3
portugal-wildfire_00000911,train_random,tier3
portugal-wildfire_00000912,train_random,tier3
portugal-wildfire_00000913,train_random,tier3
portugal-wildfire_00000914,val_random,tier3
portugal-wildfire_00000915,test_random,tier3
portugal-wildfire_00000916,val_random,tier3
portugal-wildfire_00000917,train_random,tier3
portugal-wildfire_00000918,train_random,tier3
portugal-wildfire_00000919,train_random,tier3
portugal-wildfire_00000920,train_random,tier3
portugal-wildfire_00000921,train_random,tier3
portugal-wildfire_00000922,train_random,tier3
portugal-wildfire_00000923,train_random,tier3
portugal-wildfire_00000924,train_random,tier3
portugal-wildfire_00000925,val_random,tier3
portugal-wildfire_00000926,train_random,tier3
portugal-wildfire_00000927,train_random,tier3
portugal-wildfire_00000928,train_random,tier3
portugal-wildfire_00000929,val_random,tier3
portugal-wildfire_00000930,val_random,tier3
portugal-wildfire_00000931,train_random,tier3
portugal-wildfire_00000932,val_random,tier3
portugal-wildfire_00000933,train_random,tier3
portugal-wildfire_00000934,train_random,tier3
portugal-wildfire_00000935,train_random,tier3
portugal-wildfire_00000936,train_random,tier3
portugal-wildfire_00000937,train_random,tier3
portugal-wildfire_00000938,train_random,tier3
portugal-wildfire_00000939,test_random,tier3
portugal-wildfire_00000940,train_random,tier3
portugal-wildfire_00000941,test_random,tier3
portugal-wildfire_00000942,train_random,tier3
portugal-wildfire_00000943,train_random,tier3
portugal-wildfire_00000944,val_random,tier3
portugal-wildfire_00000945,train_random,tier3
portugal-wildfire_00000946,train_random,tier3
portugal-wildfire_00000947,train_random,tier3
portugal-wildfire_00000948,val_random,tier3
portugal-wildfire_00000949,val_random,tier3
portugal-wildfire_00000950,val_random,tier3
portugal-wildfire_00000951,train_random,tier3
portugal-wildfire_00000952,train_random,tier3
portugal-wildfire_00000953,train_random,tier3
portugal-wildfire_00000954,train_random,tier3
portugal-wildfire_00000955,train_random,tier3
portugal-wildfire_00000956,train_random,tier3
portugal-wildfire_00000957,test_random,tier3
portugal-wildfire_00000958,train_random,tier3
portugal-wildfire_00000959,test_random,tier3
portugal-wildfire_00000960,train_random,tier3
portugal-wildfire_00000961,train_random,tier3
portugal-wildfire_00000962,train_random,tier3
portugal-wildfire_00000963,train_random,tier3
portugal-wildfire_00000964,train_random,tier3
portugal-wildfire_00000965,val_random,tier3
portugal-wildfire_00000966,val_random,tier3
portugal-wildfire_00000967,train_random,tier3
portugal-wildfire_00000968,val_random,tier3
portugal-wildfire_00000969,train_random,tier3
portugal-wildfire_00000970,val_random,tier3
portugal-wildfire_00000971,train_random,tier3
portugal-wildfire_00000972,val_random,tier3
portugal-wildfire_00000973,train_random,tier3
portugal-wildfire_00000974,train_random,tier3
portugal-wildfire_00000975,train_random,tier3
portugal-wildfire_00000976,train_random,tier3
portugal-wildfire_00000977,train_random,tier3
portugal-wildfire_00000978,train_random,tier3
portugal-wildfire_00000979,val_random,tier3
portugal-wildfire_00000980,train_random,tier3
portugal-wildfire_00000981,train_random,tier3
portugal-wildfire_00000982,train_random,tier3
portugal-wildfire_00000983,train_random,tier3
portugal-wildfire_00000984,train_random,tier3
portugal-wildfire_00000985,train_random,tier3
portugal-wildfire_00000986,train_random,tier3
portugal-wildfire_00000987,train_random,tier3
portugal-wildfire_00000988,train_random,tier3
portugal-wildfire_00000989,train_random,tier3
portugal-wildfire_00000990,train_random,tier3
portugal-wildfire_00000991,train_random,tier3
portugal-wildfire_00000992,test_random,tier3
portugal-wildfire_00000993,train_random,tier3
portugal-wildfire_00000994,train_random,tier3
portugal-wildfire_00000995,train_random,tier3
portugal-wildfire_00000996,train_random,tier3
portugal-wildfire_00000997,train_random,tier3
portugal-wildfire_00000998,test_random,tier3
portugal-wildfire_00000999,val_random,tier3
portugal-wildfire_00001000,val_random,tier3
portugal-wildfire_00001001,val_random,tier3
portugal-wildfire_00001002,test_random,tier3
portugal-wildfire_00001003,val_random,tier3
portugal-wildfire_00001004,val_random,tier3
portugal-wildfire_00001005,train_random,tier3
portugal-wildfire_00001006,train_random,tier3
portugal-wildfire_00001007,val_random,tier3
portugal-wildfire_00001008,train_random,tier3
portugal-wildfire_00001009,val_random,tier3
portugal-wildfire_00001010,train_random,tier3
portugal-wildfire_00001011,val_random,tier3
portugal-wildfire_00001012,val_random,tier3
portugal-wildfire_00001013,train_random,tier3
portugal-wildfire_00001014,train_random,tier3
portugal-wildfire_00001015,train_random,tier3
portugal-wildfire_00001016,val_random,tier3
portugal-wildfire_00001017,train_random,tier3
portugal-wildfire_00001018,val_random,tier3
portugal-wildfire_00001019,val_random,tier3
portugal-wildfire_00001020,train_random,tier3
portugal-wildfire_00001021,train_random,tier3
portugal-wildfire_00001022,train_random,tier3
portugal-wildfire_00001023,train_random,tier3
portugal-wildfire_00001024,train_random,tier3
portugal-wildfire_00001025,train_random,tier3
portugal-wildfire_00001026,train_random,tier3
portugal-wildfire_00001027,train_random,tier3
portugal-wildfire_00001028,train_random,tier3
portugal-wildfire_00001029,test_random,tier3
portugal-wildfire_00001030,val_random,tier3
portugal-wildfire_00001031,train_random,tier3
portugal-wildfire_00001032,test_random,tier3
portugal-wildfire_00001033,train_random,tier3
portugal-wildfire_00001034,train_random,tier3
portugal-wildfire_00001035,test_random,tier3
portugal-wildfire_00001036,train_random,tier3
portugal-wildfire_00001037,train_random,tier3
portugal-wildfire_00001038,train_random,tier3
portugal-wildfire_00001039,train_random,tier3
portugal-wildfire_00001040,train_random,tier3
portugal-wildfire_00001041,test_random,tier3
portugal-wildfire_00001042,train_random,tier3
portugal-wildfire_00001043,train_random,tier3
portugal-wildfire_00001044,train_random,tier3
portugal-wildfire_00001045,train_random,tier3
portugal-wildfire_00001046,val_random,tier3
portugal-wildfire_00001047,train_random,tier3
portugal-wildfire_00001048,train_random,tier3
portugal-wildfire_00001049,train_random,tier3
portugal-wildfire_00001050,val_random,tier3
portugal-wildfire_00001051,train_random,tier3
portugal-wildfire_00001052,train_random,tier3
portugal-wildfire_00001053,val_random,tier3
portugal-wildfire_00001054,test_random,tier3
portugal-wildfire_00001055,train_random,tier3
portugal-wildfire_00001056,train_random,tier3
portugal-wildfire_00001057,train_random,tier3
portugal-wildfire_00001058,val_random,tier3
portugal-wildfire_00001059,train_random,tier3
portugal-wildfire_00001060,val_random,tier3
portugal-wildfire_00001061,train_random,tier3
portugal-wildfire_00001062,train_random,tier3
portugal-wildfire_00001063,val_random,tier3
portugal-wildfire_00001064,train_random,tier3
portugal-wildfire_00001065,train_random,tier3
portugal-wildfire_00001066,train_random,tier3
portugal-wildfire_00001067,val_random,tier3
portugal-wildfire_00001068,train_random,tier3
portugal-wildfire_00001069,train_random,tier3
portugal-wildfire_00001070,test_random,tier3
portugal-wildfire_00001071,train_random,tier3
portugal-wildfire_00001072,train_random,tier3
portugal-wildfire_00001073,train_random,tier3
portugal-wildfire_00001074,test_random,tier3
portugal-wildfire_00001075,train_random,tier3
portugal-wildfire_00001076,train_random,tier3
portugal-wildfire_00001077,test_random,tier3
portugal-wildfire_00001078,test_random,tier3
portugal-wildfire_00001079,train_random,tier3
portugal-wildfire_00001080,val_random,tier3
portugal-wildfire_00001081,train_random,tier3
portugal-wildfire_00001082,train_random,tier3
portugal-wildfire_00001083,train_random,tier3
portugal-wildfire_00001084,train_random,tier3
portugal-wildfire_00001085,train_random,tier3
portugal-wildfire_00001086,test_random,tier3
portugal-wildfire_00001087,train_random,tier3
portugal-wildfire_00001088,train_random,tier3
portugal-wildfire_00001089,train_random,tier3
portugal-wildfire_00001090,test_random,tier3
portugal-wildfire_00001091,train_random,tier3
portugal-wildfire_00001092,train_random,tier3
portugal-wildfire_00001093,train_random,tier3
portugal-wildfire_00001094,train_random,tier3
portugal-wildfire_00001095,train_random,tier3
portugal-wildfire_00001096,train_random,tier3
portugal-wildfire_00001097,train_random,tier3
portugal-wildfire_00001098,train_random,tier3
portugal-wildfire_00001099,train_random,tier3
portugal-wildfire_00001100,val_random,tier3
portugal-wildfire_00001101,train_random,tier3
portugal-wildfire_00001102,test_random,tier3
portugal-wildfire_00001103,train_random,tier3
portugal-wildfire_00001104,train_random,tier3
portugal-wildfire_00001105,test_random,tier3
portugal-wildfire_00001106,val_random,tier3
portugal-wildfire_00001107,train_random,tier3
portugal-wildfire_00001108,test_random,tier3
portugal-wildfire_00001109,train_random,tier3
portugal-wildfire_00001110,train_random,tier3
portugal-wildfire_00001111,test_random,tier3
portugal-wildfire_00001112,train_random,tier3
portugal-wildfire_00001113,test_random,tier3
portugal-wildfire_00001114,val_random,tier3
portugal-wildfire_00001115,val_random,tier3
portugal-wildfire_00001116,train_random,tier3
portugal-wildfire_00001117,test_random,tier3
portugal-wildfire_00001118,val_random,tier3
portugal-wildfire_00001119,train_random,tier3
portugal-wildfire_00001120,train_random,tier3
portugal-wildfire_00001121,train_random,tier3
portugal-wildfire_00001122,test_random,tier3
portugal-wildfire_00001123,train_random,tier3
portugal-wildfire_00001124,train_random,tier3
portugal-wildfire_00001125,test_random,tier3
portugal-wildfire_00001126,train_random,tier3
portugal-wildfire_00001127,train_random,tier3
portugal-wildfire_00001128,train_random,tier3
portugal-wildfire_00001129,test_random,tier3
portugal-wildfire_00001130,test_random,tier3
portugal-wildfire_00001131,train_random,tier3
portugal-wildfire_00001132,test_random,tier3
portugal-wildfire_00001133,train_random,tier3
portugal-wildfire_00001134,train_random,tier3
portugal-wildfire_00001135,test_random,tier3
portugal-wildfire_00001136,val_random,tier3
portugal-wildfire_00001137,train_random,tier3
portugal-wildfire_00001138,train_random,tier3
portugal-wildfire_00001139,train_random,tier3
portugal-wildfire_00001140,train_random,tier3
portugal-wildfire_00001141,test_random,tier3
portugal-wildfire_00001142,train_random,tier3
portugal-wildfire_00001143,val_random,tier3
portugal-wildfire_00001144,train_random,tier3
portugal-wildfire_00001145,val_random,tier3
portugal-wildfire_00001146,train_random,tier3
portugal-wildfire_00001147,train_random,tier3
portugal-wildfire_00001148,train_random,tier3
portugal-wildfire_00001149,train_random,tier3
portugal-wildfire_00001150,train_random,tier3
portugal-wildfire_00001151,train_random,tier3
portugal-wildfire_00001152,val_random,tier3
portugal-wildfire_00001153,train_random,tier3
portugal-wildfire_00001154,train_random,tier3
portugal-wildfire_00001155,train_random,tier3
portugal-wildfire_00001156,train_random,tier3
portugal-wildfire_00001157,train_random,tier3
portugal-wildfire_00001158,train_random,tier3
portugal-wildfire_00001159,train_random,tier3
portugal-wildfire_00001160,train_random,tier3
portugal-wildfire_00001161,train_random,tier3
portugal-wildfire_00001162,train_random,tier3
portugal-wildfire_00001163,train_random,tier3
portugal-wildfire_00001164,train_random,tier3
portugal-wildfire_00001165,val_random,tier3
portugal-wildfire_00001166,train_random,tier3
portugal-wildfire_00001167,train_random,tier3
portugal-wildfire_00001168,train_random,tier3
portugal-wildfire_00001169,train_random,tier3
portugal-wildfire_00001170,train_random,tier3
portugal-wildfire_00001171,test_random,tier3
portugal-wildfire_00001172,train_random,tier3
portugal-wildfire_00001173,val_random,tier3
portugal-wildfire_00001174,train_random,tier3
portugal-wildfire_00001175,train_random,tier3
portugal-wildfire_00001176,train_random,tier3
portugal-wildfire_00001177,train_random,tier3
portugal-wildfire_00001178,val_random,tier3
portugal-wildfire_00001179,train_random,tier3
portugal-wildfire_00001180,train_random,tier3
portugal-wildfire_00001181,train_random,tier3
portugal-wildfire_00001182,train_random,tier3
portugal-wildfire_00001183,test_random,tier3
portugal-wildfire_00001184,train_random,tier3
portugal-wildfire_00001185,val_random,tier3
portugal-wildfire_00001186,train_random,tier3
portugal-wildfire_00001187,test_random,tier3
portugal-wildfire_00001188,train_random,tier3
portugal-wildfire_00001189,train_random,tier3
portugal-wildfire_00001190,train_random,tier3
portugal-wildfire_00001191,test_random,tier3
portugal-wildfire_00001192,train_random,tier3
portugal-wildfire_00001193,train_random,tier3
portugal-wildfire_00001194,train_random,tier3
portugal-wildfire_00001195,train_random,tier3
portugal-wildfire_00001196,train_random,tier3
portugal-wildfire_00001197,test_random,tier3
portugal-wildfire_00001198,train_random,tier3
portugal-wildfire_00001199,train_random,tier3
portugal-wildfire_00001200,train_random,tier3
portugal-wildfire_00001201,train_random,tier3
portugal-wildfire_00001202,train_random,tier3
portugal-wildfire_00001203,train_random,tier3
portugal-wildfire_00001204,test_random,tier3
portugal-wildfire_00001205,train_random,tier3
portugal-wildfire_00001206,train_random,tier3
portugal-wildfire_00001207,train_random,tier3
portugal-wildfire_00001208,train_random,tier3
portugal-wildfire_00001209,val_random,tier3
portugal-wildfire_00001210,train_random,tier3
portugal-wildfire_00001211,train_random,tier3
portugal-wildfire_00001212,test_random,tier3
portugal-wildfire_00001213,train_random,tier3
portugal-wildfire_00001214,val_random,tier3
portugal-wildfire_00001215,train_random,tier3
portugal-wildfire_00001216,train_random,tier3
portugal-wildfire_00001217,train_random,tier3
portugal-wildfire_00001218,train_random,tier3
portugal-wildfire_00001219,test_random,tier3
portugal-wildfire_00001220,train_random,tier3
portugal-wildfire_00001221,train_random,tier3
portugal-wildfire_00001222,train_random,tier3
portugal-wildfire_00001223,train_random,tier3
portugal-wildfire_00001224,val_random,tier3
portugal-wildfire_00001225,train_random,tier3
portugal-wildfire_00001226,train_random,tier3
portugal-wildfire_00001227,train_random,tier3
portugal-wildfire_00001228,train_random,tier3
portugal-wildfire_00001229,train_random,tier3
portugal-wildfire_00001230,val_random,tier3
portugal-wildfire_00001231,train_random,tier3
portugal-wildfire_00001232,test_random,tier3
portugal-wildfire_00001233,train_random,tier3
portugal-wildfire_00001234,train_random,tier3
portugal-wildfire_00001235,train_random,tier3
portugal-wildfire_00001236,train_random,tier3
portugal-wildfire_00001237,train_random,tier3
portugal-wildfire_00001238,train_random,tier3
portugal-wildfire_00001239,train_random,tier3
portugal-wildfire_00001240,val_random,tier3
portugal-wildfire_00001241,train_random,tier3
portugal-wildfire_00001242,train_random,tier3
portugal-wildfire_00001243,train_random,tier3
portugal-wildfire_00001244,val_random,tier3
portugal-wildfire_00001245,train_random,tier3
portugal-wildfire_00001246,train_random,tier3
portugal-wildfire_00001247,train_random,tier3
portugal-wildfire_00001248,val_random,tier3
portugal-wildfire_00001249,train_random,tier3
portugal-wildfire_00001250,test_random,tier3
portugal-wildfire_00001251,test_random,tier3
portugal-wildfire_00001252,val_random,tier3
portugal-wildfire_00001253,train_random,tier3
portugal-wildfire_00001254,train_random,tier3
portugal-wildfire_00001255,train_random,tier3
portugal-wildfire_00001256,train_random,tier3
portugal-wildfire_00001257,train_random,tier3
portugal-wildfire_00001258,train_random,tier3
portugal-wildfire_00001259,val_random,tier3
portugal-wildfire_00001260,test_random,tier3
portugal-wildfire_00001261,test_random,tier3
portugal-wildfire_00001262,train_random,tier3
portugal-wildfire_00001263,val_random,tier3
portugal-wildfire_00001264,val_random,tier3
portugal-wildfire_00001265,train_random,tier3
portugal-wildfire_00001266,val_random,tier3
portugal-wildfire_00001267,train_random,tier3
portugal-wildfire_00001268,val_random,tier3
portugal-wildfire_00001269,train_random,tier3
portugal-wildfire_00001270,train_random,tier3
portugal-wildfire_00001271,val_random,tier3
portugal-wildfire_00001272,train_random,tier3
portugal-wildfire_00001273,train_random,tier3
portugal-wildfire_00001274,test_random,tier3
portugal-wildfire_00001275,train_random,tier3
portugal-wildfire_00001276,train_random,tier3
portugal-wildfire_00001277,train_random,tier3
portugal-wildfire_00001278,train_random,tier3
portugal-wildfire_00001279,train_random,tier3
portugal-wildfire_00001280,test_random,tier3
portugal-wildfire_00001281,train_random,tier3
portugal-wildfire_00001282,train_random,tier3
portugal-wildfire_00001283,test_random,tier3
portugal-wildfire_00001284,train_random,tier3
portugal-wildfire_00001285,val_random,tier3
portugal-wildfire_00001286,train_random,tier3
portugal-wildfire_00001287,train_random,tier3
portugal-wildfire_00001288,train_random,tier3
portugal-wildfire_00001289,train_random,tier3
portugal-wildfire_00001290,val_random,tier3
portugal-wildfire_00001291,train_random,tier3
portugal-wildfire_00001292,train_random,tier3
portugal-wildfire_00001293,train_random,tier3
portugal-wildfire_00001294,train_random,tier3
portugal-wildfire_00001295,train_random,tier3
portugal-wildfire_00001296,val_random,tier3
portugal-wildfire_00001297,test_random,tier3
portugal-wildfire_00001298,train_random,tier3
portugal-wildfire_00001299,train_random,tier3
portugal-wildfire_00001300,train_random,tier3
portugal-wildfire_00001301,test_random,tier3
portugal-wildfire_00001302,train_random,tier3
portugal-wildfire_00001303,val_random,tier3
portugal-wildfire_00001304,test_random,tier3
portugal-wildfire_00001305,train_random,tier3
portugal-wildfire_00001306,test_random,tier3
portugal-wildfire_00001307,test_random,tier3
portugal-wildfire_00001308,train_random,tier3
portugal-wildfire_00001309,train_random,tier3
portugal-wildfire_00001310,train_random,tier3
portugal-wildfire_00001311,train_random,tier3
portugal-wildfire_00001312,train_random,tier3
portugal-wildfire_00001313,train_random,tier3
portugal-wildfire_00001314,test_random,tier3
portugal-wildfire_00001315,train_random,tier3
portugal-wildfire_00001316,train_random,tier3
portugal-wildfire_00001317,train_random,tier3
portugal-wildfire_00001318,train_random,tier3
portugal-wildfire_00001319,train_random,tier3
portugal-wildfire_00001320,train_random,tier3
portugal-wildfire_00001321,train_random,tier3
portugal-wildfire_00001322,train_random,tier3
portugal-wildfire_00001323,test_random,tier3
portugal-wildfire_00001324,train_random,tier3
portugal-wildfire_00001325,train_random,tier3
portugal-wildfire_00001326,train_random,tier3
portugal-wildfire_00001327,train_random,tier3
portugal-wildfire_00001328,train_random,tier3
portugal-wildfire_00001329,train_random,tier3
portugal-wildfire_00001330,train_random,tier3
portugal-wildfire_00001331,train_random,tier3
portugal-wildfire_00001332,val_random,tier3
portugal-wildfire_00001333,train_random,tier3
portugal-wildfire_00001334,train_random,tier3
portugal-wildfire_00001335,train_random,tier3
portugal-wildfire_00001336,train_random,tier3
portugal-wildfire_00001337,val_random,tier3
portugal-wildfire_00001338,train_random,tier3
portugal-wildfire_00001339,val_random,tier3
portugal-wildfire_00001340,val_random,tier3
portugal-wildfire_00001341,train_random,tier3
portugal-wildfire_00001342,val_random,tier3
portugal-wildfire_00001343,train_random,tier3
portugal-wildfire_00001344,train_random,tier3
portugal-wildfire_00001345,train_random,tier3
portugal-wildfire_00001346,train_random,tier3
portugal-wildfire_00001347,train_random,tier3
portugal-wildfire_00001348,train_random,tier3
portugal-wildfire_00001349,val_random,tier3
portugal-wildfire_00001350,train_random,tier3
portugal-wildfire_00001351,val_random,tier3
portugal-wildfire_00001352,train_random,tier3
portugal-wildfire_00001353,train_random,tier3
portugal-wildfire_00001354,val_random,tier3
portugal-wildfire_00001355,train_random,tier3
portugal-wildfire_00001356,train_random,tier3
portugal-wildfire_00001357,train_random,tier3
portugal-wildfire_00001358,test_random,tier3
portugal-wildfire_00001359,train_random,tier3
portugal-wildfire_00001360,train_random,tier3
portugal-wildfire_00001361,train_random,tier3
portugal-wildfire_00001362,train_random,tier3
portugal-wildfire_00001363,train_random,tier3
portugal-wildfire_00001364,val_random,tier3
portugal-wildfire_00001365,train_random,tier3
portugal-wildfire_00001366,train_random,tier3
portugal-wildfire_00001367,train_random,tier3
portugal-wildfire_00001368,train_random,tier3
portugal-wildfire_00001369,train_random,tier3
portugal-wildfire_00001370,train_random,tier3
portugal-wildfire_00001371,train_random,tier3
portugal-wildfire_00001372,train_random,tier3
portugal-wildfire_00001373,train_random,tier3
portugal-wildfire_00001374,train_random,tier3
portugal-wildfire_00001375,train_random,tier3
portugal-wildfire_00001376,train_random,tier3
portugal-wildfire_00001377,train_random,tier3
portugal-wildfire_00001378,test_random,tier3
portugal-wildfire_00001379,train_random,tier3
portugal-wildfire_00001380,test_random,tier3
portugal-wildfire_00001381,train_random,tier3
portugal-wildfire_00001382,train_random,tier3
portugal-wildfire_00001383,test_random,tier3
portugal-wildfire_00001384,test_random,tier3
portugal-wildfire_00001385,train_random,tier3
portugal-wildfire_00001386,train_random,tier3
portugal-wildfire_00001387,val_random,tier3
portugal-wildfire_00001388,train_random,tier3
portugal-wildfire_00001389,train_random,tier3
portugal-wildfire_00001390,train_random,tier3
portugal-wildfire_00001391,test_random,tier3
portugal-wildfire_00001392,train_random,tier3
portugal-wildfire_00001393,train_random,tier3
portugal-wildfire_00001394,train_random,tier3
portugal-wildfire_00001395,test_random,tier3
portugal-wildfire_00001396,test_random,tier3
portugal-wildfire_00001397,train_random,tier3
portugal-wildfire_00001398,train_random,tier3
portugal-wildfire_00001399,test_random,tier3
portugal-wildfire_00001400,val_random,tier3
portugal-wildfire_00001401,train_random,tier3
portugal-wildfire_00001402,train_random,tier3
portugal-wildfire_00001403,train_random,tier3
portugal-wildfire_00001404,train_random,tier3
portugal-wildfire_00001405,train_random,tier3
portugal-wildfire_00001406,train_random,tier3
portugal-wildfire_00001407,train_random,tier3
portugal-wildfire_00001408,test_random,tier3
portugal-wildfire_00001409,train_random,tier3
portugal-wildfire_00001410,train_random,tier3
portugal-wildfire_00001411,train_random,tier3
portugal-wildfire_00001412,train_random,tier3
portugal-wildfire_00001413,train_random,tier3
portugal-wildfire_00001414,val_random,tier3
portugal-wildfire_00001415,val_random,tier3
portugal-wildfire_00001416,val_random,tier3
portugal-wildfire_00001417,train_random,tier3
portugal-wildfire_00001418,train_random,tier3
portugal-wildfire_00001419,test_random,tier3
portugal-wildfire_00001420,train_random,tier3
portugal-wildfire_00001421,train_random,tier3
portugal-wildfire_00001422,test_random,tier3
portugal-wildfire_00001423,train_random,tier3
portugal-wildfire_00001424,test_random,tier3
portugal-wildfire_00001425,train_random,tier3
portugal-wildfire_00001426,train_random,tier3
portugal-wildfire_00001427,train_random,tier3
portugal-wildfire_00001428,train_random,tier3
portugal-wildfire_00001429,train_random,tier3
portugal-wildfire_00001430,train_random,tier3
portugal-wildfire_00001431,val_random,tier3
portugal-wildfire_00001432,test_random,tier3
portugal-wildfire_00001433,train_random,tier3
portugal-wildfire_00001434,val_random,tier3
portugal-wildfire_00001435,test_random,tier3
portugal-wildfire_00001436,val_random,tier3
portugal-wildfire_00001437,train_random,tier3
portugal-wildfire_00001438,train_random,tier3
portugal-wildfire_00001439,train_random,tier3
portugal-wildfire_00001440,val_random,tier3
portugal-wildfire_00001441,train_random,tier3
portugal-wildfire_00001442,val_random,tier3
portugal-wildfire_00001443,train_random,tier3
portugal-wildfire_00001444,test_random,tier3
portugal-wildfire_00001445,train_random,tier3
portugal-wildfire_00001446,test_random,tier3
portugal-wildfire_00001447,test_random,tier3
portugal-wildfire_00001448,train_random,tier3
portugal-wildfire_00001449,train_random,tier3
portugal-wildfire_00001450,train_random,tier3
portugal-wildfire_00001451,train_random,tier3
portugal-wildfire_00001452,val_random,tier3
portugal-wildfire_00001453,train_random,tier3
portugal-wildfire_00001454,val_random,tier3
portugal-wildfire_00001455,train_random,tier3
portugal-wildfire_00001456,train_random,tier3
portugal-wildfire_00001457,train_random,tier3
portugal-wildfire_00001458,train_random,tier3
portugal-wildfire_00001459,val_random,tier3
portugal-wildfire_00001460,test_random,tier3
portugal-wildfire_00001461,train_random,tier3
portugal-wildfire_00001462,train_random,tier3
portugal-wildfire_00001463,train_random,tier3
portugal-wildfire_00001464,train_random,tier3
portugal-wildfire_00001465,test_random,tier3
portugal-wildfire_00001466,train_random,tier3
portugal-wildfire_00001467,train_random,tier3
portugal-wildfire_00001468,train_random,tier3
portugal-wildfire_00001469,train_random,tier3
portugal-wildfire_00001470,val_random,tier3
portugal-wildfire_00001471,val_random,tier3
portugal-wildfire_00001472,train_random,tier3
portugal-wildfire_00001473,val_random,tier3
portugal-wildfire_00001474,train_random,tier3
portugal-wildfire_00001475,train_random,tier3
portugal-wildfire_00001476,test_random,tier3
portugal-wildfire_00001477,train_random,tier3
portugal-wildfire_00001478,val_random,tier3
portugal-wildfire_00001479,train_random,tier3
portugal-wildfire_00001480,val_random,tier3
portugal-wildfire_00001481,val_random,tier3
portugal-wildfire_00001482,train_random,tier3
portugal-wildfire_00001483,train_random,tier3
portugal-wildfire_00001484,train_random,tier3
portugal-wildfire_00001485,train_random,tier3
portugal-wildfire_00001486,train_random,tier3
portugal-wildfire_00001487,train_random,tier3
portugal-wildfire_00001488,train_random,tier3
portugal-wildfire_00001489,train_random,tier3
portugal-wildfire_00001490,train_random,tier3
portugal-wildfire_00001491,val_random,tier3
portugal-wildfire_00001492,train_random,tier3
portugal-wildfire_00001493,test_random,tier3
portugal-wildfire_00001494,test_random,tier3
portugal-wildfire_00001495,train_random,tier3
portugal-wildfire_00001496,val_random,tier3
portugal-wildfire_00001497,val_random,tier3
portugal-wildfire_00001498,test_random,tier3
portugal-wildfire_00001499,train_random,tier3
portugal-wildfire_00001500,train_random,tier3
portugal-wildfire_00001501,train_random,tier3
portugal-wildfire_00001502,train_random,tier3
portugal-wildfire_00001503,train_random,tier3
portugal-wildfire_00001504,test_random,tier3
portugal-wildfire_00001505,train_random,tier3
portugal-wildfire_00001506,train_random,tier3
portugal-wildfire_00001507,train_random,tier3
portugal-wildfire_00001508,val_random,tier3
portugal-wildfire_00001509,train_random,tier3
portugal-wildfire_00001510,train_random,tier3
portugal-wildfire_00001511,val_random,tier3
portugal-wildfire_00001512,train_random,tier3
portugal-wildfire_00001513,train_random,tier3
portugal-wildfire_00001514,val_random,tier3
portugal-wildfire_00001515,train_random,tier3
portugal-wildfire_00001516,test_random,tier3
portugal-wildfire_00001517,test_random,tier3
portugal-wildfire_00001518,train_random,tier3
portugal-wildfire_00001519,train_random,tier3
portugal-wildfire_00001520,val_random,tier3
portugal-wildfire_00001521,train_random,tier3
portugal-wildfire_00001522,train_random,tier3
portugal-wildfire_00001523,train_random,tier3
portugal-wildfire_00001524,train_random,tier3
portugal-wildfire_00001525,train_random,tier3
portugal-wildfire_00001526,val_random,tier3
portugal-wildfire_00001527,train_random,tier3
portugal-wildfire_00001528,train_random,tier3
portugal-wildfire_00001529,test_random,tier3
portugal-wildfire_00001530,val_random,tier3
portugal-wildfire_00001531,train_random,tier3
portugal-wildfire_00001532,train_random,tier3
portugal-wildfire_00001533,train_random,tier3
portugal-wildfire_00001534,train_random,tier3
portugal-wildfire_00001535,test_random,tier3
portugal-wildfire_00001536,train_random,tier3
portugal-wildfire_00001537,val_random,tier3
portugal-wildfire_00001538,train_random,tier3
portugal-wildfire_00001539,test_random,tier3
portugal-wildfire_00001540,test_random,tier3
portugal-wildfire_00001541,val_random,tier3
portugal-wildfire_00001542,train_random,tier3
portugal-wildfire_00001543,train_random,tier3
portugal-wildfire_00001544,train_random,tier3
portugal-wildfire_00001545,train_random,tier3
portugal-wildfire_00001546,train_random,tier3
portugal-wildfire_00001547,train_random,tier3
portugal-wildfire_00001548,test_random,tier3
portugal-wildfire_00001549,train_random,tier3
portugal-wildfire_00001550,train_random,tier3
portugal-wildfire_00001551,train_random,tier3
portugal-wildfire_00001552,train_random,tier3
portugal-wildfire_00001553,train_random,tier3
portugal-wildfire_00001554,train_random,tier3
portugal-wildfire_00001555,val_random,tier3
portugal-wildfire_00001556,test_random,tier3
portugal-wildfire_00001557,train_random,tier3
portugal-wildfire_00001558,train_random,tier3
portugal-wildfire_00001559,val_random,tier3
portugal-wildfire_00001560,train_random,tier3
portugal-wildfire_00001561,val_random,tier3
portugal-wildfire_00001562,test_random,tier3
portugal-wildfire_00001563,train_random,tier3
portugal-wildfire_00001564,test_random,tier3
portugal-wildfire_00001565,train_random,tier3
portugal-wildfire_00001566,val_random,tier3
portugal-wildfire_00001567,test_random,tier3
portugal-wildfire_00001568,val_random,tier3
portugal-wildfire_00001569,val_random,tier3
portugal-wildfire_00001570,train_random,tier3
portugal-wildfire_00001571,test_random,tier3
portugal-wildfire_00001572,train_random,tier3
portugal-wildfire_00001573,test_random,tier3
portugal-wildfire_00001574,train_random,tier3
portugal-wildfire_00001575,train_random,tier3
portugal-wildfire_00001576,val_random,tier3
portugal-wildfire_00001577,train_random,tier3
portugal-wildfire_00001578,train_random,tier3
portugal-wildfire_00001579,train_random,tier3
portugal-wildfire_00001580,test_random,tier3
portugal-wildfire_00001581,train_random,tier3
portugal-wildfire_00001582,train_random,tier3
portugal-wildfire_00001583,train_random,tier3
portugal-wildfire_00001584,train_random,tier3
portugal-wildfire_00001585,test_random,tier3
portugal-wildfire_00001586,train_random,tier3
portugal-wildfire_00001587,train_random,tier3
portugal-wildfire_00001588,train_random,tier3
portugal-wildfire_00001589,train_random,tier3
portugal-wildfire_00001590,test_random,tier3
portugal-wildfire_00001591,train_random,tier3
portugal-wildfire_00001592,train_random,tier3
portugal-wildfire_00001593,train_random,tier3
portugal-wildfire_00001594,train_random,tier3
portugal-wildfire_00001595,train_random,tier3
portugal-wildfire_00001596,train_random,tier3
portugal-wildfire_00001597,train_random,tier3
portugal-wildfire_00001598,val_random,tier3
portugal-wildfire_00001599,train_random,tier3
portugal-wildfire_00001600,train_random,tier3
portugal-wildfire_00001601,train_random,tier3
portugal-wildfire_00001602,val_random,tier3
portugal-wildfire_00001603,train_random,tier3
portugal-wildfire_00001604,train_random,tier3
portugal-wildfire_00001605,train_random,tier3
portugal-wildfire_00001606,train_random,tier3
portugal-wildfire_00001607,train_random,tier3
portugal-wildfire_00001608,test_random,tier3
portugal-wildfire_00001609,test_random,tier3
portugal-wildfire_00001610,val_random,tier3
portugal-wildfire_00001611,val_random,tier3
portugal-wildfire_00001612,train_random,tier3
portugal-wildfire_00001613,test_random,tier3
portugal-wildfire_00001614,val_random,tier3
portugal-wildfire_00001615,test_random,tier3
portugal-wildfire_00001616,val_random,tier3
portugal-wildfire_00001617,train_random,tier3
portugal-wildfire_00001618,train_random,tier3
portugal-wildfire_00001619,train_random,tier3
portugal-wildfire_00001620,train_random,tier3
portugal-wildfire_00001621,val_random,tier3
portugal-wildfire_00001622,train_random,tier3
portugal-wildfire_00001623,train_random,tier3
portugal-wildfire_00001624,val_random,tier3
portugal-wildfire_00001625,test_random,tier3
portugal-wildfire_00001626,train_random,tier3
portugal-wildfire_00001627,train_random,tier3
portugal-wildfire_00001628,train_random,tier3
portugal-wildfire_00001629,train_random,tier3
portugal-wildfire_00001630,train_random,tier3
portugal-wildfire_00001631,train_random,tier3
portugal-wildfire_00001632,train_random,tier3
portugal-wildfire_00001633,val_random,tier3
portugal-wildfire_00001634,train_random,tier3
portugal-wildfire_00001635,val_random,tier3
portugal-wildfire_00001636,val_random,tier3
portugal-wildfire_00001637,train_random,tier3
portugal-wildfire_00001638,train_random,tier3
portugal-wildfire_00001639,train_random,tier3
portugal-wildfire_00001640,train_random,tier3
portugal-wildfire_00001641,train_random,tier3
portugal-wildfire_00001642,train_random,tier3
portugal-wildfire_00001643,train_random,tier3
portugal-wildfire_00001644,train_random,tier3
portugal-wildfire_00001645,val_random,tier3
portugal-wildfire_00001646,train_random,tier3
portugal-wildfire_00001647,train_random,tier3
portugal-wildfire_00001648,test_random,tier3
portugal-wildfire_00001649,val_random,tier3
portugal-wildfire_00001650,val_random,tier3
portugal-wildfire_00001651,train_random,tier3
portugal-wildfire_00001652,val_random,tier3
portugal-wildfire_00001653,train_random,tier3
portugal-wildfire_00001654,train_random,tier3
portugal-wildfire_00001655,train_random,tier3
portugal-wildfire_00001656,train_random,tier3
portugal-wildfire_00001657,train_random,tier3
portugal-wildfire_00001658,train_random,tier3
portugal-wildfire_00001659,test_random,tier3
portugal-wildfire_00001660,test_random,tier3
portugal-wildfire_00001661,train_random,tier3
portugal-wildfire_00001662,train_random,tier3
portugal-wildfire_00001663,train_random,tier3
portugal-wildfire_00001664,val_random,tier3
portugal-wildfire_00001665,train_random,tier3
portugal-wildfire_00001666,train_random,tier3
portugal-wildfire_00001667,train_random,tier3
portugal-wildfire_00001668,train_random,tier3
portugal-wildfire_00001669,train_random,tier3
portugal-wildfire_00001670,val_random,tier3
portugal-wildfire_00001671,train_random,tier3
portugal-wildfire_00001672,train_random,tier3
portugal-wildfire_00001673,train_random,tier3
portugal-wildfire_00001674,train_random,tier3
portugal-wildfire_00001675,train_random,tier3
portugal-wildfire_00001676,train_random,tier3
portugal-wildfire_00001677,train_random,tier3
portugal-wildfire_00001678,train_random,tier3
portugal-wildfire_00001679,train_random,tier3
portugal-wildfire_00001680,train_random,tier3
portugal-wildfire_00001681,train_random,tier3
portugal-wildfire_00001682,train_random,tier3
portugal-wildfire_00001683,train_random,tier3
portugal-wildfire_00001684,train_random,tier3
portugal-wildfire_00001685,train_random,tier3
portugal-wildfire_00001686,val_random,tier3
portugal-wildfire_00001687,test_random,tier3
portugal-wildfire_00001688,train_random,tier3
portugal-wildfire_00001689,train_random,tier3
portugal-wildfire_00001690,val_random,tier3
portugal-wildfire_00001691,train_random,tier3
portugal-wildfire_00001692,val_random,tier3
portugal-wildfire_00001693,train_random,tier3
portugal-wildfire_00001694,test_random,tier3
portugal-wildfire_00001695,train_random,tier3
portugal-wildfire_00001696,train_random,tier3
portugal-wildfire_00001697,test_random,tier3
portugal-wildfire_00001698,test_random,tier3
portugal-wildfire_00001699,train_random,tier3
portugal-wildfire_00001700,train_random,tier3
portugal-wildfire_00001701,val_random,tier3
portugal-wildfire_00001702,train_random,tier3
portugal-wildfire_00001703,train_random,tier3
portugal-wildfire_00001704,test_random,tier3
portugal-wildfire_00001705,val_random,tier3
portugal-wildfire_00001706,train_random,tier3
portugal-wildfire_00001707,train_random,tier3
portugal-wildfire_00001708,train_random,tier3
portugal-wildfire_00001709,train_random,tier3
portugal-wildfire_00001710,test_random,tier3
portugal-wildfire_00001711,train_random,tier3
portugal-wildfire_00001712,train_random,tier3
portugal-wildfire_00001713,train_random,tier3
portugal-wildfire_00001714,train_random,tier3
portugal-wildfire_00001715,train_random,tier3
portugal-wildfire_00001716,train_random,tier3
portugal-wildfire_00001717,train_random,tier3
portugal-wildfire_00001718,train_random,tier3
portugal-wildfire_00001719,train_random,tier3
portugal-wildfire_00001720,train_random,tier3
portugal-wildfire_00001721,train_random,tier3
portugal-wildfire_00001722,train_random,tier3
portugal-wildfire_00001723,val_random,tier3
portugal-wildfire_00001724,train_random,tier3
portugal-wildfire_00001725,train_random,tier3
portugal-wildfire_00001726,train_random,tier3
portugal-wildfire_00001727,train_random,tier3
portugal-wildfire_00001728,train_random,tier3
portugal-wildfire_00001729,train_random,tier3
portugal-wildfire_00001730,train_random,tier3
portugal-wildfire_00001731,test_random,tier3
portugal-wildfire_00001732,test_random,tier3
portugal-wildfire_00001733,train_random,tier3
portugal-wildfire_00001734,val_random,tier3
portugal-wildfire_00001735,train_random,tier3
portugal-wildfire_00001736,train_random,tier3
portugal-wildfire_00001737,train_random,tier3
portugal-wildfire_00001738,train_random,tier3
portugal-wildfire_00001739,train_random,tier3
portugal-wildfire_00001740,train_random,tier3
portugal-wildfire_00001741,test_random,tier3
portugal-wildfire_00001742,train_random,tier3
portugal-wildfire_00001743,test_random,tier3
portugal-wildfire_00001744,test_random,tier3
portugal-wildfire_00001745,train_random,tier3
portugal-wildfire_00001746,test_random,tier3
portugal-wildfire_00001747,train_random,tier3
portugal-wildfire_00001748,train_random,tier3
portugal-wildfire_00001749,train_random,tier3
portugal-wildfire_00001750,train_random,tier3
portugal-wildfire_00001751,train_random,tier3
portugal-wildfire_00001752,test_random,tier3
portugal-wildfire_00001753,train_random,tier3
portugal-wildfire_00001754,train_random,tier3
portugal-wildfire_00001755,train_random,tier3
portugal-wildfire_00001756,train_random,tier3
portugal-wildfire_00001757,val_random,tier3
portugal-wildfire_00001758,train_random,tier3
portugal-wildfire_00001759,train_random,tier3
portugal-wildfire_00001760,test_random,tier3
portugal-wildfire_00001761,train_random,tier3
portugal-wildfire_00001762,train_random,tier3
portugal-wildfire_00001763,train_random,tier3
portugal-wildfire_00001764,val_random,tier3
portugal-wildfire_00001765,val_random,tier3
portugal-wildfire_00001766,train_random,tier3
portugal-wildfire_00001767,train_random,tier3
portugal-wildfire_00001768,train_random,tier3
portugal-wildfire_00001769,train_random,tier3
portugal-wildfire_00001770,train_random,tier3
portugal-wildfire_00001771,val_random,tier3
portugal-wildfire_00001772,train_random,tier3
portugal-wildfire_00001773,train_random,tier3
portugal-wildfire_00001774,train_random,tier3
portugal-wildfire_00001775,train_random,tier3
portugal-wildfire_00001776,val_random,tier3
portugal-wildfire_00001777,train_random,tier3
portugal-wildfire_00001778,train_random,tier3
portugal-wildfire_00001779,train_random,tier3
portugal-wildfire_00001780,val_random,tier3
portugal-wildfire_00001781,train_random,tier3
portugal-wildfire_00001782,test_random,tier3
portugal-wildfire_00001783,test_random,tier3
portugal-wildfire_00001784,train_random,tier3
portugal-wildfire_00001785,train_random,tier3
portugal-wildfire_00001786,train_random,tier3
portugal-wildfire_00001787,train_random,tier3
portugal-wildfire_00001788,train_random,tier3
portugal-wildfire_00001789,train_random,tier3
portugal-wildfire_00001790,train_random,tier3
portugal-wildfire_00001791,train_random,tier3
portugal-wildfire_00001792,train_random,tier3
portugal-wildfire_00001793,train_random,tier3
portugal-wildfire_00001794,train_random,tier3
portugal-wildfire_00001795,train_random,tier3
portugal-wildfire_00001796,train_random,tier3
portugal-wildfire_00001797,train_random,tier3
portugal-wildfire_00001798,test_random,tier3
portugal-wildfire_00001799,train_random,tier3
portugal-wildfire_00001800,train_random,tier3
portugal-wildfire_00001801,val_random,tier3
portugal-wildfire_00001802,train_random,tier3
portugal-wildfire_00001803,test_random,tier3
portugal-wildfire_00001804,train_random,tier3
portugal-wildfire_00001805,train_random,tier3
portugal-wildfire_00001806,train_random,tier3
portugal-wildfire_00001807,val_random,tier3
portugal-wildfire_00001808,train_random,tier3
portugal-wildfire_00001809,test_random,tier3
portugal-wildfire_00001810,train_random,tier3
portugal-wildfire_00001811,train_random,tier3
portugal-wildfire_00001812,train_random,tier3
portugal-wildfire_00001813,train_random,tier3
portugal-wildfire_00001814,train_random,tier3
portugal-wildfire_00001815,train_random,tier3
portugal-wildfire_00001816,val_random,tier3
portugal-wildfire_00001817,train_random,tier3
portugal-wildfire_00001818,train_random,tier3
portugal-wildfire_00001819,test_random,tier3
portugal-wildfire_00001820,train_random,tier3
portugal-wildfire_00001821,train_random,tier3
portugal-wildfire_00001822,train_random,tier3
portugal-wildfire_00001823,val_random,tier3
portugal-wildfire_00001824,train_random,tier3
portugal-wildfire_00001825,train_random,tier3
portugal-wildfire_00001826,val_random,tier3
portugal-wildfire_00001827,test_random,tier3
portugal-wildfire_00001828,train_random,tier3
portugal-wildfire_00001829,val_random,tier3
portugal-wildfire_00001830,train_random,tier3
portugal-wildfire_00001831,train_random,tier3
portugal-wildfire_00001832,train_random,tier3
portugal-wildfire_00001833,train_random,tier3
portugal-wildfire_00001834,train_random,tier3
portugal-wildfire_00001835,train_random,tier3
portugal-wildfire_00001836,train_random,tier3
portugal-wildfire_00001837,test_random,tier3
portugal-wildfire_00001838,val_random,tier3
portugal-wildfire_00001839,train_random,tier3
portugal-wildfire_00001840,train_random,tier3
portugal-wildfire_00001841,val_random,tier3
portugal-wildfire_00001842,train_random,tier3
portugal-wildfire_00001843,train_random,tier3
portugal-wildfire_00001844,val_random,tier3
portugal-wildfire_00001845,val_random,tier3
portugal-wildfire_00001846,val_random,tier3
portugal-wildfire_00001847,train_random,tier3
portugal-wildfire_00001848,train_random,tier3
portugal-wildfire_00001849,val_random,tier3
portugal-wildfire_00001850,train_random,tier3
portugal-wildfire_00001851,train_random,tier3
portugal-wildfire_00001852,train_random,tier3
portugal-wildfire_00001853,train_random,tier3
portugal-wildfire_00001854,train_random,tier3
portugal-wildfire_00001855,test_random,tier3
portugal-wildfire_00001856,test_random,tier3
portugal-wildfire_00001857,train_random,tier3
portugal-wildfire_00001858,train_random,tier3
portugal-wildfire_00001859,train_random,tier3
portugal-wildfire_00001860,val_random,tier3
portugal-wildfire_00001861,train_random,tier3
portugal-wildfire_00001862,train_random,tier3
portugal-wildfire_00001863,train_random,tier3
portugal-wildfire_00001864,train_random,tier3
portugal-wildfire_00001865,val_random,tier3
portugal-wildfire_00001866,train_random,tier3
portugal-wildfire_00001867,val_random,tier3
portugal-wildfire_00001868,test_random,tier3
santa-rosa-wildfire_00000002,train_random,train
santa-rosa-wildfire_00000003,train_random,train
santa-rosa-wildfire_00000004,train_random,train
santa-rosa-wildfire_00000005,test_random,train
santa-rosa-wildfire_00000006,test_random,train
santa-rosa-wildfire_00000007,train_random,train
santa-rosa-wildfire_00000009,train_random,train
santa-rosa-wildfire_00000011,train_random,train
santa-rosa-wildfire_00000014,train_random,train
santa-rosa-wildfire_00000015,train_random,train
santa-rosa-wildfire_00000017,train_random,train
santa-rosa-wildfire_00000018,train_random,train
santa-rosa-wildfire_00000022,val_random,train
santa-rosa-wildfire_00000023,test_random,train
santa-rosa-wildfire_00000024,val_random,train
santa-rosa-wildfire_00000026,train_random,train
santa-rosa-wildfire_00000027,train_random,train
santa-rosa-wildfire_00000030,train_random,train
santa-rosa-wildfire_00000031,train_random,train
santa-rosa-wildfire_00000033,val_random,train
santa-rosa-wildfire_00000034,train_random,train
santa-rosa-wildfire_00000035,train_random,train
santa-rosa-wildfire_00000036,train_random,train
santa-rosa-wildfire_00000039,train_random,train
santa-rosa-wildfire_00000040,train_random,train
santa-rosa-wildfire_00000041,test_random,train
santa-rosa-wildfire_00000042,test_random,train
santa-rosa-wildfire_00000044,train_random,train
santa-rosa-wildfire_00000046,train_random,train
santa-rosa-wildfire_00000047,train_random,train
santa-rosa-wildfire_00000049,train_random,train
santa-rosa-wildfire_00000050,val_random,train
santa-rosa-wildfire_00000051,train_random,train
santa-rosa-wildfire_00000055,test_random,train
santa-rosa-wildfire_00000056,train_random,train
santa-rosa-wildfire_00000057,train_random,train
santa-rosa-wildfire_00000058,test_random,train
santa-rosa-wildfire_00000059,train_random,train
santa-rosa-wildfire_00000060,train_random,train
santa-rosa-wildfire_00000063,train_random,train
santa-rosa-wildfire_00000065,train_random,train
santa-rosa-wildfire_00000067,train_random,train
santa-rosa-wildfire_00000069,train_random,train
santa-rosa-wildfire_00000070,train_random,train
santa-rosa-wildfire_00000072,train_random,train
santa-rosa-wildfire_00000073,train_random,train
santa-rosa-wildfire_00000075,train_random,train
santa-rosa-wildfire_00000076,train_random,train
santa-rosa-wildfire_00000078,test_random,train
santa-rosa-wildfire_00000079,train_random,train
santa-rosa-wildfire_00000081,train_random,train
santa-rosa-wildfire_00000084,train_random,train
santa-rosa-wildfire_00000088,train_random,train
santa-rosa-wildfire_00000090,train_random,train
santa-rosa-wildfire_00000091,train_random,train
santa-rosa-wildfire_00000093,val_random,train
santa-rosa-wildfire_00000094,train_random,train
santa-rosa-wildfire_00000095,train_random,train
santa-rosa-wildfire_00000096,train_random,train
santa-rosa-wildfire_00000097,train_random,train
santa-rosa-wildfire_00000098,train_random,train
santa-rosa-wildfire_00000101,test_random,train
santa-rosa-wildfire_00000103,train_random,train
santa-rosa-wildfire_00000105,test_random,train
santa-rosa-wildfire_00000106,train_random,train
santa-rosa-wildfire_00000109,train_random,train
santa-rosa-wildfire_00000110,val_random,train
santa-rosa-wildfire_00000111,train_random,train
santa-rosa-wildfire_00000114,train_random,train
santa-rosa-wildfire_00000116,train_random,train
santa-rosa-wildfire_00000117,train_random,train
santa-rosa-wildfire_00000118,train_random,train
santa-rosa-wildfire_00000119,test_random,train
santa-rosa-wildfire_00000124,train_random,train
santa-rosa-wildfire_00000125,val_random,train
santa-rosa-wildfire_00000128,train_random,train
santa-rosa-wildfire_00000129,test_random,train
santa-rosa-wildfire_00000130,test_random,train
santa-rosa-wildfire_00000132,train_random,train
santa-rosa-wildfire_00000134,train_random,train
santa-rosa-wildfire_00000135,test_random,train
santa-rosa-wildfire_00000136,train_random,train
santa-rosa-wildfire_00000137,train_random,train
santa-rosa-wildfire_00000138,train_random,train
santa-rosa-wildfire_00000140,val_random,train
santa-rosa-wildfire_00000142,train_random,train
santa-rosa-wildfire_00000146,train_random,train
santa-rosa-wildfire_00000147,train_random,train
santa-rosa-wildfire_00000148,train_random,train
santa-rosa-wildfire_00000149,train_random,train
santa-rosa-wildfire_00000151,train_random,train
santa-rosa-wildfire_00000152,val_random,train
santa-rosa-wildfire_00000153,train_random,train
santa-rosa-wildfire_00000155,train_random,train
santa-rosa-wildfire_00000156,train_random,train
santa-rosa-wildfire_00000158,test_random,train
santa-rosa-wildfire_00000161,train_random,train
santa-rosa-wildfire_00000162,val_random,train
santa-rosa-wildfire_00000163,train_random,train
santa-rosa-wildfire_00000164,train_random,train
santa-rosa-wildfire_00000165,train_random,train
santa-rosa-wildfire_00000166,test_random,train
santa-rosa-wildfire_00000168,val_random,train
santa-rosa-wildfire_00000169,train_random,train
santa-rosa-wildfire_00000170,train_random,train
santa-rosa-wildfire_00000171,train_random,train
santa-rosa-wildfire_00000173,train_random,train
santa-rosa-wildfire_00000174,train_random,train
santa-rosa-wildfire_00000175,val_random,train
santa-rosa-wildfire_00000176,train_random,train
santa-rosa-wildfire_00000177,val_random,train
santa-rosa-wildfire_00000179,test_random,train
santa-rosa-wildfire_00000180,val_random,train
santa-rosa-wildfire_00000182,test_random,train
santa-rosa-wildfire_00000183,val_random,train
santa-rosa-wildfire_00000185,test_random,train
santa-rosa-wildfire_00000187,train_random,train
santa-rosa-wildfire_00000189,train_random,train
santa-rosa-wildfire_00000190,train_random,train
santa-rosa-wildfire_00000191,train_random,train
santa-rosa-wildfire_00000192,train_random,train
santa-rosa-wildfire_00000196,test_random,train
santa-rosa-wildfire_00000199,train_random,train
santa-rosa-wildfire_00000200,test_random,train
santa-rosa-wildfire_00000203,val_random,train
santa-rosa-wildfire_00000205,test_random,train
santa-rosa-wildfire_00000208,train_random,train
santa-rosa-wildfire_00000209,train_random,train
santa-rosa-wildfire_00000210,train_random,train
santa-rosa-wildfire_00000214,train_random,train
santa-rosa-wildfire_00000216,val_random,train
santa-rosa-wildfire_00000220,train_random,train
santa-rosa-wildfire_00000221,train_random,train
santa-rosa-wildfire_00000223,test_random,train
santa-rosa-wildfire_00000224,train_random,train
santa-rosa-wildfire_00000225,train_random,train
santa-rosa-wildfire_00000226,train_random,train
santa-rosa-wildfire_00000228,val_random,train
santa-rosa-wildfire_00000229,train_random,train
santa-rosa-wildfire_00000231,train_random,train
santa-rosa-wildfire_00000233,train_random,train
santa-rosa-wildfire_00000234,val_random,train
santa-rosa-wildfire_00000235,train_random,train
santa-rosa-wildfire_00000237,train_random,train
santa-rosa-wildfire_00000239,train_random,train
santa-rosa-wildfire_00000241,train_random,train
santa-rosa-wildfire_00000243,train_random,train
santa-rosa-wildfire_00000244,train_random,train
santa-rosa-wildfire_00000245,val_random,train
santa-rosa-wildfire_00000246,train_random,train
santa-rosa-wildfire_00000247,test_random,train
santa-rosa-wildfire_00000248,val_random,train
santa-rosa-wildfire_00000249,train_random,train
santa-rosa-wildfire_00000250,train_random,train
santa-rosa-wildfire_00000251,train_random,train
santa-rosa-wildfire_00000252,train_random,train
santa-rosa-wildfire_00000253,val_random,train
santa-rosa-wildfire_00000254,val_random,train
santa-rosa-wildfire_00000258,train_random,train
santa-rosa-wildfire_00000259,val_random,train
santa-rosa-wildfire_00000260,train_random,train
santa-rosa-wildfire_00000264,val_random,train
santa-rosa-wildfire_00000267,train_random,train
santa-rosa-wildfire_00000268,train_random,train
santa-rosa-wildfire_00000270,test_random,train
santa-rosa-wildfire_00000271,train_random,train
santa-rosa-wildfire_00000272,train_random,train
santa-rosa-wildfire_00000274,train_random,train
santa-rosa-wildfire_00000275,train_random,train
santa-rosa-wildfire_00000276,train_random,train
santa-rosa-wildfire_00000277,test_random,train
santa-rosa-wildfire_00000280,train_random,train
santa-rosa-wildfire_00000281,test_random,train
santa-rosa-wildfire_00000283,train_random,train
santa-rosa-wildfire_00000286,val_random,train
santa-rosa-wildfire_00000287,train_random,train
santa-rosa-wildfire_00000291,train_random,train
santa-rosa-wildfire_00000293,train_random,train
santa-rosa-wildfire_00000296,train_random,train
santa-rosa-wildfire_00000297,train_random,train
santa-rosa-wildfire_00000298,train_random,train
santa-rosa-wildfire_00000299,val_random,train
santa-rosa-wildfire_00000300,train_random,train
santa-rosa-wildfire_00000301,train_random,train
santa-rosa-wildfire_00000302,test_random,train
santa-rosa-wildfire_00000304,val_random,train
santa-rosa-wildfire_00000306,train_random,train
santa-rosa-wildfire_00000308,train_random,train
santa-rosa-wildfire_00000309,train_random,train
santa-rosa-wildfire_00000312,train_random,train
santa-rosa-wildfire_00000313,test_random,train
santa-rosa-wildfire_00000314,test_random,train
santa-rosa-wildfire_00000315,train_random,train
santa-rosa-wildfire_00000318,train_random,train
santa-rosa-wildfire_00000320,test_random,train
santa-rosa-wildfire_00000321,train_random,train
santa-rosa-wildfire_00000324,val_random,train
santa-rosa-wildfire_00000325,train_random,train
santa-rosa-wildfire_00000327,train_random,train
santa-rosa-wildfire_00000330,val_random,train
santa-rosa-wildfire_00000331,train_random,train
santa-rosa-wildfire_00000333,test_random,train
santa-rosa-wildfire_00000334,test_random,train
santa-rosa-wildfire_00000337,val_random,train
santa-rosa-wildfire_00000338,train_random,train
santa-rosa-wildfire_00000340,test_random,train
santa-rosa-wildfire_00000341,test_random,train
santa-rosa-wildfire_00000344,train_random,train
santa-rosa-wildfire_00000345,train_random,train
santa-rosa-wildfire_00000346,train_random,train
santa-rosa-wildfire_00000348,train_random,train
santa-rosa-wildfire_00000351,train_random,train
santa-rosa-wildfire_00000353,train_random,train
santa-rosa-wildfire_00000355,train_random,train
santa-rosa-wildfire_00000356,train_random,train
santa-rosa-wildfire_00000357,train_random,train
santa-rosa-wildfire_00000361,train_random,train
santa-rosa-wildfire_00000362,train_random,train
santa-rosa-wildfire_00000368,train_random,train
santa-rosa-wildfire_00000369,train_random,train
santa-rosa-wildfire_00000370,train_random,train
santa-rosa-wildfire_00000371,train_random,train
santa-rosa-wildfire_00000372,train_random,train
santa-rosa-wildfire_00000373,train_random,train
santa-rosa-wildfire_00000374,train_random,train
santa-rosa-wildfire_00000376,val_random,train
socal-fire_00000001,train_random,train
socal-fire_00000002,val_random,train
socal-fire_00000003,train_random,train
socal-fire_00000004,train_random,train
socal-fire_00000006,train_random,train
socal-fire_00000008,train_random,train
socal-fire_00000010,train_random,train
socal-fire_00000012,val_random,train
socal-fire_00000013,train_random,train
socal-fire_00000014,train_random,train
socal-fire_00000015,test_random,train
socal-fire_00000019,train_random,train
socal-fire_00000022,train_random,train
socal-fire_00000024,val_random,train
socal-fire_00000025,train_random,train
socal-fire_00000026,train_random,train
socal-fire_00000027,test_random,train
socal-fire_00000028,train_random,train
socal-fire_00000029,val_random,train
socal-fire_00000030,train_random,train
socal-fire_00000032,val_random,train
socal-fire_00000033,val_random,train
socal-fire_00000035,test_random,train
socal-fire_00000036,train_random,train
socal-fire_00000038,train_random,train
socal-fire_00000042,train_random,train
socal-fire_00000043,train_random,train
socal-fire_00000044,train_random,train
socal-fire_00000045,train_random,train
socal-fire_00000046,val_random,train
socal-fire_00000048,train_random,train
socal-fire_00000050,train_random,train
socal-fire_00000051,train_random,train
socal-fire_00000053,train_random,train
socal-fire_00000055,train_random,train
socal-fire_00000056,test_random,train
socal-fire_00000057,train_random,train
socal-fire_00000058,test_random,train
socal-fire_00000059,train_random,train
socal-fire_00000060,train_random,train
socal-fire_00000061,train_random,train
socal-fire_00000062,train_random,train
socal-fire_00000065,train_random,train
socal-fire_00000070,train_random,train
socal-fire_00000072,train_random,train
socal-fire_00000073,test_random,train
socal-fire_00000076,train_random,train
socal-fire_00000078,train_random,train
socal-fire_00000079,train_random,train
socal-fire_00000080,val_random,train
socal-fire_00000081,train_random,train
socal-fire_00000082,train_random,train
socal-fire_00000083,train_random,train
socal-fire_00000084,test_random,train
socal-fire_00000087,train_random,train
socal-fire_00000088,train_random,train
socal-fire_00000089,test_random,train
socal-fire_00000090,train_random,train
socal-fire_00000091,test_random,train
socal-fire_00000092,train_random,train
socal-fire_00000093,train_random,train
socal-fire_00000094,train_random,train
socal-fire_00000095,train_random,train
socal-fire_00000096,train_random,train
socal-fire_00000097,test_random,train
socal-fire_00000099,val_random,train
socal-fire_00000101,test_random,train
socal-fire_00000102,test_random,train
socal-fire_00000103,train_random,train
socal-fire_00000105,val_random,train
socal-fire_00000106,test_random,train
socal-fire_00000107,val_random,train
socal-fire_00000108,train_random,train
socal-fire_00000109,train_random,train
socal-fire_00000110,train_random,train
socal-fire_00000113,test_random,train
socal-fire_00000114,val_random,train
socal-fire_00000115,train_random,train
socal-fire_00000116,train_random,train
socal-fire_00000117,train_random,train
socal-fire_00000118,val_random,train
socal-fire_00000122,train_random,train
socal-fire_00000124,val_random,train
socal-fire_00000126,train_random,train
socal-fire_00000130,train_random,train
socal-fire_00000135,train_random,train
socal-fire_00000136,train_random,train
socal-fire_00000141,train_random,train
socal-fire_00000144,train_random,train
socal-fire_00000146,train_random,train
socal-fire_00000149,train_random,train
socal-fire_00000151,train_random,train
socal-fire_00000153,train_random,train
socal-fire_00000154,val_random,train
socal-fire_00000156,train_random,train
socal-fire_00000157,val_random,train
socal-fire_00000160,train_random,train
socal-fire_00000162,test_random,train
socal-fire_00000163,train_random,train
socal-fire_00000166,train_random,train
socal-fire_00000167,train_random,train
socal-fire_00000169,train_random,train
socal-fire_00000171,train_random,train
socal-fire_00000174,train_random,train
socal-fire_00000175,train_random,train
socal-fire_00000178,test_random,train
socal-fire_00000180,test_random,train
socal-fire_00000183,val_random,train
socal-fire_00000185,train_random,train
socal-fire_00000186,train_random,train
socal-fire_00000187,train_random,train
socal-fire_00000191,train_random,train
socal-fire_00000193,test_random,train
socal-fire_00000194,train_random,train
socal-fire_00000196,train_random,train
socal-fire_00000197,train_random,train
socal-fire_00000199,train_random,train
socal-fire_00000203,train_random,train
socal-fire_00000204,test_random,train
socal-fire_00000205,train_random,train
socal-fire_00000211,train_random,train
socal-fire_00000213,train_random,train
socal-fire_00000215,train_random,train
socal-fire_00000219,test_random,train
socal-fire_00000220,test_random,train
socal-fire_00000221,train_random,train
socal-fire_00000222,train_random,train
socal-fire_00000224,train_random,train
socal-fire_00000226,train_random,train
socal-fire_00000227,train_random,train
socal-fire_00000228,train_random,train
socal-fire_00000230,train_random,train
socal-fire_00000231,train_random,train
socal-fire_00000232,train_random,train
socal-fire_00000236,test_random,train
socal-fire_00000237,train_random,train
socal-fire_00000239,train_random,train
socal-fire_00000240,val_random,train
socal-fire_00000243,val_random,train
socal-fire_00000244,train_random,train
socal-fire_00000245,train_random,train
socal-fire_00000247,val_random,train
socal-fire_00000248,val_random,train
socal-fire_00000249,train_random,train
socal-fire_00000251,train_random,train
socal-fire_00000252,train_random,train
socal-fire_00000253,train_random,train
socal-fire_00000257,test_random,train
socal-fire_00000259,train_random,train
socal-fire_00000261,train_random,train
socal-fire_00000264,val_random,train
socal-fire_00000265,test_random,train
socal-fire_00000266,val_random,train
socal-fire_00000268,train_random,train
socal-fire_00000269,train_random,train
socal-fire_00000270,train_random,train
socal-fire_00000271,train_random,train
socal-fire_00000272,train_random,train
socal-fire_00000273,train_random,train
socal-fire_00000277,train_random,train
socal-fire_00000278,test_random,train
socal-fire_00000279,train_random,train
socal-fire_00000282,train_random,train
socal-fire_00000283,train_random,train
socal-fire_00000285,train_random,train
socal-fire_00000286,test_random,train
socal-fire_00000287,val_random,train
socal-fire_00000288,val_random,train
socal-fire_00000290,test_random,train
socal-fire_00000292,train_random,train
socal-fire_00000295,train_random,train
socal-fire_00000296,val_random,train
socal-fire_00000297,train_random,train
socal-fire_00000301,train_random,train
socal-fire_00000302,train_random,train
socal-fire_00000303,val_random,train
socal-fire_00000306,train_random,train
socal-fire_00000308,val_random,train
socal-fire_00000311,train_random,train
socal-fire_00000312,test_random,train
socal-fire_00000313,train_random,train
socal-fire_00000318,train_random,train
socal-fire_00000321,train_random,train
socal-fire_00000322,train_random,train
socal-fire_00000327,train_random,train
socal-fire_00000330,train_random,train
socal-fire_00000331,test_random,train
socal-fire_00000332,train_random,train
socal-fire_00000333,val_random,train
socal-fire_00000334,test_random,train
socal-fire_00000335,train_random,train
socal-fire_00000336,train_random,train
socal-fire_00000337,train_random,train
socal-fire_00000339,test_random,train
socal-fire_00000340,train_random,train
socal-fire_00000341,test_random,train
socal-fire_00000343,train_random,train
socal-fire_00000346,val_random,train
socal-fire_00000348,train_random,train
socal-fire_00000349,train_random,train
socal-fire_00000352,train_random,train
socal-fire_00000353,train_random,train
socal-fire_00000354,train_random,train
socal-fire_00000357,train_random,train
socal-fire_00000358,train_random,train
socal-fire_00000360,train_random,train
socal-fire_00000361,train_random,train
socal-fire_00000363,train_random,train
socal-fire_00000364,train_random,train
socal-fire_00000367,train_random,train
socal-fire_00000369,train_random,train
socal-fire_00000370,train_random,train
socal-fire_00000371,train_random,train
socal-fire_00000372,train_random,train
socal-fire_00000373,train_random,train
socal-fire_00000374,val_random,train
socal-fire_00000375,val_random,train
socal-fire_00000376,train_random,train
socal-fire_00000377,train_random,train
socal-fire_00000378,train_random,train
socal-fire_00000383,train_random,train
socal-fire_00000384,train_random,train
socal-fire_00000385,train_random,train
socal-fire_00000386,train_random,train
socal-fire_00000387,train_random,train
socal-fire_00000388,train_random,train
socal-fire_00000389,train_random,train
socal-fire_00000391,train_random,train
socal-fire_00000392,train_random,train
socal-fire_00000397,train_random,train
socal-fire_00000398,train_random,train
socal-fire_00000399,val_random,train
socal-fire_00000400,test_random,train
socal-fire_00000401,train_random,train
socal-fire_00000402,train_random,train
socal-fire_00000403,test_random,train
socal-fire_00000405,train_random,train
socal-fire_00000408,train_random,train
socal-fire_00000409,train_random,train
socal-fire_00000410,train_random,train
socal-fire_00000411,train_random,train
socal-fire_00000412,train_random,train
socal-fire_00000415,test_random,train
socal-fire_00000417,train_random,train
socal-fire_00000420,val_random,train
socal-fire_00000421,train_random,train
socal-fire_00000422,train_random,train
socal-fire_00000423,test_random,train
socal-fire_00000427,test_random,train
socal-fire_00000429,train_random,train
socal-fire_00000430,train_random,train
socal-fire_00000432,train_random,train
socal-fire_00000433,train_random,train
socal-fire_00000434,train_random,train
socal-fire_00000435,train_random,train
socal-fire_00000436,train_random,train
socal-fire_00000438,train_random,train
socal-fire_00000442,val_random,train
socal-fire_00000445,train_random,train
socal-fire_00000446,train_random,train
socal-fire_00000447,val_random,train
socal-fire_00000450,train_random,train
socal-fire_00000451,val_random,train
socal-fire_00000454,train_random,train
socal-fire_00000455,train_random,train
socal-fire_00000457,train_random,train
socal-fire_00000461,train_random,train
socal-fire_00000462,train_random,train
socal-fire_00000464,train_random,train
socal-fire_00000465,train_random,train
socal-fire_00000466,train_random,train
socal-fire_00000467,train_random,train
socal-fire_00000468,train_random,train
socal-fire_00000469,val_random,train
socal-fire_00000471,train_random,train
socal-fire_00000472,train_random,train
socal-fire_00000473,train_random,train
socal-fire_00000474,val_random,train
socal-fire_00000477,test_random,train
socal-fire_00000478,train_random,train
socal-fire_00000480,train_random,train
socal-fire_00000484,train_random,train
socal-fire_00000488,train_random,train
socal-fire_00000489,train_random,train
socal-fire_00000492,test_random,train
socal-fire_00000494,train_random,train
socal-fire_00000495,train_random,train
socal-fire_00000496,train_random,train
socal-fire_00000497,train_random,train
socal-fire_00000500,train_random,train
socal-fire_00000501,train_random,train
socal-fire_00000502,test_random,train
socal-fire_00000503,test_random,train
socal-fire_00000505,test_random,train
socal-fire_00000507,test_random,train
socal-fire_00000508,train_random,train
socal-fire_00000510,train_random,train
socal-fire_00000511,train_random,train
socal-fire_00000514,train_random,train
socal-fire_00000515,val_random,train
socal-fire_00000516,train_random,train
socal-fire_00000517,train_random,train
socal-fire_00000519,test_random,train
socal-fire_00000520,test_random,train
socal-fire_00000521,train_random,train
socal-fire_00000522,train_random,train
socal-fire_00000525,train_random,train
socal-fire_00000528,test_random,train
socal-fire_00000529,train_random,train
socal-fire_00000530,train_random,train
socal-fire_00000531,train_random,train
socal-fire_00000533,train_random,train
socal-fire_00000534,train_random,train
socal-fire_00000535,test_random,train
socal-fire_00000536,train_random,train
socal-fire_00000537,train_random,train
socal-fire_00000538,train_random,train
socal-fire_00000540,train_random,train
socal-fire_00000541,test_random,train
socal-fire_00000543,val_random,train
socal-fire_00000545,train_random,train
socal-fire_00000547,train_random,train
socal-fire_00000549,train_random,train
socal-fire_00000550,train_random,train
socal-fire_00000552,train_random,train
socal-fire_00000553,train_random,train
socal-fire_00000554,train_random,train
socal-fire_00000556,train_random,train
socal-fire_00000560,train_random,train
socal-fire_00000563,train_random,train
socal-fire_00000564,train_random,train
socal-fire_00000565,val_random,train
socal-fire_00000566,test_random,train
socal-fire_00000569,train_random,train
socal-fire_00000572,train_random,train
socal-fire_00000573,train_random,train
socal-fire_00000576,val_random,train
socal-fire_00000577,train_random,train
socal-fire_00000578,test_random,train
socal-fire_00000579,test_random,train
socal-fire_00000580,train_random,train
socal-fire_00000581,train_random,train
socal-fire_00000583,train_random,train
socal-fire_00000584,train_random,train
socal-fire_00000585,train_random,train
socal-fire_00000586,train_random,train
socal-fire_00000587,test_random,train
socal-fire_00000589,train_random,train
socal-fire_00000591,train_random,train
socal-fire_00000592,test_random,train
socal-fire_00000593,train_random,train
socal-fire_00000594,val_random,train
socal-fire_00000596,val_random,train
socal-fire_00000598,test_random,train
socal-fire_00000599,val_random,train
socal-fire_00000600,train_random,train
socal-fire_00000601,train_random,train
socal-fire_00000602,train_random,train
socal-fire_00000603,train_random,train
socal-fire_00000606,val_random,train
socal-fire_00000607,train_random,train
socal-fire_00000608,train_random,train
socal-fire_00000609,train_random,train
socal-fire_00000611,test_random,train
socal-fire_00000618,train_random,train
socal-fire_00000619,train_random,train
socal-fire_00000620,train_random,train
socal-fire_00000623,train_random,train
socal-fire_00000624,val_random,train
socal-fire_00000626,train_random,train
socal-fire_00000628,test_random,train
socal-fire_00000629,val_random,train
socal-fire_00000631,train_random,train
socal-fire_00000632,train_random,train
socal-fire_00000633,train_random,train
socal-fire_00000634,train_random,train
socal-fire_00000635,val_random,train
socal-fire_00000636,train_random,train
socal-fire_00000639,train_random,train
socal-fire_00000640,train_random,train
socal-fire_00000642,train_random,train
socal-fire_00000643,train_random,train
socal-fire_00000644,train_random,train
socal-fire_00000647,train_random,train
socal-fire_00000651,val_random,train
socal-fire_00000652,val_random,train
socal-fire_00000653,val_random,train
socal-fire_00000655,train_random,train
socal-fire_00000657,val_random,train
socal-fire_00000660,train_random,train
socal-fire_00000661,test_random,train
socal-fire_00000662,train_random,train
socal-fire_00000663,train_random,train
socal-fire_00000665,train_random,train
socal-fire_00000666,train_random,train
socal-fire_00000668,test_random,train
socal-fire_00000669,test_random,train
socal-fire_00000671,train_random,train
socal-fire_00000672,train_random,train
socal-fire_00000675,train_random,train
socal-fire_00000676,train_random,train
socal-fire_00000677,train_random,train
socal-fire_00000679,val_random,train
socal-fire_00000680,train_random,train
socal-fire_00000681,val_random,train
socal-fire_00000686,train_random,train
socal-fire_00000688,train_random,train
socal-fire_00000689,val_random,train
socal-fire_00000691,train_random,train
socal-fire_00000692,train_random,train
socal-fire_00000693,train_random,train
socal-fire_00000695,train_random,train
socal-fire_00000697,test_random,train
socal-fire_00000698,train_random,train
socal-fire_00000701,train_random,train
socal-fire_00000704,train_random,train
socal-fire_00000705,train_random,train
socal-fire_00000706,train_random,train
socal-fire_00000709,train_random,train
socal-fire_00000710,train_random,train
socal-fire_00000714,train_random,train
socal-fire_00000715,train_random,train
socal-fire_00000718,train_random,train
socal-fire_00000723,train_random,train
socal-fire_00000725,val_random,train
socal-fire_00000727,train_random,train
socal-fire_00000731,test_random,train
socal-fire_00000734,train_random,train
socal-fire_00000739,train_random,train
socal-fire_00000740,train_random,train
socal-fire_00000744,train_random,train
socal-fire_00000747,val_random,train
socal-fire_00000748,test_random,train
socal-fire_00000751,train_random,train
socal-fire_00000752,test_random,train
socal-fire_00000757,train_random,train
socal-fire_00000760,train_random,train
socal-fire_00000763,train_random,train
socal-fire_00000766,train_random,train
socal-fire_00000767,val_random,train
socal-fire_00000769,val_random,train
socal-fire_00000770,test_random,train
socal-fire_00000771,train_random,train
socal-fire_00000772,train_random,train
socal-fire_00000774,train_random,train
socal-fire_00000775,train_random,train
socal-fire_00000776,train_random,train
socal-fire_00000779,train_random,train
socal-fire_00000781,train_random,train
socal-fire_00000785,val_random,train
socal-fire_00000787,train_random,train
socal-fire_00000788,train_random,train
socal-fire_00000789,train_random,train
socal-fire_00000790,train_random,train
socal-fire_00000791,train_random,train
socal-fire_00000792,train_random,train
socal-fire_00000793,train_random,train
socal-fire_00000794,train_random,train
socal-fire_00000795,test_random,train
socal-fire_00000798,test_random,train
socal-fire_00000805,test_random,train
socal-fire_00000807,train_random,train
socal-fire_00000810,train_random,train
socal-fire_00000812,train_random,train
socal-fire_00000817,train_random,train
socal-fire_00000819,val_random,train
socal-fire_00000820,train_random,train
socal-fire_00000821,train_random,train
socal-fire_00000822,train_random,train
socal-fire_00000824,train_random,train
socal-fire_00000827,train_random,train
socal-fire_00000828,train_random,train
socal-fire_00000830,train_random,train
socal-fire_00000833,test_random,train
socal-fire_00000834,val_random,train
socal-fire_00000835,train_random,train
socal-fire_00000838,train_random,train
socal-fire_00000839,train_random,train
socal-fire_00000840,train_random,train
socal-fire_00000842,train_random,train
socal-fire_00000843,train_random,train
socal-fire_00000845,train_random,train
socal-fire_00000850,train_random,train
socal-fire_00000851,train_random,train
socal-fire_00000852,train_random,train
socal-fire_00000857,train_random,train
socal-fire_00000858,train_random,train
socal-fire_00000859,train_random,train
socal-fire_00000861,train_random,train
socal-fire_00000862,train_random,train
socal-fire_00000864,train_random,train
socal-fire_00000865,train_random,train
socal-fire_00000866,train_random,train
socal-fire_00000867,train_random,train
socal-fire_00000868,train_random,train
socal-fire_00000873,train_random,train
socal-fire_00000874,test_random,train
socal-fire_00000875,train_random,train
socal-fire_00000876,val_random,train
socal-fire_00000878,train_random,train
socal-fire_00000880,train_random,train
socal-fire_00000881,val_random,train
socal-fire_00000884,train_random,train
socal-fire_00000886,train_random,train
socal-fire_00000887,train_random,train
socal-fire_00000888,test_random,train
socal-fire_00000891,test_random,train
socal-fire_00000892,train_random,train
socal-fire_00000895,test_random,train
socal-fire_00000897,train_random,train
socal-fire_00000901,train_random,train
socal-fire_00000903,train_random,train
socal-fire_00000904,test_random,train
socal-fire_00000905,val_random,train
socal-fire_00000906,train_random,train
socal-fire_00000907,train_random,train
socal-fire_00000908,val_random,train
socal-fire_00000909,test_random,train
socal-fire_00000910,train_random,train
socal-fire_00000912,train_random,train
socal-fire_00000913,test_random,train
socal-fire_00000914,train_random,train
socal-fire_00000915,train_random,train
socal-fire_00000916,train_random,train
socal-fire_00000917,train_random,train
socal-fire_00000921,train_random,train
socal-fire_00000923,train_random,train
socal-fire_00000926,train_random,train
socal-fire_00000927,val_random,train
socal-fire_00000928,train_random,train
socal-fire_00000931,val_random,train
socal-fire_00000932,test_random,train
socal-fire_00000933,test_random,train
socal-fire_00000935,test_random,train
socal-fire_00000938,train_random,train
socal-fire_00000939,train_random,train
socal-fire_00000940,val_random,train
socal-fire_00000944,train_random,train
socal-fire_00000945,train_random,train
socal-fire_00000947,train_random,train
socal-fire_00000949,train_random,train
socal-fire_00000950,train_random,train
socal-fire_00000951,train_random,train
socal-fire_00000952,train_random,train
socal-fire_00000953,train_random,train
socal-fire_00000955,train_random,train
socal-fire_00000957,test_random,train
socal-fire_00000958,train_random,train
socal-fire_00000959,train_random,train
socal-fire_00000960,train_random,train
socal-fire_00000962,train_random,train
socal-fire_00000964,train_random,train
socal-fire_00000965,train_random,train
socal-fire_00000966,train_random,train
socal-fire_00000968,train_random,train
socal-fire_00000969,test_random,train
socal-fire_00000970,test_random,train
socal-fire_00000971,train_random,train
socal-fire_00000972,train_random,train
socal-fire_00000973,train_random,train
socal-fire_00000975,val_random,train
socal-fire_00000978,train_random,train
socal-fire_00000979,train_random,train
socal-fire_00000980,train_random,train
socal-fire_00000984,train_random,train
socal-fire_00000985,train_random,train
socal-fire_00000986,train_random,train
socal-fire_00000987,train_random,train
socal-fire_00000988,test_random,train
socal-fire_00000989,test_random,train
socal-fire_00000991,train_random,train
socal-fire_00000992,train_random,train
socal-fire_00000994,train_random,train
socal-fire_00000995,test_random,train
socal-fire_00000996,train_random,train
socal-fire_00000998,train_random,train
socal-fire_00000999,train_random,train
socal-fire_00001000,train_random,train
socal-fire_00001001,train_random,train
socal-fire_00001003,train_random,train
socal-fire_00001004,val_random,train
socal-fire_00001007,train_random,train
socal-fire_00001012,test_random,train
socal-fire_00001013,train_random,train
socal-fire_00001016,train_random,train
socal-fire_00001017,train_random,train
socal-fire_00001019,train_random,train
socal-fire_00001020,train_random,train
socal-fire_00001021,train_random,train
socal-fire_00001023,val_random,train
socal-fire_00001025,val_random,train
socal-fire_00001027,val_random,train
socal-fire_00001028,test_random,train
socal-fire_00001033,train_random,train
socal-fire_00001035,val_random,train
socal-fire_00001039,val_random,train
socal-fire_00001040,train_random,train
socal-fire_00001042,test_random,train
socal-fire_00001043,train_random,train
socal-fire_00001045,val_random,train
socal-fire_00001047,val_random,train
socal-fire_00001049,train_random,train
socal-fire_00001050,train_random,train
socal-fire_00001052,train_random,train
socal-fire_00001054,train_random,train
socal-fire_00001055,train_random,train
socal-fire_00001058,train_random,train
socal-fire_00001059,train_random,train
socal-fire_00001063,test_random,train
socal-fire_00001066,train_random,train
socal-fire_00001067,train_random,train
socal-fire_00001070,train_random,train
socal-fire_00001071,train_random,train
socal-fire_00001072,train_random,train
socal-fire_00001073,train_random,train
socal-fire_00001075,train_random,train
socal-fire_00001077,val_random,train
socal-fire_00001078,train_random,train
socal-fire_00001079,train_random,train
socal-fire_00001080,train_random,train
socal-fire_00001081,val_random,train
socal-fire_00001082,train_random,train
socal-fire_00001083,test_random,train
socal-fire_00001085,train_random,train
socal-fire_00001086,test_random,train
socal-fire_00001088,train_random,train
socal-fire_00001089,test_random,train
socal-fire_00001092,train_random,train
socal-fire_00001093,train_random,train
socal-fire_00001101,val_random,train
socal-fire_00001102,train_random,train
socal-fire_00001103,train_random,train
socal-fire_00001104,test_random,train
socal-fire_00001105,train_random,train
socal-fire_00001106,train_random,train
socal-fire_00001107,val_random,train
socal-fire_00001108,train_random,train
socal-fire_00001110,train_random,train
socal-fire_00001112,test_random,train
socal-fire_00001113,train_random,train
socal-fire_00001115,val_random,train
socal-fire_00001116,train_random,train
socal-fire_00001117,train_random,train
socal-fire_00001118,train_random,train
socal-fire_00001120,train_random,train
socal-fire_00001121,train_random,train
socal-fire_00001122,train_random,train
socal-fire_00001123,val_random,train
socal-fire_00001124,val_random,train
socal-fire_00001125,train_random,train
socal-fire_00001127,val_random,train
socal-fire_00001129,val_random,train
socal-fire_00001130,train_random,train
socal-fire_00001133,train_random,train
socal-fire_00001134,train_random,train
socal-fire_00001135,train_random,train
socal-fire_00001136,train_random,train
socal-fire_00001140,train_random,train
socal-fire_00001142,train_random,train
socal-fire_00001143,train_random,train
socal-fire_00001146,val_random,train
socal-fire_00001149,train_random,train
socal-fire_00001150,test_random,train
socal-fire_00001152,val_random,train
socal-fire_00001154,train_random,train
socal-fire_00001156,train_random,train
socal-fire_00001158,train_random,train
socal-fire_00001159,test_random,train
socal-fire_00001162,train_random,train
socal-fire_00001165,train_random,train
socal-fire_00001166,train_random,train
socal-fire_00001167,test_random,train
socal-fire_00001169,val_random,train
socal-fire_00001170,test_random,train
socal-fire_00001171,val_random,train
socal-fire_00001175,train_random,train
socal-fire_00001176,test_random,train
socal-fire_00001177,train_random,train
socal-fire_00001178,test_random,train
socal-fire_00001179,train_random,train
socal-fire_00001180,train_random,train
socal-fire_00001182,train_random,train
socal-fire_00001184,test_random,train
socal-fire_00001185,train_random,train
socal-fire_00001186,train_random,train
socal-fire_00001192,train_random,train
socal-fire_00001195,test_random,train
socal-fire_00001196,train_random,train
socal-fire_00001197,test_random,train
socal-fire_00001198,val_random,train
socal-fire_00001202,train_random,train
socal-fire_00001203,train_random,train
socal-fire_00001204,train_random,train
socal-fire_00001206,test_random,train
socal-fire_00001207,train_random,train
socal-fire_00001208,val_random,train
socal-fire_00001211,train_random,train
socal-fire_00001215,train_random,train
socal-fire_00001216,train_random,train
socal-fire_00001218,train_random,train
socal-fire_00001221,val_random,train
socal-fire_00001223,val_random,train
socal-fire_00001225,train_random,train
socal-fire_00001227,train_random,train
socal-fire_00001228,train_random,train
socal-fire_00001229,test_random,train
socal-fire_00001232,train_random,train
socal-fire_00001233,train_random,train
socal-fire_00001234,train_random,train
socal-fire_00001235,train_random,train
socal-fire_00001237,train_random,train
socal-fire_00001238,train_random,train
socal-fire_00001241,train_random,train
socal-fire_00001242,test_random,train
socal-fire_00001243,val_random,train
socal-fire_00001244,train_random,train
socal-fire_00001245,train_random,train
socal-fire_00001248,train_random,train
socal-fire_00001251,train_random,train
socal-fire_00001253,train_random,train
socal-fire_00001254,val_random,train
socal-fire_00001255,train_random,train
socal-fire_00001256,train_random,train
socal-fire_00001257,train_random,train
socal-fire_00001258,train_random,train
socal-fire_00001259,train_random,train
socal-fire_00001260,train_random,train
socal-fire_00001261,train_random,train
socal-fire_00001263,train_random,train
socal-fire_00001264,train_random,train
socal-fire_00001268,train_random,train
socal-fire_00001269,test_random,train
socal-fire_00001270,test_random,train
socal-fire_00001271,train_random,train
socal-fire_00001272,train_random,train
socal-fire_00001274,val_random,train
socal-fire_00001275,train_random,train
socal-fire_00001278,train_random,train
socal-fire_00001282,train_random,train
socal-fire_00001283,train_random,train
socal-fire_00001285,train_random,train
socal-fire_00001286,train_random,train
socal-fire_00001287,test_random,train
socal-fire_00001288,train_random,train
socal-fire_00001289,train_random,train
socal-fire_00001291,train_random,train
socal-fire_00001292,train_random,train
socal-fire_00001293,train_random,train
socal-fire_00001296,train_random,train
socal-fire_00001297,val_random,train
socal-fire_00001298,train_random,train
socal-fire_00001300,train_random,train
socal-fire_00001301,train_random,train
socal-fire_00001302,val_random,train
socal-fire_00001303,train_random,train
socal-fire_00001304,train_random,train
socal-fire_00001307,val_random,train
socal-fire_00001308,train_random,train
socal-fire_00001312,train_random,train
socal-fire_00001313,train_random,train
socal-fire_00001315,val_random,train
socal-fire_00001317,train_random,train
socal-fire_00001318,test_random,train
socal-fire_00001319,train_random,train
socal-fire_00001320,train_random,train
socal-fire_00001322,val_random,train
socal-fire_00001323,val_random,train
socal-fire_00001324,train_random,train
socal-fire_00001325,train_random,train
socal-fire_00001330,train_random,train
socal-fire_00001331,train_random,train
socal-fire_00001333,train_random,train
socal-fire_00001334,test_random,train
socal-fire_00001337,train_random,train
socal-fire_00001338,test_random,train
socal-fire_00001339,val_random,train
socal-fire_00001340,val_random,train
socal-fire_00001341,train_random,train
socal-fire_00001343,val_random,train
socal-fire_00001344,train_random,train
socal-fire_00001346,train_random,train
socal-fire_00001347,train_random,train
socal-fire_00001348,val_random,train
socal-fire_00001349,test_random,train
socal-fire_00001350,test_random,train
socal-fire_00001351,val_random,train
socal-fire_00001352,test_random,train
socal-fire_00001353,train_random,train
socal-fire_00001354,test_random,train
socal-fire_00001355,train_random,train
socal-fire_00001356,train_random,train
socal-fire_00001357,train_random,train
socal-fire_00001359,train_random,train
socal-fire_00001361,train_random,train
socal-fire_00001363,test_random,train
socal-fire_00001364,test_random,train
socal-fire_00001365,train_random,train
socal-fire_00001366,train_random,train
socal-fire_00001367,val_random,train
socal-fire_00001368,val_random,train
socal-fire_00001369,train_random,train
socal-fire_00001373,train_random,train
socal-fire_00001374,train_random,train
socal-fire_00001375,train_random,train
socal-fire_00001376,train_random,train
socal-fire_00001377,train_random,train
socal-fire_00001379,test_random,train
socal-fire_00001380,train_random,train
socal-fire_00001381,test_random,train
socal-fire_00001382,train_random,train
socal-fire_00001383,test_random,train
socal-fire_00001385,val_random,train
socal-fire_00001386,train_random,train
socal-fire_00001387,train_random,train
socal-fire_00001389,train_random,train
socal-fire_00001390,test_random,train
socal-fire_00001391,train_random,train
socal-fire_00001394,train_random,train
socal-fire_00001396,train_random,train
socal-fire_00001397,test_random,train
socal-fire_00001398,train_random,train
socal-fire_00001399,train_random,train
socal-fire_00001402,test_random,train
sunda-tsunami_00000000,val_random,tier3
sunda-tsunami_00000001,train_random,tier3
sunda-tsunami_00000002,train_random,tier3
sunda-tsunami_00000003,train_random,tier3
sunda-tsunami_00000004,train_random,tier3
sunda-tsunami_00000005,train_random,tier3
sunda-tsunami_00000006,train_random,tier3
sunda-tsunami_00000007,train_random,tier3
sunda-tsunami_00000008,train_random,tier3
sunda-tsunami_00000009,train_random,tier3
sunda-tsunami_00000010,train_random,tier3
sunda-tsunami_00000011,val_random,tier3
sunda-tsunami_00000012,test_random,tier3
sunda-tsunami_00000013,val_random,tier3
sunda-tsunami_00000014,train_random,tier3
sunda-tsunami_00000015,val_random,tier3
sunda-tsunami_00000016,train_random,tier3
sunda-tsunami_00000017,train_random,tier3
sunda-tsunami_00000018,train_random,tier3
sunda-tsunami_00000019,train_random,tier3
sunda-tsunami_00000020,train_random,tier3
sunda-tsunami_00000021,val_random,tier3
sunda-tsunami_00000022,test_random,tier3
sunda-tsunami_00000023,train_random,tier3
sunda-tsunami_00000024,test_random,tier3
sunda-tsunami_00000025,train_random,tier3
sunda-tsunami_00000026,val_random,tier3
sunda-tsunami_00000027,test_random,tier3
sunda-tsunami_00000028,train_random,tier3
sunda-tsunami_00000029,train_random,tier3
sunda-tsunami_00000030,train_random,tier3
sunda-tsunami_00000031,train_random,tier3
sunda-tsunami_00000032,train_random,tier3
sunda-tsunami_00000033,train_random,tier3
sunda-tsunami_00000034,train_random,tier3
sunda-tsunami_00000035,train_random,tier3
sunda-tsunami_00000036,train_random,tier3
sunda-tsunami_00000037,val_random,tier3
sunda-tsunami_00000038,val_random,tier3
sunda-tsunami_00000039,val_random,tier3
sunda-tsunami_00000040,train_random,tier3
sunda-tsunami_00000041,train_random,tier3
sunda-tsunami_00000042,test_random,tier3
sunda-tsunami_00000043,train_random,tier3
sunda-tsunami_00000044,train_random,tier3
sunda-tsunami_00000045,test_random,tier3
sunda-tsunami_00000046,train_random,tier3
sunda-tsunami_00000047,test_random,tier3
sunda-tsunami_00000048,train_random,tier3
sunda-tsunami_00000049,train_random,tier3
sunda-tsunami_00000050,train_random,tier3
sunda-tsunami_00000051,train_random,tier3
sunda-tsunami_00000052,train_random,tier3
sunda-tsunami_00000053,train_random,tier3
sunda-tsunami_00000054,train_random,tier3
sunda-tsunami_00000055,val_random,tier3
sunda-tsunami_00000056,test_random,tier3
sunda-tsunami_00000057,val_random,tier3
sunda-tsunami_00000058,val_random,tier3
sunda-tsunami_00000059,test_random,tier3
sunda-tsunami_00000060,train_random,tier3
sunda-tsunami_00000061,train_random,tier3
sunda-tsunami_00000062,train_random,tier3
sunda-tsunami_00000063,test_random,tier3
sunda-tsunami_00000064,train_random,tier3
sunda-tsunami_00000065,train_random,tier3
sunda-tsunami_00000066,train_random,tier3
sunda-tsunami_00000067,train_random,tier3
sunda-tsunami_00000068,test_random,tier3
sunda-tsunami_00000069,train_random,tier3
sunda-tsunami_00000070,train_random,tier3
sunda-tsunami_00000071,test_random,tier3
sunda-tsunami_00000072,train_random,tier3
sunda-tsunami_00000073,test_random,tier3
sunda-tsunami_00000074,train_random,tier3
sunda-tsunami_00000075,train_random,tier3
sunda-tsunami_00000076,train_random,tier3
sunda-tsunami_00000077,train_random,tier3
sunda-tsunami_00000078,train_random,tier3
sunda-tsunami_00000079,test_random,tier3
sunda-tsunami_00000080,train_random,tier3
sunda-tsunami_00000081,train_random,tier3
sunda-tsunami_00000082,test_random,tier3
sunda-tsunami_00000083,val_random,tier3
sunda-tsunami_00000084,train_random,tier3
sunda-tsunami_00000085,train_random,tier3
sunda-tsunami_00000086,train_random,tier3
sunda-tsunami_00000087,test_random,tier3
sunda-tsunami_00000088,train_random,tier3
sunda-tsunami_00000089,train_random,tier3
sunda-tsunami_00000090,train_random,tier3
sunda-tsunami_00000091,val_random,tier3
sunda-tsunami_00000092,val_random,tier3
sunda-tsunami_00000093,train_random,tier3
sunda-tsunami_00000094,train_random,tier3
sunda-tsunami_00000095,val_random,tier3
sunda-tsunami_00000096,test_random,tier3
sunda-tsunami_00000097,val_random,tier3
sunda-tsunami_00000098,train_random,tier3
sunda-tsunami_00000099,train_random,tier3
sunda-tsunami_00000100,train_random,tier3
sunda-tsunami_00000101,train_random,tier3
sunda-tsunami_00000102,train_random,tier3
sunda-tsunami_00000103,val_random,tier3
sunda-tsunami_00000104,train_random,tier3
sunda-tsunami_00000105,val_random,tier3
sunda-tsunami_00000106,train_random,tier3
sunda-tsunami_00000107,val_random,tier3
sunda-tsunami_00000108,test_random,tier3
sunda-tsunami_00000109,train_random,tier3
sunda-tsunami_00000110,train_random,tier3
sunda-tsunami_00000111,train_random,tier3
sunda-tsunami_00000112,train_random,tier3
sunda-tsunami_00000113,train_random,tier3
sunda-tsunami_00000114,val_random,tier3
sunda-tsunami_00000115,train_random,tier3
sunda-tsunami_00000116,train_random,tier3
sunda-tsunami_00000117,val_random,tier3
sunda-tsunami_00000118,test_random,tier3
sunda-tsunami_00000119,test_random,tier3
sunda-tsunami_00000120,train_random,tier3
sunda-tsunami_00000121,test_random,tier3
sunda-tsunami_00000122,train_random,tier3
sunda-tsunami_00000123,train_random,tier3
sunda-tsunami_00000124,train_random,tier3
sunda-tsunami_00000125,val_random,tier3
sunda-tsunami_00000126,train_random,tier3
sunda-tsunami_00000127,train_random,tier3
sunda-tsunami_00000128,train_random,tier3
sunda-tsunami_00000129,test_random,tier3
sunda-tsunami_00000130,test_random,tier3
sunda-tsunami_00000131,train_random,tier3
sunda-tsunami_00000132,train_random,tier3
sunda-tsunami_00000133,train_random,tier3
sunda-tsunami_00000134,train_random,tier3
sunda-tsunami_00000135,test_random,tier3
sunda-tsunami_00000136,val_random,tier3
sunda-tsunami_00000137,val_random,tier3
sunda-tsunami_00000138,train_random,tier3
sunda-tsunami_00000139,train_random,tier3
sunda-tsunami_00000140,test_random,tier3
sunda-tsunami_00000141,train_random,tier3
sunda-tsunami_00000142,train_random,tier3
sunda-tsunami_00000143,train_random,tier3
sunda-tsunami_00000144,train_random,tier3
sunda-tsunami_00000145,test_random,tier3
sunda-tsunami_00000146,train_random,tier3
sunda-tsunami_00000147,train_random,tier3
tuscaloosa-tornado_00000000,train_random,tier3
tuscaloosa-tornado_00000001,val_random,tier3
tuscaloosa-tornado_00000002,train_random,tier3
tuscaloosa-tornado_00000003,val_random,tier3
tuscaloosa-tornado_00000004,test_random,tier3
tuscaloosa-tornado_00000005,val_random,tier3
tuscaloosa-tornado_00000006,train_random,tier3
tuscaloosa-tornado_00000007,train_random,tier3
tuscaloosa-tornado_00000008,val_random,tier3
tuscaloosa-tornado_00000009,train_random,tier3
tuscaloosa-tornado_00000010,train_random,tier3
tuscaloosa-tornado_00000011,train_random,tier3
tuscaloosa-tornado_00000012,train_random,tier3
tuscaloosa-tornado_00000013,train_random,tier3
tuscaloosa-tornado_00000014,test_random,tier3
tuscaloosa-tornado_00000015,val_random,tier3
tuscaloosa-tornado_00000016,val_random,tier3
tuscaloosa-tornado_00000017,train_random,tier3
tuscaloosa-tornado_00000018,train_random,tier3
tuscaloosa-tornado_00000019,train_random,tier3
tuscaloosa-tornado_00000020,test_random,tier3
tuscaloosa-tornado_00000021,train_random,tier3
tuscaloosa-tornado_00000022,val_random,tier3
tuscaloosa-tornado_00000023,train_random,tier3
tuscaloosa-tornado_00000024,train_random,tier3
tuscaloosa-tornado_00000025,train_random,tier3
tuscaloosa-tornado_00000026,val_random,tier3
tuscaloosa-tornado_00000027,train_random,tier3
tuscaloosa-tornado_00000028,train_random,tier3
tuscaloosa-tornado_00000029,train_random,tier3
tuscaloosa-tornado_00000030,train_random,tier3
tuscaloosa-tornado_00000031,train_random,tier3
tuscaloosa-tornado_00000032,test_random,tier3
tuscaloosa-tornado_00000033,test_random,tier3
tuscaloosa-tornado_00000034,train_random,tier3
tuscaloosa-tornado_00000035,train_random,tier3
tuscaloosa-tornado_00000036,train_random,tier3
tuscaloosa-tornado_00000037,val_random,tier3
tuscaloosa-tornado_00000038,test_random,tier3
tuscaloosa-tornado_00000039,train_random,tier3
tuscaloosa-tornado_00000040,test_random,tier3
tuscaloosa-tornado_00000041,train_random,tier3
tuscaloosa-tornado_00000042,train_random,tier3
tuscaloosa-tornado_00000043,test_random,tier3
tuscaloosa-tornado_00000044,val_random,tier3
tuscaloosa-tornado_00000045,train_random,tier3
tuscaloosa-tornado_00000046,train_random,tier3
tuscaloosa-tornado_00000047,test_random,tier3
tuscaloosa-tornado_00000048,train_random,tier3
tuscaloosa-tornado_00000049,train_random,tier3
tuscaloosa-tornado_00000050,train_random,tier3
tuscaloosa-tornado_00000051,val_random,tier3
tuscaloosa-tornado_00000052,train_random,tier3
tuscaloosa-tornado_00000053,train_random,tier3
tuscaloosa-tornado_00000054,train_random,tier3
tuscaloosa-tornado_00000055,train_random,tier3
tuscaloosa-tornado_00000056,train_random,tier3
tuscaloosa-tornado_00000057,train_random,tier3
tuscaloosa-tornado_00000058,train_random,tier3
tuscaloosa-tornado_00000059,test_random,tier3
tuscaloosa-tornado_00000060,train_random,tier3
tuscaloosa-tornado_00000061,val_random,tier3
tuscaloosa-tornado_00000062,test_random,tier3
tuscaloosa-tornado_00000063,train_random,tier3
tuscaloosa-tornado_00000064,train_random,tier3
tuscaloosa-tornado_00000065,train_random,tier3
tuscaloosa-tornado_00000066,train_random,tier3
tuscaloosa-tornado_00000067,train_random,tier3
tuscaloosa-tornado_00000068,train_random,tier3
tuscaloosa-tornado_00000069,train_random,tier3
tuscaloosa-tornado_00000070,train_random,tier3
tuscaloosa-tornado_00000071,train_random,tier3
tuscaloosa-tornado_00000072,train_random,tier3
tuscaloosa-tornado_00000073,train_random,tier3
tuscaloosa-tornado_00000074,train_random,tier3
tuscaloosa-tornado_00000075,train_random,tier3
tuscaloosa-tornado_00000076,val_random,tier3
tuscaloosa-tornado_00000077,train_random,tier3
tuscaloosa-tornado_00000078,train_random,tier3
tuscaloosa-tornado_00000079,train_random,tier3
tuscaloosa-tornado_00000080,train_random,tier3
tuscaloosa-tornado_00000081,train_random,tier3
tuscaloosa-tornado_00000082,train_random,tier3
tuscaloosa-tornado_00000083,train_random,tier3
tuscaloosa-tornado_00000084,train_random,tier3
tuscaloosa-tornado_00000085,train_random,tier3
tuscaloosa-tornado_00000086,train_random,tier3
tuscaloosa-tornado_00000087,train_random,tier3
tuscaloosa-tornado_00000088,val_random,tier3
tuscaloosa-tornado_00000089,train_random,tier3
tuscaloosa-tornado_00000090,train_random,tier3
tuscaloosa-tornado_00000091,train_random,tier3
tuscaloosa-tornado_00000092,train_random,tier3
tuscaloosa-tornado_00000093,train_random,tier3
tuscaloosa-tornado_00000094,train_random,tier3
tuscaloosa-tornado_00000095,train_random,tier3
tuscaloosa-tornado_00000096,train_random,tier3
tuscaloosa-tornado_00000097,train_random,tier3
tuscaloosa-tornado_00000098,train_random,tier3
tuscaloosa-tornado_00000099,train_random,tier3
tuscaloosa-tornado_00000100,test_random,tier3
tuscaloosa-tornado_00000101,train_random,tier3
tuscaloosa-tornado_00000102,train_random,tier3
tuscaloosa-tornado_00000103,train_random,tier3
tuscaloosa-tornado_00000104,train_random,tier3
tuscaloosa-tornado_00000105,test_random,tier3
tuscaloosa-tornado_00000106,train_random,tier3
tuscaloosa-tornado_00000107,train_random,tier3
tuscaloosa-tornado_00000108,train_random,tier3
tuscaloosa-tornado_00000109,train_random,tier3
tuscaloosa-tornado_00000110,train_random,tier3
tuscaloosa-tornado_00000111,train_random,tier3
tuscaloosa-tornado_00000112,train_random,tier3
tuscaloosa-tornado_00000113,test_random,tier3
tuscaloosa-tornado_00000114,val_random,tier3
tuscaloosa-tornado_00000115,train_random,tier3
tuscaloosa-tornado_00000116,val_random,tier3
tuscaloosa-tornado_00000117,train_random,tier3
tuscaloosa-tornado_00000118,train_random,tier3
tuscaloosa-tornado_00000119,test_random,tier3
tuscaloosa-tornado_00000120,train_random,tier3
tuscaloosa-tornado_00000121,val_random,tier3
tuscaloosa-tornado_00000122,train_random,tier3
tuscaloosa-tornado_00000123,train_random,tier3
tuscaloosa-tornado_00000124,val_random,tier3
tuscaloosa-tornado_00000125,train_random,tier3
tuscaloosa-tornado_00000126,val_random,tier3
tuscaloosa-tornado_00000127,train_random,tier3
tuscaloosa-tornado_00000128,train_random,tier3
tuscaloosa-tornado_00000129,train_random,tier3
tuscaloosa-tornado_00000130,train_random,tier3
tuscaloosa-tornado_00000131,train_random,tier3
tuscaloosa-tornado_00000132,train_random,tier3
tuscaloosa-tornado_00000133,train_random,tier3
tuscaloosa-tornado_00000134,val_random,tier3
tuscaloosa-tornado_00000135,train_random,tier3
tuscaloosa-tornado_00000136,train_random,tier3
tuscaloosa-tornado_00000137,val_random,tier3
tuscaloosa-tornado_00000138,val_random,tier3
tuscaloosa-tornado_00000139,train_random,tier3
tuscaloosa-tornado_00000140,train_random,tier3
tuscaloosa-tornado_00000141,train_random,tier3
tuscaloosa-tornado_00000142,train_random,tier3
tuscaloosa-tornado_00000143,val_random,tier3
tuscaloosa-tornado_00000144,val_random,tier3
tuscaloosa-tornado_00000145,train_random,tier3
tuscaloosa-tornado_00000146,test_random,tier3
tuscaloosa-tornado_00000147,train_random,tier3
tuscaloosa-tornado_00000148,train_random,tier3
tuscaloosa-tornado_00000149,train_random,tier3
tuscaloosa-tornado_00000150,train_random,tier3
tuscaloosa-tornado_00000151,val_random,tier3
tuscaloosa-tornado_00000152,train_random,tier3
tuscaloosa-tornado_00000153,train_random,tier3
tuscaloosa-tornado_00000154,train_random,tier3
tuscaloosa-tornado_00000155,val_random,tier3
tuscaloosa-tornado_00000156,val_random,tier3
tuscaloosa-tornado_00000157,val_random,tier3
tuscaloosa-tornado_00000158,train_random,tier3
tuscaloosa-tornado_00000159,train_random,tier3
tuscaloosa-tornado_00000160,train_random,tier3
tuscaloosa-tornado_00000161,train_random,tier3
tuscaloosa-tornado_00000162,train_random,tier3
tuscaloosa-tornado_00000163,test_random,tier3
tuscaloosa-tornado_00000164,train_random,tier3
tuscaloosa-tornado_00000165,train_random,tier3
tuscaloosa-tornado_00000166,train_random,tier3
tuscaloosa-tornado_00000167,train_random,tier3
tuscaloosa-tornado_00000168,val_random,tier3
tuscaloosa-tornado_00000169,val_random,tier3
tuscaloosa-tornado_00000170,train_random,tier3
tuscaloosa-tornado_00000171,val_random,tier3
tuscaloosa-tornado_00000172,test_random,tier3
tuscaloosa-tornado_00000173,train_random,tier3
tuscaloosa-tornado_00000174,val_random,tier3
tuscaloosa-tornado_00000175,train_random,tier3
tuscaloosa-tornado_00000176,train_random,tier3
tuscaloosa-tornado_00000177,val_random,tier3
tuscaloosa-tornado_00000178,val_random,tier3
tuscaloosa-tornado_00000179,train_random,tier3
tuscaloosa-tornado_00000180,train_random,tier3
tuscaloosa-tornado_00000181,train_random,tier3
tuscaloosa-tornado_00000182,train_random,tier3
tuscaloosa-tornado_00000183,train_random,tier3
tuscaloosa-tornado_00000184,train_random,tier3
tuscaloosa-tornado_00000185,train_random,tier3
tuscaloosa-tornado_00000186,train_random,tier3
tuscaloosa-tornado_00000187,train_random,tier3
tuscaloosa-tornado_00000188,train_random,tier3
tuscaloosa-tornado_00000189,val_random,tier3
tuscaloosa-tornado_00000190,train_random,tier3
tuscaloosa-tornado_00000191,train_random,tier3
tuscaloosa-tornado_00000192,train_random,tier3
tuscaloosa-tornado_00000193,train_random,tier3
tuscaloosa-tornado_00000194,train_random,tier3
tuscaloosa-tornado_00000195,train_random,tier3
tuscaloosa-tornado_00000196,test_random,tier3
tuscaloosa-tornado_00000197,train_random,tier3
tuscaloosa-tornado_00000198,val_random,tier3
tuscaloosa-tornado_00000199,train_random,tier3
tuscaloosa-tornado_00000200,train_random,tier3
tuscaloosa-tornado_00000201,train_random,tier3
tuscaloosa-tornado_00000202,val_random,tier3
tuscaloosa-tornado_00000203,val_random,tier3
tuscaloosa-tornado_00000204,train_random,tier3
tuscaloosa-tornado_00000205,test_random,tier3
tuscaloosa-tornado_00000206,val_random,tier3
tuscaloosa-tornado_00000207,train_random,tier3
tuscaloosa-tornado_00000208,test_random,tier3
tuscaloosa-tornado_00000209,train_random,tier3
tuscaloosa-tornado_00000210,test_random,tier3
tuscaloosa-tornado_00000211,train_random,tier3
tuscaloosa-tornado_00000212,train_random,tier3
tuscaloosa-tornado_00000213,train_random,tier3
tuscaloosa-tornado_00000214,val_random,tier3
tuscaloosa-tornado_00000215,test_random,tier3
tuscaloosa-tornado_00000216,val_random,tier3
tuscaloosa-tornado_00000217,train_random,tier3
tuscaloosa-tornado_00000218,test_random,tier3
tuscaloosa-tornado_00000219,train_random,tier3
tuscaloosa-tornado_00000220,val_random,tier3
tuscaloosa-tornado_00000221,train_random,tier3
tuscaloosa-tornado_00000222,test_random,tier3
tuscaloosa-tornado_00000223,val_random,tier3
tuscaloosa-tornado_00000224,train_random,tier3
tuscaloosa-tornado_00000225,train_random,tier3
tuscaloosa-tornado_00000226,train_random,tier3
tuscaloosa-tornado_00000227,test_random,tier3
tuscaloosa-tornado_00000228,train_random,tier3
tuscaloosa-tornado_00000229,val_random,tier3
tuscaloosa-tornado_00000230,test_random,tier3
tuscaloosa-tornado_00000231,train_random,tier3
tuscaloosa-tornado_00000232,train_random,tier3
tuscaloosa-tornado_00000233,train_random,tier3
tuscaloosa-tornado_00000234,train_random,tier3
tuscaloosa-tornado_00000235,train_random,tier3
tuscaloosa-tornado_00000236,train_random,tier3
tuscaloosa-tornado_00000237,train_random,tier3
tuscaloosa-tornado_00000238,test_random,tier3
tuscaloosa-tornado_00000239,train_random,tier3
tuscaloosa-tornado_00000240,test_random,tier3
tuscaloosa-tornado_00000241,val_random,tier3
tuscaloosa-tornado_00000242,train_random,tier3
tuscaloosa-tornado_00000243,train_random,tier3
tuscaloosa-tornado_00000244,test_random,tier3
tuscaloosa-tornado_00000245,train_random,tier3
tuscaloosa-tornado_00000246,train_random,tier3
tuscaloosa-tornado_00000247,train_random,tier3
tuscaloosa-tornado_00000248,train_random,tier3
tuscaloosa-tornado_00000249,train_random,tier3
tuscaloosa-tornado_00000250,test_random,tier3
tuscaloosa-tornado_00000251,val_random,tier3
tuscaloosa-tornado_00000252,val_random,tier3
tuscaloosa-tornado_00000253,train_random,tier3
tuscaloosa-tornado_00000254,train_random,tier3
tuscaloosa-tornado_00000255,train_random,tier3
tuscaloosa-tornado_00000256,train_random,tier3
tuscaloosa-tornado_00000257,train_random,tier3
tuscaloosa-tornado_00000258,train_random,tier3
tuscaloosa-tornado_00000259,train_random,tier3
tuscaloosa-tornado_00000260,train_random,tier3
tuscaloosa-tornado_00000261,train_random,tier3
tuscaloosa-tornado_00000262,test_random,tier3
tuscaloosa-tornado_00000263,test_random,tier3
tuscaloosa-tornado_00000264,test_random,tier3
tuscaloosa-tornado_00000265,test_random,tier3
tuscaloosa-tornado_00000266,train_random,tier3
tuscaloosa-tornado_00000267,test_random,tier3
tuscaloosa-tornado_00000268,train_random,tier3
tuscaloosa-tornado_00000269,train_random,tier3
tuscaloosa-tornado_00000270,train_random,tier3
tuscaloosa-tornado_00000271,val_random,tier3
tuscaloosa-tornado_00000272,train_random,tier3
tuscaloosa-tornado_00000273,val_random,tier3
tuscaloosa-tornado_00000274,val_random,tier3
tuscaloosa-tornado_00000275,val_random,tier3
tuscaloosa-tornado_00000276,train_random,tier3
tuscaloosa-tornado_00000277,val_random,tier3
tuscaloosa-tornado_00000278,test_random,tier3
tuscaloosa-tornado_00000279,train_random,tier3
tuscaloosa-tornado_00000280,train_random,tier3
tuscaloosa-tornado_00000281,test_random,tier3
tuscaloosa-tornado_00000282,train_random,tier3
tuscaloosa-tornado_00000283,test_random,tier3
tuscaloosa-tornado_00000284,val_random,tier3
tuscaloosa-tornado_00000285,val_random,tier3
tuscaloosa-tornado_00000286,val_random,tier3
tuscaloosa-tornado_00000287,test_random,tier3
tuscaloosa-tornado_00000288,train_random,tier3
tuscaloosa-tornado_00000289,val_random,tier3
tuscaloosa-tornado_00000290,val_random,tier3
tuscaloosa-tornado_00000291,test_random,tier3
tuscaloosa-tornado_00000292,train_random,tier3
tuscaloosa-tornado_00000293,train_random,tier3
tuscaloosa-tornado_00000294,train_random,tier3
tuscaloosa-tornado_00000295,test_random,tier3
tuscaloosa-tornado_00000296,val_random,tier3
tuscaloosa-tornado_00000297,test_random,tier3
tuscaloosa-tornado_00000298,train_random,tier3
tuscaloosa-tornado_00000299,train_random,tier3
tuscaloosa-tornado_00000300,train_random,tier3
tuscaloosa-tornado_00000301,val_random,tier3
tuscaloosa-tornado_00000302,train_random,tier3
tuscaloosa-tornado_00000303,train_random,tier3
tuscaloosa-tornado_00000304,train_random,tier3
tuscaloosa-tornado_00000305,test_random,tier3
tuscaloosa-tornado_00000306,train_random,tier3
tuscaloosa-tornado_00000307,train_random,tier3
tuscaloosa-tornado_00000308,train_random,tier3
tuscaloosa-tornado_00000309,train_random,tier3
tuscaloosa-tornado_00000310,train_random,tier3
tuscaloosa-tornado_00000311,test_random,tier3
tuscaloosa-tornado_00000312,train_random,tier3
tuscaloosa-tornado_00000313,train_random,tier3
tuscaloosa-tornado_00000314,test_random,tier3
tuscaloosa-tornado_00000315,train_random,tier3
tuscaloosa-tornado_00000316,train_random,tier3
tuscaloosa-tornado_00000317,train_random,tier3
tuscaloosa-tornado_00000318,test_random,tier3
tuscaloosa-tornado_00000319,train_random,tier3
tuscaloosa-tornado_00000320,train_random,tier3
tuscaloosa-tornado_00000321,train_random,tier3
tuscaloosa-tornado_00000322,train_random,tier3
tuscaloosa-tornado_00000323,train_random,tier3
tuscaloosa-tornado_00000324,train_random,tier3
tuscaloosa-tornado_00000325,train_random,tier3
tuscaloosa-tornado_00000326,test_random,tier3
tuscaloosa-tornado_00000327,train_random,tier3
tuscaloosa-tornado_00000328,test_random,tier3
tuscaloosa-tornado_00000329,train_random,tier3
tuscaloosa-tornado_00000330,train_random,tier3
tuscaloosa-tornado_00000331,train_random,tier3
tuscaloosa-tornado_00000332,train_random,tier3
tuscaloosa-tornado_00000333,train_random,tier3
tuscaloosa-tornado_00000334,val_random,tier3
tuscaloosa-tornado_00000335,train_random,tier3
tuscaloosa-tornado_00000336,train_random,tier3
tuscaloosa-tornado_00000337,train_random,tier3
tuscaloosa-tornado_00000338,train_random,tier3
tuscaloosa-tornado_00000339,train_random,tier3
tuscaloosa-tornado_00000340,val_random,tier3
tuscaloosa-tornado_00000341,train_random,tier3
tuscaloosa-tornado_00000342,train_random,tier3
woolsey-fire_00000000,test_random,tier3
woolsey-fire_00000001,train_random,tier3
woolsey-fire_00000002,train_random,tier3
woolsey-fire_00000003,train_random,tier3
woolsey-fire_00000004,train_random,tier3
woolsey-fire_00000005,test_random,tier3
woolsey-fire_00000006,train_random,tier3
woolsey-fire_00000007,test_random,tier3
woolsey-fire_00000008,train_random,tier3
woolsey-fire_00000009,val_random,tier3
woolsey-fire_00000010,train_random,tier3
woolsey-fire_00000011,train_random,tier3
woolsey-fire_00000012,train_random,tier3
woolsey-fire_00000013,train_random,tier3
woolsey-fire_00000014,train_random,tier3
woolsey-fire_00000015,test_random,tier3
woolsey-fire_00000016,train_random,tier3
woolsey-fire_00000017,train_random,tier3
woolsey-fire_00000018,val_random,tier3
woolsey-fire_00000019,val_random,tier3
woolsey-fire_00000020,test_random,tier3
woolsey-fire_00000021,train_random,tier3
woolsey-fire_00000022,train_random,tier3
woolsey-fire_00000023,val_random,tier3
woolsey-fire_00000024,train_random,tier3
woolsey-fire_00000025,train_random,tier3
woolsey-fire_00000026,train_random,tier3
woolsey-fire_00000027,train_random,tier3
woolsey-fire_00000028,train_random,tier3
woolsey-fire_00000029,train_random,tier3
woolsey-fire_00000030,test_random,tier3
woolsey-fire_00000031,train_random,tier3
woolsey-fire_00000032,train_random,tier3
woolsey-fire_00000033,train_random,tier3
woolsey-fire_00000034,train_random,tier3
woolsey-fire_00000035,train_random,tier3
woolsey-fire_00000036,train_random,tier3
woolsey-fire_00000037,train_random,tier3
woolsey-fire_00000038,test_random,tier3
woolsey-fire_00000039,test_random,tier3
woolsey-fire_00000040,train_random,tier3
woolsey-fire_00000041,train_random,tier3
woolsey-fire_00000042,val_random,tier3
woolsey-fire_00000043,train_random,tier3
woolsey-fire_00000044,train_random,tier3
woolsey-fire_00000045,train_random,tier3
woolsey-fire_00000046,train_random,tier3
woolsey-fire_00000047,test_random,tier3
woolsey-fire_00000048,train_random,tier3
woolsey-fire_00000049,train_random,tier3
woolsey-fire_00000050,train_random,tier3
woolsey-fire_00000051,train_random,tier3
woolsey-fire_00000052,train_random,tier3
woolsey-fire_00000053,train_random,tier3
woolsey-fire_00000054,val_random,tier3
woolsey-fire_00000055,train_random,tier3
woolsey-fire_00000056,val_random,tier3
woolsey-fire_00000057,train_random,tier3
woolsey-fire_00000058,train_random,tier3
woolsey-fire_00000059,train_random,tier3
woolsey-fire_00000060,train_random,tier3
woolsey-fire_00000061,train_random,tier3
woolsey-fire_00000062,val_random,tier3
woolsey-fire_00000063,val_random,tier3
woolsey-fire_00000064,train_random,tier3
woolsey-fire_00000065,test_random,tier3
woolsey-fire_00000066,train_random,tier3
woolsey-fire_00000067,train_random,tier3
woolsey-fire_00000068,train_random,tier3
woolsey-fire_00000069,train_random,tier3
woolsey-fire_00000070,train_random,tier3
woolsey-fire_00000071,val_random,tier3
woolsey-fire_00000072,train_random,tier3
woolsey-fire_00000073,train_random,tier3
woolsey-fire_00000074,val_random,tier3
woolsey-fire_00000075,train_random,tier3
woolsey-fire_00000076,test_random,tier3
woolsey-fire_00000077,train_random,tier3
woolsey-fire_00000078,train_random,tier3
woolsey-fire_00000079,test_random,tier3
woolsey-fire_00000080,train_random,tier3
woolsey-fire_00000081,val_random,tier3
woolsey-fire_00000082,train_random,tier3
woolsey-fire_00000083,train_random,tier3
woolsey-fire_00000084,train_random,tier3
woolsey-fire_00000085,train_random,tier3
woolsey-fire_00000086,train_random,tier3
woolsey-fire_00000087,test_random,tier3
woolsey-fire_00000088,train_random,tier3
woolsey-fire_00000089,test_random,tier3
woolsey-fire_00000090,test_random,tier3
woolsey-fire_00000091,train_random,tier3
woolsey-fire_00000092,train_random,tier3
woolsey-fire_00000093,val_random,tier3
woolsey-fire_00000094,train_random,tier3
woolsey-fire_00000095,train_random,tier3
woolsey-fire_00000096,train_random,tier3
woolsey-fire_00000097,train_random,tier3
woolsey-fire_00000098,train_random,tier3
woolsey-fire_00000099,train_random,tier3
woolsey-fire_00000100,train_random,tier3
woolsey-fire_00000101,test_random,tier3
woolsey-fire_00000102,test_random,tier3
woolsey-fire_00000103,val_random,tier3
woolsey-fire_00000104,test_random,tier3
woolsey-fire_00000105,test_random,tier3
woolsey-fire_00000106,train_random,tier3
woolsey-fire_00000107,train_random,tier3
woolsey-fire_00000108,train_random,tier3
woolsey-fire_00000109,train_random,tier3
woolsey-fire_00000110,train_random,tier3
woolsey-fire_00000111,train_random,tier3
woolsey-fire_00000112,train_random,tier3
woolsey-fire_00000113,val_random,tier3
woolsey-fire_00000114,train_random,tier3
woolsey-fire_00000115,train_random,tier3
woolsey-fire_00000116,train_random,tier3
woolsey-fire_00000117,test_random,tier3
woolsey-fire_00000118,train_random,tier3
woolsey-fire_00000119,train_random,tier3
woolsey-fire_00000120,val_random,tier3
woolsey-fire_00000121,train_random,tier3
woolsey-fire_00000122,test_random,tier3
woolsey-fire_00000123,train_random,tier3
woolsey-fire_00000124,train_random,tier3
woolsey-fire_00000125,val_random,tier3
woolsey-fire_00000126,train_random,tier3
woolsey-fire_00000127,train_random,tier3
woolsey-fire_00000128,train_random,tier3
woolsey-fire_00000129,train_random,tier3
woolsey-fire_00000130,val_random,tier3
woolsey-fire_00000131,val_random,tier3
woolsey-fire_00000132,train_random,tier3
woolsey-fire_00000133,train_random,tier3
woolsey-fire_00000134,train_random,tier3
woolsey-fire_00000135,train_random,tier3
woolsey-fire_00000136,train_random,tier3
woolsey-fire_00000137,val_random,tier3
woolsey-fire_00000138,train_random,tier3
woolsey-fire_00000139,train_random,tier3
woolsey-fire_00000140,val_random,tier3
woolsey-fire_00000141,test_random,tier3
woolsey-fire_00000142,test_random,tier3
woolsey-fire_00000143,train_random,tier3
woolsey-fire_00000144,train_random,tier3
woolsey-fire_00000145,train_random,tier3
woolsey-fire_00000146,train_random,tier3
woolsey-fire_00000147,val_random,tier3
woolsey-fire_00000148,train_random,tier3
woolsey-fire_00000149,train_random,tier3
woolsey-fire_00000150,train_random,tier3
woolsey-fire_00000151,test_random,tier3
woolsey-fire_00000152,train_random,tier3
woolsey-fire_00000153,train_random,tier3
woolsey-fire_00000154,train_random,tier3
woolsey-fire_00000155,train_random,tier3
woolsey-fire_00000156,train_random,tier3
woolsey-fire_00000157,val_random,tier3
woolsey-fire_00000158,train_random,tier3
woolsey-fire_00000159,train_random,tier3
woolsey-fire_00000160,train_random,tier3
woolsey-fire_00000161,train_random,tier3
woolsey-fire_00000162,train_random,tier3
woolsey-fire_00000163,train_random,tier3
woolsey-fire_00000164,train_random,tier3
woolsey-fire_00000165,train_random,tier3
woolsey-fire_00000166,train_random,tier3
woolsey-fire_00000167,val_random,tier3
woolsey-fire_00000168,test_random,tier3
woolsey-fire_00000169,train_random,tier3
woolsey-fire_00000170,train_random,tier3
woolsey-fire_00000171,train_random,tier3
woolsey-fire_00000172,test_random,tier3
woolsey-fire_00000173,train_random,tier3
woolsey-fire_00000174,train_random,tier3
woolsey-fire_00000175,train_random,tier3
woolsey-fire_00000176,train_random,tier3
woolsey-fire_00000177,train_random,tier3
woolsey-fire_00000178,train_random,tier3
woolsey-fire_00000179,test_random,tier3
woolsey-fire_00000180,test_random,tier3
woolsey-fire_00000181,train_random,tier3
woolsey-fire_00000182,test_random,tier3
woolsey-fire_00000183,train_random,tier3
woolsey-fire_00000184,train_random,tier3
woolsey-fire_00000185,train_random,tier3
woolsey-fire_00000186,train_random,tier3
woolsey-fire_00000187,train_random,tier3
woolsey-fire_00000188,test_random,tier3
woolsey-fire_00000189,val_random,tier3
woolsey-fire_00000190,train_random,tier3
woolsey-fire_00000191,train_random,tier3
woolsey-fire_00000192,train_random,tier3
woolsey-fire_00000193,train_random,tier3
woolsey-fire_00000194,train_random,tier3
woolsey-fire_00000195,train_random,tier3
woolsey-fire_00000196,train_random,tier3
woolsey-fire_00000197,train_random,tier3
woolsey-fire_00000198,test_random,tier3
woolsey-fire_00000199,test_random,tier3
woolsey-fire_00000200,val_random,tier3
woolsey-fire_00000201,val_random,tier3
woolsey-fire_00000202,train_random,tier3
woolsey-fire_00000203,train_random,tier3
woolsey-fire_00000204,train_random,tier3
woolsey-fire_00000205,train_random,tier3
woolsey-fire_00000206,train_random,tier3
woolsey-fire_00000207,train_random,tier3
woolsey-fire_00000208,train_random,tier3
woolsey-fire_00000209,train_random,tier3
woolsey-fire_00000210,val_random,tier3
woolsey-fire_00000211,train_random,tier3
woolsey-fire_00000212,train_random,tier3
woolsey-fire_00000213,train_random,tier3
woolsey-fire_00000214,train_random,tier3
woolsey-fire_00000215,train_random,tier3
woolsey-fire_00000216,train_random,tier3
woolsey-fire_00000217,train_random,tier3
woolsey-fire_00000218,val_random,tier3
woolsey-fire_00000219,train_random,tier3
woolsey-fire_00000220,val_random,tier3
woolsey-fire_00000221,train_random,tier3
woolsey-fire_00000222,train_random,tier3
woolsey-fire_00000223,train_random,tier3
woolsey-fire_00000224,train_random,tier3
woolsey-fire_00000225,test_random,tier3
woolsey-fire_00000226,train_random,tier3
woolsey-fire_00000227,train_random,tier3
woolsey-fire_00000228,train_random,tier3
woolsey-fire_00000229,train_random,tier3
woolsey-fire_00000230,train_random,tier3
woolsey-fire_00000231,val_random,tier3
woolsey-fire_00000232,test_random,tier3
woolsey-fire_00000233,train_random,tier3
woolsey-fire_00000234,train_random,tier3
woolsey-fire_00000235,train_random,tier3
woolsey-fire_00000236,test_random,tier3
woolsey-fire_00000237,train_random,tier3
woolsey-fire_00000238,train_random,tier3
woolsey-fire_00000239,train_random,tier3
woolsey-fire_00000240,train_random,tier3
woolsey-fire_00000241,train_random,tier3
woolsey-fire_00000242,val_random,tier3
woolsey-fire_00000243,train_random,tier3
woolsey-fire_00000244,val_random,tier3
woolsey-fire_00000245,train_random,tier3
woolsey-fire_00000246,test_random,tier3
woolsey-fire_00000247,train_random,tier3
woolsey-fire_00000248,test_random,tier3
woolsey-fire_00000249,test_random,tier3
woolsey-fire_00000250,train_random,tier3
woolsey-fire_00000251,test_random,tier3
woolsey-fire_00000252,val_random,tier3
woolsey-fire_00000253,train_random,tier3
woolsey-fire_00000254,train_random,tier3
woolsey-fire_00000255,val_random,tier3
woolsey-fire_00000256,test_random,tier3
woolsey-fire_00000257,train_random,tier3
woolsey-fire_00000258,train_random,tier3
woolsey-fire_00000259,train_random,tier3
woolsey-fire_00000260,train_random,tier3
woolsey-fire_00000261,train_random,tier3
woolsey-fire_00000262,train_random,tier3
woolsey-fire_00000263,train_random,tier3
woolsey-fire_00000264,val_random,tier3
woolsey-fire_00000265,train_random,tier3
woolsey-fire_00000266,train_random,tier3
woolsey-fire_00000267,train_random,tier3
woolsey-fire_00000268,train_random,tier3
woolsey-fire_00000269,train_random,tier3
woolsey-fire_00000270,train_random,tier3
woolsey-fire_00000271,train_random,tier3
woolsey-fire_00000272,train_random,tier3
woolsey-fire_00000273,train_random,tier3
woolsey-fire_00000274,val_random,tier3
woolsey-fire_00000275,train_random,tier3
woolsey-fire_00000276,train_random,tier3
woolsey-fire_00000277,train_random,tier3
woolsey-fire_00000278,train_random,tier3
woolsey-fire_00000279,train_random,tier3
woolsey-fire_00000280,test_random,tier3
woolsey-fire_00000281,val_random,tier3
woolsey-fire_00000282,train_random,tier3
woolsey-fire_00000283,train_random,tier3
woolsey-fire_00000284,val_random,tier3
woolsey-fire_00000285,train_random,tier3
woolsey-fire_00000286,train_random,tier3
woolsey-fire_00000287,train_random,tier3
woolsey-fire_00000288,train_random,tier3
woolsey-fire_00000289,val_random,tier3
woolsey-fire_00000290,train_random,tier3
woolsey-fire_00000291,train_random,tier3
woolsey-fire_00000292,val_random,tier3
woolsey-fire_00000293,train_random,tier3
woolsey-fire_00000294,train_random,tier3
woolsey-fire_00000295,train_random,tier3
woolsey-fire_00000296,train_random,tier3
woolsey-fire_00000297,train_random,tier3
woolsey-fire_00000298,train_random,tier3
woolsey-fire_00000299,test_random,tier3
woolsey-fire_00000300,train_random,tier3
woolsey-fire_00000301,train_random,tier3
woolsey-fire_00000302,train_random,tier3
woolsey-fire_00000303,train_random,tier3
woolsey-fire_00000304,train_random,tier3
woolsey-fire_00000305,train_random,tier3
woolsey-fire_00000306,train_random,tier3
woolsey-fire_00000307,train_random,tier3
woolsey-fire_00000308,val_random,tier3
woolsey-fire_00000309,val_random,tier3
woolsey-fire_00000310,train_random,tier3
woolsey-fire_00000311,train_random,tier3
woolsey-fire_00000312,val_random,tier3
woolsey-fire_00000313,test_random,tier3
woolsey-fire_00000314,train_random,tier3
woolsey-fire_00000315,train_random,tier3
woolsey-fire_00000316,train_random,tier3
woolsey-fire_00000317,train_random,tier3
woolsey-fire_00000318,train_random,tier3
woolsey-fire_00000319,val_random,tier3
woolsey-fire_00000320,train_random,tier3
woolsey-fire_00000321,train_random,tier3
woolsey-fire_00000322,train_random,tier3
woolsey-fire_00000323,train_random,tier3
woolsey-fire_00000324,train_random,tier3
woolsey-fire_00000325,train_random,tier3
woolsey-fire_00000326,train_random,tier3
woolsey-fire_00000327,train_random,tier3
woolsey-fire_00000328,val_random,tier3
woolsey-fire_00000329,train_random,tier3
woolsey-fire_00000330,train_random,tier3
woolsey-fire_00000331,val_random,tier3
woolsey-fire_00000332,train_random,tier3
woolsey-fire_00000333,val_random,tier3
woolsey-fire_00000334,train_random,tier3
woolsey-fire_00000335,val_random,tier3
woolsey-fire_00000336,train_random,tier3
woolsey-fire_00000337,val_random,tier3
woolsey-fire_00000338,test_random,tier3
woolsey-fire_00000339,train_random,tier3
woolsey-fire_00000340,val_random,tier3
woolsey-fire_00000341,val_random,tier3
woolsey-fire_00000342,train_random,tier3
woolsey-fire_00000343,train_random,tier3
woolsey-fire_00000344,train_random,tier3
woolsey-fire_00000345,train_random,tier3
woolsey-fire_00000346,train_random,tier3
woolsey-fire_00000347,train_random,tier3
woolsey-fire_00000348,train_random,tier3
woolsey-fire_00000349,train_random,tier3
woolsey-fire_00000350,val_random,tier3
woolsey-fire_00000351,train_random,tier3
woolsey-fire_00000352,train_random,tier3
woolsey-fire_00000353,train_random,tier3
woolsey-fire_00000354,train_random,tier3
woolsey-fire_00000355,train_random,tier3
woolsey-fire_00000356,train_random,tier3
woolsey-fire_00000357,train_random,tier3
woolsey-fire_00000358,train_random,tier3
woolsey-fire_00000359,train_random,tier3
woolsey-fire_00000360,train_random,tier3
woolsey-fire_00000361,train_random,tier3
woolsey-fire_00000362,train_random,tier3
woolsey-fire_00000363,train_random,tier3
woolsey-fire_00000364,test_random,tier3
woolsey-fire_00000365,train_random,tier3
woolsey-fire_00000366,test_random,tier3
woolsey-fire_00000367,train_random,tier3
woolsey-fire_00000368,train_random,tier3
woolsey-fire_00000369,train_random,tier3
woolsey-fire_00000370,test_random,tier3
woolsey-fire_00000371,test_random,tier3
woolsey-fire_00000372,train_random,tier3
woolsey-fire_00000373,train_random,tier3
woolsey-fire_00000374,test_random,tier3
woolsey-fire_00000375,train_random,tier3
woolsey-fire_00000376,train_random,tier3
woolsey-fire_00000377,train_random,tier3
woolsey-fire_00000378,val_random,tier3
woolsey-fire_00000379,train_random,tier3
woolsey-fire_00000380,train_random,tier3
woolsey-fire_00000381,val_random,tier3
woolsey-fire_00000382,train_random,tier3
woolsey-fire_00000383,train_random,tier3
woolsey-fire_00000384,train_random,tier3
woolsey-fire_00000385,train_random,tier3
woolsey-fire_00000386,test_random,tier3
woolsey-fire_00000387,train_random,tier3
woolsey-fire_00000388,val_random,tier3
woolsey-fire_00000389,test_random,tier3
woolsey-fire_00000390,train_random,tier3
woolsey-fire_00000391,train_random,tier3
woolsey-fire_00000392,train_random,tier3
woolsey-fire_00000393,train_random,tier3
woolsey-fire_00000394,train_random,tier3
woolsey-fire_00000395,train_random,tier3
woolsey-fire_00000396,train_random,tier3
woolsey-fire_00000397,train_random,tier3
woolsey-fire_00000398,test_random,tier3
woolsey-fire_00000399,val_random,tier3
woolsey-fire_00000400,val_random,tier3
woolsey-fire_00000401,train_random,tier3
woolsey-fire_00000402,train_random,tier3
woolsey-fire_00000403,train_random,tier3
woolsey-fire_00000404,train_random,tier3
woolsey-fire_00000405,val_random,tier3
woolsey-fire_00000406,train_random,tier3
woolsey-fire_00000407,train_random,tier3
woolsey-fire_00000408,train_random,tier3
woolsey-fire_00000409,test_random,tier3
woolsey-fire_00000410,train_random,tier3
woolsey-fire_00000411,val_random,tier3
woolsey-fire_00000412,train_random,tier3
woolsey-fire_00000413,val_random,tier3
woolsey-fire_00000414,test_random,tier3
woolsey-fire_00000415,test_random,tier3
woolsey-fire_00000416,train_random,tier3
woolsey-fire_00000417,train_random,tier3
woolsey-fire_00000418,train_random,tier3
woolsey-fire_00000419,test_random,tier3
woolsey-fire_00000420,test_random,tier3
woolsey-fire_00000421,train_random,tier3
woolsey-fire_00000422,val_random,tier3
woolsey-fire_00000423,train_random,tier3
woolsey-fire_00000424,test_random,tier3
woolsey-fire_00000425,test_random,tier3
woolsey-fire_00000426,train_random,tier3
woolsey-fire_00000427,train_random,tier3
woolsey-fire_00000428,train_random,tier3
woolsey-fire_00000429,train_random,tier3
woolsey-fire_00000430,val_random,tier3
woolsey-fire_00000431,test_random,tier3
woolsey-fire_00000432,train_random,tier3
woolsey-fire_00000433,train_random,tier3
woolsey-fire_00000434,train_random,tier3
woolsey-fire_00000435,test_random,tier3
woolsey-fire_00000436,train_random,tier3
woolsey-fire_00000437,test_random,tier3
woolsey-fire_00000438,train_random,tier3
woolsey-fire_00000439,train_random,tier3
woolsey-fire_00000440,test_random,tier3
woolsey-fire_00000441,train_random,tier3
woolsey-fire_00000442,train_random,tier3
woolsey-fire_00000443,test_random,tier3
woolsey-fire_00000444,val_random,tier3
woolsey-fire_00000445,train_random,tier3
woolsey-fire_00000446,train_random,tier3
woolsey-fire_00000447,val_random,tier3
woolsey-fire_00000448,train_random,tier3
woolsey-fire_00000449,train_random,tier3
woolsey-fire_00000450,train_random,tier3
woolsey-fire_00000451,test_random,tier3
woolsey-fire_00000452,test_random,tier3
woolsey-fire_00000453,train_random,tier3
woolsey-fire_00000454,train_random,tier3
woolsey-fire_00000455,val_random,tier3
woolsey-fire_00000456,train_random,tier3
woolsey-fire_00000457,train_random,tier3
woolsey-fire_00000458,train_random,tier3
woolsey-fire_00000459,train_random,tier3
woolsey-fire_00000460,train_random,tier3
woolsey-fire_00000461,train_random,tier3
woolsey-fire_00000462,train_random,tier3
woolsey-fire_00000463,test_random,tier3
woolsey-fire_00000464,train_random,tier3
woolsey-fire_00000465,train_random,tier3
woolsey-fire_00000466,train_random,tier3
woolsey-fire_00000467,train_random,tier3
woolsey-fire_00000468,test_random,tier3
woolsey-fire_00000469,train_random,tier3
woolsey-fire_00000470,train_random,tier3
woolsey-fire_00000471,train_random,tier3
woolsey-fire_00000472,val_random,tier3
woolsey-fire_00000473,val_random,tier3
woolsey-fire_00000474,train_random,tier3
woolsey-fire_00000475,train_random,tier3
woolsey-fire_00000476,train_random,tier3
woolsey-fire_00000477,train_random,tier3
woolsey-fire_00000478,train_random,tier3
woolsey-fire_00000479,test_random,tier3
woolsey-fire_00000480,train_random,tier3
woolsey-fire_00000481,train_random,tier3
woolsey-fire_00000482,test_random,tier3
woolsey-fire_00000483,train_random,tier3
woolsey-fire_00000484,train_random,tier3
woolsey-fire_00000485,train_random,tier3
woolsey-fire_00000486,train_random,tier3
woolsey-fire_00000487,train_random,tier3
woolsey-fire_00000488,test_random,tier3
woolsey-fire_00000489,train_random,tier3
woolsey-fire_00000490,test_random,tier3
woolsey-fire_00000491,train_random,tier3
woolsey-fire_00000492,val_random,tier3
woolsey-fire_00000493,val_random,tier3
woolsey-fire_00000494,val_random,tier3
woolsey-fire_00000495,train_random,tier3
woolsey-fire_00000496,train_random,tier3
woolsey-fire_00000497,train_random,tier3
woolsey-fire_00000498,train_random,tier3
woolsey-fire_00000499,val_random,tier3
woolsey-fire_00000500,train_random,tier3
woolsey-fire_00000501,test_random,tier3
woolsey-fire_00000502,val_random,tier3
woolsey-fire_00000503,train_random,tier3
woolsey-fire_00000504,test_random,tier3
woolsey-fire_00000505,train_random,tier3
woolsey-fire_00000506,train_random,tier3
woolsey-fire_00000507,test_random,tier3
woolsey-fire_00000508,train_random,tier3
woolsey-fire_00000509,val_random,tier3
woolsey-fire_00000510,train_random,tier3
woolsey-fire_00000511,train_random,tier3
woolsey-fire_00000512,test_random,tier3
woolsey-fire_00000513,train_random,tier3
woolsey-fire_00000514,val_random,tier3
woolsey-fire_00000515,test_random,tier3
woolsey-fire_00000516,train_random,tier3
woolsey-fire_00000517,train_random,tier3
woolsey-fire_00000518,train_random,tier3
woolsey-fire_00000519,train_random,tier3
woolsey-fire_00000520,train_random,tier3
woolsey-fire_00000521,train_random,tier3
woolsey-fire_00000522,val_random,tier3
woolsey-fire_00000523,train_random,tier3
woolsey-fire_00000524,train_random,tier3
woolsey-fire_00000525,train_random,tier3
woolsey-fire_00000526,train_random,tier3
woolsey-fire_00000527,train_random,tier3
woolsey-fire_00000528,train_random,tier3
woolsey-fire_00000529,val_random,tier3
woolsey-fire_00000530,train_random,tier3
woolsey-fire_00000531,train_random,tier3
woolsey-fire_00000532,train_random,tier3
woolsey-fire_00000533,train_random,tier3
woolsey-fire_00000534,train_random,tier3
woolsey-fire_00000535,test_random,tier3
woolsey-fire_00000536,val_random,tier3
woolsey-fire_00000537,train_random,tier3
woolsey-fire_00000538,train_random,tier3
woolsey-fire_00000539,train_random,tier3
woolsey-fire_00000540,train_random,tier3
woolsey-fire_00000541,train_random,tier3
woolsey-fire_00000542,val_random,tier3
woolsey-fire_00000543,train_random,tier3
woolsey-fire_00000544,test_random,tier3
woolsey-fire_00000545,train_random,tier3
woolsey-fire_00000546,train_random,tier3
woolsey-fire_00000547,val_random,tier3
woolsey-fire_00000548,val_random,tier3
woolsey-fire_00000549,test_random,tier3
woolsey-fire_00000550,train_random,tier3
woolsey-fire_00000551,train_random,tier3
woolsey-fire_00000552,test_random,tier3
woolsey-fire_00000553,train_random,tier3
woolsey-fire_00000554,val_random,tier3
woolsey-fire_00000555,train_random,tier3
woolsey-fire_00000556,train_random,tier3
woolsey-fire_00000557,train_random,tier3
woolsey-fire_00000558,test_random,tier3
woolsey-fire_00000559,train_random,tier3
woolsey-fire_00000560,train_random,tier3
woolsey-fire_00000561,train_random,tier3
woolsey-fire_00000562,train_random,tier3
woolsey-fire_00000563,train_random,tier3
woolsey-fire_00000564,train_random,tier3
woolsey-fire_00000565,train_random,tier3
woolsey-fire_00000566,test_random,tier3
woolsey-fire_00000567,val_random,tier3
woolsey-fire_00000568,train_random,tier3
woolsey-fire_00000569,train_random,tier3
woolsey-fire_00000570,train_random,tier3
woolsey-fire_00000571,train_random,tier3
woolsey-fire_00000572,train_random,tier3
woolsey-fire_00000573,val_random,tier3
woolsey-fire_00000574,train_random,tier3
woolsey-fire_00000575,train_random,tier3
woolsey-fire_00000576,train_random,tier3
woolsey-fire_00000577,train_random,tier3
woolsey-fire_00000578,train_random,tier3
woolsey-fire_00000579,train_random,tier3
woolsey-fire_00000580,test_random,tier3
woolsey-fire_00000581,val_random,tier3
woolsey-fire_00000582,train_random,tier3
woolsey-fire_00000583,val_random,tier3
woolsey-fire_00000584,train_random,tier3
woolsey-fire_00000585,train_random,tier3
woolsey-fire_00000586,train_random,tier3
woolsey-fire_00000587,train_random,tier3
woolsey-fire_00000588,train_random,tier3
woolsey-fire_00000589,train_random,tier3
woolsey-fire_00000590,test_random,tier3
woolsey-fire_00000591,train_random,tier3
woolsey-fire_00000592,test_random,tier3
woolsey-fire_00000593,test_random,tier3
woolsey-fire_00000594,train_random,tier3
woolsey-fire_00000595,test_random,tier3
woolsey-fire_00000596,train_random,tier3
woolsey-fire_00000597,train_random,tier3
woolsey-fire_00000598,train_random,tier3
woolsey-fire_00000599,train_random,tier3
woolsey-fire_00000600,train_random,tier3
woolsey-fire_00000601,train_random,tier3
woolsey-fire_00000602,train_random,tier3
woolsey-fire_00000603,train_random,tier3
woolsey-fire_00000604,train_random,tier3
woolsey-fire_00000605,train_random,tier3
woolsey-fire_00000606,train_random,tier3
woolsey-fire_00000607,val_random,tier3
woolsey-fire_00000608,train_random,tier3
woolsey-fire_00000609,test_random,tier3
woolsey-fire_00000610,train_random,tier3
woolsey-fire_00000611,train_random,tier3
woolsey-fire_00000612,val_random,tier3
woolsey-fire_00000613,train_random,tier3
woolsey-fire_00000614,train_random,tier3
woolsey-fire_00000615,train_random,tier3
woolsey-fire_00000616,train_random,tier3
woolsey-fire_00000617,train_random,tier3
woolsey-fire_00000618,test_random,tier3
woolsey-fire_00000619,train_random,tier3
woolsey-fire_00000620,train_random,tier3
woolsey-fire_00000621,train_random,tier3
woolsey-fire_00000622,train_random,tier3
woolsey-fire_00000623,train_random,tier3
woolsey-fire_00000624,test_random,tier3
woolsey-fire_00000625,train_random,tier3
woolsey-fire_00000626,test_random,tier3
woolsey-fire_00000627,train_random,tier3
woolsey-fire_00000628,train_random,tier3
woolsey-fire_00000629,train_random,tier3
woolsey-fire_00000630,test_random,tier3
woolsey-fire_00000631,train_random,tier3
woolsey-fire_00000632,val_random,tier3
woolsey-fire_00000633,train_random,tier3
woolsey-fire_00000634,train_random,tier3
woolsey-fire_00000635,train_random,tier3
woolsey-fire_00000636,test_random,tier3
woolsey-fire_00000637,test_random,tier3
woolsey-fire_00000638,train_random,tier3
woolsey-fire_00000639,val_random,tier3
woolsey-fire_00000640,train_random,tier3
woolsey-fire_00000641,train_random,tier3
woolsey-fire_00000642,train_random,tier3
woolsey-fire_00000643,train_random,tier3
woolsey-fire_00000644,train_random,tier3
woolsey-fire_00000645,train_random,tier3
woolsey-fire_00000646,train_random,tier3
woolsey-fire_00000647,train_random,tier3
woolsey-fire_00000648,train_random,tier3
woolsey-fire_00000649,train_random,tier3
woolsey-fire_00000650,test_random,tier3
woolsey-fire_00000651,train_random,tier3
woolsey-fire_00000652,train_random,tier3
woolsey-fire_00000653,train_random,tier3
woolsey-fire_00000654,train_random,tier3
woolsey-fire_00000655,train_random,tier3
woolsey-fire_00000656,train_random,tier3
woolsey-fire_00000657,test_random,tier3
woolsey-fire_00000658,train_random,tier3
woolsey-fire_00000659,test_random,tier3
woolsey-fire_00000660,val_random,tier3
woolsey-fire_00000661,val_random,tier3
woolsey-fire_00000662,train_random,tier3
woolsey-fire_00000663,train_random,tier3
woolsey-fire_00000664,train_random,tier3
woolsey-fire_00000665,train_random,tier3
woolsey-fire_00000666,train_random,tier3
woolsey-fire_00000667,train_random,tier3
woolsey-fire_00000668,test_random,tier3
woolsey-fire_00000669,val_random,tier3
woolsey-fire_00000670,train_random,tier3
woolsey-fire_00000671,train_random,tier3
woolsey-fire_00000672,test_random,tier3
woolsey-fire_00000673,train_random,tier3
woolsey-fire_00000674,train_random,tier3
woolsey-fire_00000675,val_random,tier3
woolsey-fire_00000676,test_random,tier3
woolsey-fire_00000677,train_random,tier3
woolsey-fire_00000678,val_random,tier3
woolsey-fire_00000679,train_random,tier3
woolsey-fire_00000680,val_random,tier3
woolsey-fire_00000681,val_random,tier3
woolsey-fire_00000682,train_random,tier3
woolsey-fire_00000683,train_random,tier3
woolsey-fire_00000684,train_random,tier3
woolsey-fire_00000685,train_random,tier3
woolsey-fire_00000686,val_random,tier3
woolsey-fire_00000687,train_random,tier3
woolsey-fire_00000688,train_random,tier3
woolsey-fire_00000689,train_random,tier3
woolsey-fire_00000690,test_random,tier3
woolsey-fire_00000691,train_random,tier3
woolsey-fire_00000692,train_random,tier3
woolsey-fire_00000693,val_random,tier3
woolsey-fire_00000694,val_random,tier3
woolsey-fire_00000695,train_random,tier3
woolsey-fire_00000696,train_random,tier3
woolsey-fire_00000697,test_random,tier3
woolsey-fire_00000698,train_random,tier3
woolsey-fire_00000699,train_random,tier3
woolsey-fire_00000700,train_random,tier3
woolsey-fire_00000701,train_random,tier3
woolsey-fire_00000702,train_random,tier3
woolsey-fire_00000703,train_random,tier3
woolsey-fire_00000704,train_random,tier3
woolsey-fire_00000705,train_random,tier3
woolsey-fire_00000706,train_random,tier3
woolsey-fire_00000707,train_random,tier3
woolsey-fire_00000708,val_random,tier3
woolsey-fire_00000709,train_random,tier3
woolsey-fire_00000710,train_random,tier3
woolsey-fire_00000711,train_random,tier3
woolsey-fire_00000712,train_random,tier3
woolsey-fire_00000713,test_random,tier3
woolsey-fire_00000714,train_random,tier3
woolsey-fire_00000715,train_random,tier3
woolsey-fire_00000716,test_random,tier3
woolsey-fire_00000717,train_random,tier3
woolsey-fire_00000718,test_random,tier3
woolsey-fire_00000719,train_random,tier3
woolsey-fire_00000720,train_random,tier3
woolsey-fire_00000721,train_random,tier3
woolsey-fire_00000722,train_random,tier3
woolsey-fire_00000723,train_random,tier3
woolsey-fire_00000724,val_random,tier3
woolsey-fire_00000725,train_random,tier3
woolsey-fire_00000726,val_random,tier3
woolsey-fire_00000727,train_random,tier3
woolsey-fire_00000728,train_random,tier3
woolsey-fire_00000729,val_random,tier3
woolsey-fire_00000730,val_random,tier3
woolsey-fire_00000731,train_random,tier3
woolsey-fire_00000732,test_random,tier3
woolsey-fire_00000733,train_random,tier3
woolsey-fire_00000734,train_random,tier3
woolsey-fire_00000735,train_random,tier3
woolsey-fire_00000736,train_random,tier3
woolsey-fire_00000737,train_random,tier3
woolsey-fire_00000738,train_random,tier3
woolsey-fire_00000739,train_random,tier3
woolsey-fire_00000740,train_random,tier3
woolsey-fire_00000741,train_random,tier3
woolsey-fire_00000742,train_random,tier3
woolsey-fire_00000743,train_random,tier3
woolsey-fire_00000744,val_random,tier3
woolsey-fire_00000745,train_random,tier3
woolsey-fire_00000746,train_random,tier3
woolsey-fire_00000747,train_random,tier3
woolsey-fire_00000748,test_random,tier3
woolsey-fire_00000749,test_random,tier3
woolsey-fire_00000750,train_random,tier3
woolsey-fire_00000751,train_random,tier3
woolsey-fire_00000752,train_random,tier3
woolsey-fire_00000753,val_random,tier3
woolsey-fire_00000754,train_random,tier3
woolsey-fire_00000755,train_random,tier3
woolsey-fire_00000756,test_random,tier3
woolsey-fire_00000757,train_random,tier3
woolsey-fire_00000758,train_random,tier3
woolsey-fire_00000759,train_random,tier3
woolsey-fire_00000760,train_random,tier3
woolsey-fire_00000761,train_random,tier3
woolsey-fire_00000762,train_random,tier3
woolsey-fire_00000763,train_random,tier3
woolsey-fire_00000764,train_random,tier3
woolsey-fire_00000765,val_random,tier3
woolsey-fire_00000766,train_random,tier3
woolsey-fire_00000767,train_random,tier3
woolsey-fire_00000768,train_random,tier3
woolsey-fire_00000769,train_random,tier3
woolsey-fire_00000770,train_random,tier3
woolsey-fire_00000771,test_random,tier3
woolsey-fire_00000772,val_random,tier3
woolsey-fire_00000773,train_random,tier3
woolsey-fire_00000774,test_random,tier3
woolsey-fire_00000775,train_random,tier3
woolsey-fire_00000776,train_random,tier3
woolsey-fire_00000777,train_random,tier3
woolsey-fire_00000778,train_random,tier3
woolsey-fire_00000779,val_random,tier3
woolsey-fire_00000780,val_random,tier3
woolsey-fire_00000781,train_random,tier3
woolsey-fire_00000782,test_random,tier3
woolsey-fire_00000783,train_random,tier3
woolsey-fire_00000784,train_random,tier3
woolsey-fire_00000785,train_random,tier3
woolsey-fire_00000786,test_random,tier3
woolsey-fire_00000787,train_random,tier3
woolsey-fire_00000788,val_random,tier3
woolsey-fire_00000789,train_random,tier3
woolsey-fire_00000790,train_random,tier3
woolsey-fire_00000791,train_random,tier3
woolsey-fire_00000792,val_random,tier3
woolsey-fire_00000793,train_random,tier3
woolsey-fire_00000794,train_random,tier3
woolsey-fire_00000795,train_random,tier3
woolsey-fire_00000796,test_random,tier3
woolsey-fire_00000797,train_random,tier3
woolsey-fire_00000798,train_random,tier3
woolsey-fire_00000799,train_random,tier3
woolsey-fire_00000800,test_random,tier3
woolsey-fire_00000801,test_random,tier3
woolsey-fire_00000802,train_random,tier3
woolsey-fire_00000803,train_random,tier3
woolsey-fire_00000804,train_random,tier3
woolsey-fire_00000805,train_random,tier3
woolsey-fire_00000806,train_random,tier3
woolsey-fire_00000807,test_random,tier3
woolsey-fire_00000808,train_random,tier3
woolsey-fire_00000809,train_random,tier3
woolsey-fire_00000810,train_random,tier3
woolsey-fire_00000811,train_random,tier3
woolsey-fire_00000812,train_random,tier3
woolsey-fire_00000813,train_random,tier3
woolsey-fire_00000814,train_random,tier3
woolsey-fire_00000815,train_random,tier3
woolsey-fire_00000816,train_random,tier3
woolsey-fire_00000817,train_random,tier3
woolsey-fire_00000818,train_random,tier3
woolsey-fire_00000819,train_random,tier3
woolsey-fire_00000820,val_random,tier3
woolsey-fire_00000821,val_random,tier3
woolsey-fire_00000822,train_random,tier3
woolsey-fire_00000823,train_random,tier3
woolsey-fire_00000824,train_random,tier3
woolsey-fire_00000825,train_random,tier3
woolsey-fire_00000826,test_random,tier3
woolsey-fire_00000827,train_random,tier3
woolsey-fire_00000828,train_random,tier3
woolsey-fire_00000829,train_random,tier3
woolsey-fire_00000830,train_random,tier3
woolsey-fire_00000831,test_random,tier3
woolsey-fire_00000832,train_random,tier3
woolsey-fire_00000833,val_random,tier3
woolsey-fire_00000834,test_random,tier3
woolsey-fire_00000835,val_random,tier3
woolsey-fire_00000836,test_random,tier3
woolsey-fire_00000837,val_random,tier3
woolsey-fire_00000838,train_random,tier3
woolsey-fire_00000839,test_random,tier3
woolsey-fire_00000840,train_random,tier3
woolsey-fire_00000841,train_random,tier3
woolsey-fire_00000842,val_random,tier3
woolsey-fire_00000843,val_random,tier3
woolsey-fire_00000844,train_random,tier3
woolsey-fire_00000845,train_random,tier3
woolsey-fire_00000846,train_random,tier3
woolsey-fire_00000847,train_random,tier3
woolsey-fire_00000848,train_random,tier3
woolsey-fire_00000849,val_random,tier3
woolsey-fire_00000850,train_random,tier3
woolsey-fire_00000851,val_random,tier3
woolsey-fire_00000852,train_random,tier3
woolsey-fire_00000853,val_random,tier3
woolsey-fire_00000854,train_random,tier3
woolsey-fire_00000855,test_random,tier3
woolsey-fire_00000856,train_random,tier3
woolsey-fire_00000857,train_random,tier3
woolsey-fire_00000858,val_random,tier3
woolsey-fire_00000859,val_random,tier3
woolsey-fire_00000860,test_random,tier3
woolsey-fire_00000861,test_random,tier3
woolsey-fire_00000862,test_random,tier3
woolsey-fire_00000863,val_random,tier3
woolsey-fire_00000864,train_random,tier3
woolsey-fire_00000865,train_random,tier3
woolsey-fire_00000866,train_random,tier3
woolsey-fire_00000867,train_random,tier3
woolsey-fire_00000868,val_random,tier3
woolsey-fire_00000869,train_random,tier3
woolsey-fire_00000870,train_random,tier3
woolsey-fire_00000871,train_random,tier3
woolsey-fire_00000872,test_random,tier3
woolsey-fire_00000873,train_random,tier3
woolsey-fire_00000874,train_random,tier3
woolsey-fire_00000875,train_random,tier3
woolsey-fire_00000876,train_random,tier3
woolsey-fire_00000877,train_random,tier3
